date,game_id,matchup,player_id,player,team,opp,pos,market,line,over,under,no_vig_over,model_exp,model_p_over,pick,pick_price,pick_edge,pick_ev_per_100,model_p_over_first,pick_first,line_slot,pp_unit,lineup_status,odds_fetched,first_logged,last_updated,model_version,result,outcome,profit_per_100
2026-09-30,2026020006,PIT @ PHI,8477989,Christian Dvorak,PHI,PIT,C,points,0.5,135,-185,0.396,0.67,0.4881,Over,135,0.0626,14.7,0.4881,Over,2,,,2026-09-30T15:08:58.250848-04:00,2026-09-30 15:32,2026-09-30 17:17,2026-10-01,0,loss,-100
2026-09-30,2026020006,PIT @ PHI,8474578,Erik Karlsson,PIT,PHI,D,points,0.5,-140,105,0.5446,0.684,0.4954,Under,105,0.0168,3.5,0.4954,Under,1,1,,2026-09-30T15:08:58.250848-04:00,2026-09-30 15:32,2026-09-30 17:17,2026-10-01,1,loss,-100
2026-09-30,2026020006,PIT @ PHI,8471215,Evgeni Malkin,PIT,PHI,C,points,0.5,-125,-110,0.5147,0.744,0.525,Over,-125,-0.0306,-5.5,0.525,Over,2,2,,2026-09-30T15:08:58.250848-04:00,2026-09-30 15:32,2026-09-30 17:17,2026-10-01,1,win,80.0
2026-09-30,2026020006,PIT @ PHI,8482142,Jamie Drysdale,PHI,PIT,D,points,0.5,105,-160,0.4422,0.5,0.3934,Under,-160,-0.0088,-1.4,0.3934,Under,2,1,,2026-09-30T15:08:58.250848-04:00,2026-09-30 15:32,2026-09-30 17:17,2026-10-01,0,win,62.5
2026-09-30,2026020006,PIT @ PHI,8471724,Kris Letang,PIT,PHI,D,points,0.5,240,-325,0.2778,0.364,0.3053,Over,240,0.0112,3.8,0.3053,Over,2,2,,2026-09-30T15:08:58.250848-04:00,2026-09-30 15:32,2026-09-30 17:17,2026-10-01,1,win,240.0
2026-09-30,2026020006,PIT @ PHI,8484387,Matvei Michkov,PHI,PIT,R,points,0.5,105,-140,0.4554,0.702,0.5043,Over,105,0.0165,3.4,0.5043,Over,3,1,,2026-09-30T15:08:58.250848-04:00,2026-09-30 15:32,2026-09-30 17:17,2026-10-01,0,loss,-100
2026-09-30,2026020006,PIT @ PHI,8480015,Owen Tippett,PHI,PIT,R,points,0.5,105,-140,0.4554,0.724,0.5152,Over,105,0.0274,5.6,0.5152,Over,1,2,,2026-09-30T15:08:58.250848-04:00,2026-09-30 15:32,2026-09-30 17:17,2026-10-01,0,loss,-100
2026-09-30,2026020006,PIT @ PHI,8485406,Porter Martone,PHI,PIT,R,points,0.5,-130,100,0.5306,0.918,0.6006,Over,-130,0.0354,6.3,0.6006,Over,1,1,,2026-09-30T15:08:58.250848-04:00,2026-09-30 15:32,2026-09-30 17:17,2026-10-01,0,loss,-100
2026-09-30,2026020006,PIT @ PHI,8476483,Rickard Rakell,PIT,PHI,R,points,0.5,-130,100,0.5306,0.767,0.5358,Over,-130,-0.0294,-5.2,0.5358,Over,1,1,,2026-09-30T15:08:58.250848-04:00,2026-09-30 15:32,2026-09-30 17:17,2026-10-01,1,win,76.9
2026-09-30,2026020006,PIT @ PHI,8471675,Sidney Crosby,PIT,PHI,C,points,0.5,-220,160,0.6413,0.875,0.5829,Under,160,0.0325,8.4,0.5829,Under,1,1,,2026-09-30T15:08:58.250848-04:00,2026-09-30 15:32,2026-09-30 17:17,2026-10-01,1,loss,-100
2026-09-30,2026020006,PIT @ PHI,8478438,Tommy Novak,PIT,PHI,C,points,0.5,115,-150,0.4367,0.573,0.4363,Under,-150,-0.0363,-6.0,0.4363,Under,,,,2026-09-30T15:08:58.250848-04:00,2026-10-01 11:22,2026-10-01 11:22,2026-10-01,1,loss,-100
2026-09-30,2026020006,PIT @ PHI,8478439,Travis Konecny,PHI,PIT,R,points,0.5,-125,-105,0.5203,0.798,0.5496,Over,-125,-0.0059,-1.1,0.5496,Over,2,2,,2026-09-30T15:08:58.250848-04:00,2026-09-30 15:32,2026-09-30 17:17,2026-10-01,0,loss,-100
2026-09-30,2026020006,PIT @ PHI,8481533,Trevor Zegras,PHI,PIT,C,points,0.5,-165,125,0.5835,0.86,0.5767,Under,125,-0.0211,-4.8,0.5767,Under,1,1,,2026-09-30T15:08:58.250848-04:00,2026-09-30 15:32,2026-09-30 17:17,2026-10-01,0,win,125.0
2026-09-30,2026020006,PIT @ PHI,8482159,Tyson Foerster,PHI,PIT,R,points,0.5,105,-140,0.4554,0.719,0.5129,Over,105,0.0251,5.1,0.5129,Over,2,1,,2026-09-30T15:08:58.250848-04:00,2026-09-30 15:32,2026-09-30 17:17,2026-10-01,0,loss,-100
2026-09-30,2026020006,PIT @ PHI,8474578,Erik Karlsson,PIT,PHI,D,shots,2.5,145,-195,0.3818,2.176,0.3708,Under,-195,-0.0318,-4.8,0.3708,Under,1,1,,2026-09-30T15:08:58.250848-04:00,2026-09-30 15:32,2026-09-30 17:17,2026-10-01,3,loss,-100
2026-09-30,2026020006,PIT @ PHI,8471215,Evgeni Malkin,PIT,PHI,C,shots,1.5,-145,110,0.5541,1.945,0.5788,Over,-145,-0.013,-2.2,0.5788,Over,2,2,,2026-09-30T15:08:58.250848-04:00,2026-09-30 15:32,2026-09-30 17:17,2026-10-01,2,win,69.0
2026-09-30,2026020006,PIT @ PHI,8482142,Jamie Drysdale,PHI,PIT,D,shots,1.5,-140,-130,0.5079,1.367,0.3965,Under,-130,0.0382,6.8,0.3965,Under,2,1,,2026-09-30T15:08:58.250848-04:00,2026-09-30 15:32,2026-09-30 17:17,2026-10-01,0,win,76.9
2026-09-30,2026020006,PIT @ PHI,8484387,Matvei Michkov,PHI,PIT,R,shots,1.5,-135,100,0.5347,2.054,0.6084,Over,-135,0.0339,5.9,0.6084,Over,3,1,,2026-09-30T15:08:58.250848-04:00,2026-09-30 15:32,2026-09-30 17:17,2026-10-01,1,loss,-100
2026-09-30,2026020006,PIT @ PHI,8480015,Owen Tippett,PHI,PIT,R,shots,2.5,100,-150,0.4545,2.563,0.4722,Over,100,-0.0278,-5.6,0.4722,Over,1,2,,2026-09-30T15:08:58.250848-04:00,2026-09-30 15:32,2026-09-30 17:17,2026-10-01,4,win,100.0
2026-09-30,2026020006,PIT @ PHI,8485406,Porter Martone,PHI,PIT,R,shots,2.5,-120,-145,0.4796,2.692,0.5044,Over,-120,-0.041,-7.5,0.5044,Over,1,1,,2026-09-30T15:08:58.250848-04:00,2026-09-30 15:32,2026-09-30 17:17,2026-10-01,0,loss,-100
2026-09-30,2026020006,PIT @ PHI,8476483,Rickard Rakell,PIT,PHI,R,shots,2.5,125,-165,0.4165,2.354,0.4181,Over,125,-0.0263,-5.9,0.4181,Over,1,1,,2026-09-30T15:08:58.250848-04:00,2026-09-30 15:32,2026-09-30 17:17,2026-10-01,2,loss,-100
2026-09-30,2026020006,PIT @ PHI,8471675,Sidney Crosby,PIT,PHI,C,shots,2.5,130,-175,0.4059,2.135,0.3597,Under,-175,0.004,0.6,0.3597,Under,1,1,,2026-09-30T15:08:58.250848-04:00,2026-09-30 15:32,2026-09-30 17:17,2026-10-01,3,loss,-100
2026-09-30,2026020006,PIT @ PHI,8478438,Tommy Novak,PIT,PHI,C,shots,1.5,-150,115,0.5633,1.679,0.5001,Under,115,0.0347,7.5,0.5001,Under,,,,2026-09-30T15:08:58.250848-04:00,2026-10-01 11:22,2026-10-01 11:22,2026-10-01,0,win,115.0
2026-09-30,2026020006,PIT @ PHI,8478439,Travis Konecny,PHI,PIT,R,shots,1.5,-160,120,0.5752,1.886,0.5624,Under,120,-0.0169,-3.7,0.5624,Under,2,2,,2026-09-30T15:08:58.250848-04:00,2026-09-30 15:32,2026-09-30 17:17,2026-10-01,2,loss,-100
2026-09-30,2026020006,PIT @ PHI,8481533,Trevor Zegras,PHI,PIT,C,shots,1.5,-145,110,0.5541,2.121,0.6257,Over,-145,0.0339,5.7,0.6257,Over,1,1,,2026-09-30T15:08:58.250848-04:00,2026-09-30 15:32,2026-09-30 17:17,2026-10-01,1,loss,-100
2026-09-30,2026020006,PIT @ PHI,8482159,Tyson Foerster,PHI,PIT,R,shots,1.5,-145,110,0.5541,2.027,0.6014,Over,-145,0.0095,1.6,0.6014,Over,2,1,,2026-09-30T15:08:58.250848-04:00,2026-09-30 15:32,2026-09-30 17:17,2026-10-01,1,loss,-100
2026-09-30,2026020007,LAK @ COL,8477960,Adrian Kempe,LAK,COL,R,points,0.5,-130,-105,0.5246,0.859,0.5766,Over,-130,0.0114,2.0,0.5766,Over,1,1,,2026-09-30T15:08:58.250848-04:00,2026-09-30 15:32,2026-09-30 20:27,2026-10-01,0,loss,-100
2026-09-30,2026020007,LAK @ COL,8482155,Alex Laferriere,LAK,COL,R,points,0.5,125,-165,0.4165,0.639,0.4722,Over,125,0.0278,6.3,0.4722,Over,2,2,,2026-09-30T15:08:58.250848-04:00,2026-09-30 15:32,2026-09-30 20:27,2026-10-01,2,win,125.0
2026-09-30,2026020007,LAK @ COL,8478550,Artemi Panarin,LAK,COL,L,points,0.5,-195,145,0.6182,0.947,0.6119,Under,145,-0.0201,-4.9,0.6119,Under,1,1,,2026-09-30T15:08:58.250848-04:00,2026-09-30 15:32,2026-09-30 20:27,2026-10-01,1,loss,-100
2026-09-30,2026020007,LAK @ COL,8477476,Artturi Lehkonen,COL,LAK,L,points,0.5,-115,-140,0.4783,0.736,0.5207,Over,-115,-0.0141,-2.6,0.5207,Over,1,2,,2026-09-30T15:08:58.250848-04:00,2026-09-30 15:32,2026-09-30 20:27,2026-10-01,2,win,87.0
2026-09-30,2026020007,LAK @ COL,8482730,Brandt Clarke,LAK,COL,D,points,0.5,120,-160,0.4248,0.474,0.3773,Under,-160,0.0073,1.2,0.3773,Under,2,1,,2026-09-30T15:08:58.250848-04:00,2026-09-30 15:32,2026-09-30 20:27,2026-10-01,0,win,62.5
2026-09-30,2026020007,LAK @ COL,8475754,Brock Nelson,COL,LAK,C,points,0.5,-105,-125,0.4797,0.747,0.5263,Over,-105,0.0141,2.7,0.5263,Over,2,2,,2026-09-30T15:08:58.250848-04:00,2026-09-30 15:32,2026-09-30 20:27,2026-10-01,3,win,95.2
2026-09-30,2026020007,LAK @ COL,8480069,Cale Makar,COL,LAK,D,points,0.5,-220,160,0.6413,0.902,0.5941,Under,160,0.0213,5.5,0.5941,Under,1,1,,2026-09-30T15:08:58.250848-04:00,2026-09-30 15:32,2026-09-30 20:27,2026-10-01,2,loss,-100
2026-09-30,2026020007,LAK @ COL,8478038,Devon Toews,COL,LAK,D,points,0.5,130,-175,0.4059,0.568,0.4331,Over,130,-0.0017,-0.4,0.4331,Over,1,2,,2026-09-30T15:08:58.250848-04:00,2026-09-30 15:32,2026-09-30 20:27,2026-10-01,2,win,130.0
2026-09-30,2026020007,LAK @ COL,8476455,Gabriel Landeskog,COL,LAK,L,points,0.5,-120,-110,0.5101,0.703,0.5048,Under,-110,-0.0286,-5.5,0.5048,Under,2,1,,2026-09-30T15:08:58.250848-04:00,2026-09-30 15:32,2026-09-30 20:27,2026-10-01,1,loss,-100
2026-09-30,2026020007,LAK @ COL,8480039,Martin Necas,COL,LAK,C,points,1.5,170,-240,0.3441,1.222,0.3452,Over,170,-0.0251,-6.8,0.3452,Over,1,1,,2026-09-30T15:08:58.250848-04:00,2026-09-30 15:32,2026-09-30 20:27,2026-10-01,1,loss,-100
2026-09-30,2026020007,LAK @ COL,8475692,Mats Zuccarello,LAK,COL,R,points,0.5,-105,-125,0.4797,0.708,0.5074,Over,-105,-0.0048,-0.9,0.5074,Over,2,1,,2026-09-30T15:08:58.250848-04:00,2026-09-30 15:32,2026-09-30 20:27,2026-10-01,0,loss,-100
2026-09-30,2026020007,LAK @ COL,8477492,Nathan MacKinnon,COL,LAK,C,points,1.5,110,-145,0.4459,1.372,0.3984,Under,-145,0.0098,1.7,0.3984,Under,1,1,,2026-09-30T15:08:58.250848-04:00,2026-09-30 15:32,2026-09-30 20:27,2026-10-01,2,loss,-100
2026-09-30,2026020007,LAK @ COL,8475172,Nazem Kadri,COL,LAK,C,points,0.5,110,-145,0.4459,0.569,0.4341,Under,-145,-0.0259,-4.4,0.4341,Under,2,2,,2026-09-30T15:08:58.250848-04:00,2026-09-30 15:32,2026-09-30 20:27,2026-10-01,2,loss,-100
2026-09-30,2026020007,LAK @ COL,8482124,Quinton Byfield,LAK,COL,R,points,0.5,-105,-125,0.4797,0.751,0.5279,Over,-105,0.0157,3.1,0.5279,Over,1,1,,2026-09-30T15:08:58.250848-04:00,2026-09-30 15:32,2026-09-30 20:27,2026-10-01,0,loss,-100
2026-09-30,2026020007,LAK @ COL,8477960,Adrian Kempe,LAK,COL,R,shots,2.5,-105,-125,0.4797,2.853,0.543,Over,-105,0.0308,6.0,0.543,Over,1,1,,2026-09-30T15:08:58.250848-04:00,2026-09-30 15:32,2026-09-30 20:27,2026-10-01,3,win,95.2
2026-09-30,2026020007,LAK @ COL,8482155,Alex Laferriere,LAK,COL,R,shots,2.5,115,-155,0.4335,2.539,0.4662,Over,115,0.0011,0.2,0.4662,Over,2,2,,2026-09-30T15:08:58.250848-04:00,2026-09-30 15:32,2026-09-30 20:27,2026-10-01,2,loss,-100
2026-09-30,2026020007,LAK @ COL,8478550,Artemi Panarin,LAK,COL,L,shots,2.5,110,-145,0.4459,2.868,0.5467,Over,110,0.0705,14.8,0.5467,Over,1,1,,2026-09-30T15:08:58.250848-04:00,2026-09-30 15:32,2026-09-30 20:27,2026-10-01,2,loss,-100
2026-09-30,2026020007,LAK @ COL,8477476,Artturi Lehkonen,COL,LAK,L,shots,1.5,-170,125,0.5862,2.126,0.627,Over,-170,-0.0026,-0.4,0.627,Over,1,2,,2026-09-30T15:08:58.250848-04:00,2026-09-30 15:32,2026-09-30 20:27,2026-10-01,3,win,58.8
2026-09-30,2026020007,LAK @ COL,8482730,Brandt Clarke,LAK,COL,D,shots,1.5,-165,125,0.5835,1.718,0.5122,Under,125,0.0434,9.8,0.5122,Under,2,1,,2026-09-30T15:08:58.250848-04:00,2026-09-30 15:32,2026-09-30 20:27,2026-10-01,1,win,125.0
2026-09-30,2026020007,LAK @ COL,8475754,Brock Nelson,COL,LAK,C,shots,1.5,-185,135,0.604,2.052,0.6079,Over,-185,-0.0412,-6.3,0.6079,Over,2,2,,2026-09-30T15:08:58.250848-04:00,2026-09-30 15:32,2026-09-30 20:27,2026-10-01,1,loss,-100
2026-09-30,2026020007,LAK @ COL,8480069,Cale Makar,COL,LAK,D,shots,2.5,-110,-120,0.4899,2.732,0.5143,Over,-110,-0.0095,-1.8,0.5143,Over,1,1,,2026-09-30T15:08:58.250848-04:00,2026-09-30 15:32,2026-09-30 20:27,2026-10-01,1,loss,-100
2026-09-30,2026020007,LAK @ COL,8478038,Devon Toews,COL,LAK,D,shots,1.5,-130,-105,0.5246,1.937,0.5766,Over,-130,0.0114,2.0,0.5766,Over,1,2,,2026-09-30T15:08:58.250848-04:00,2026-09-30 15:32,2026-09-30 20:27,2026-10-01,0,loss,-100
2026-09-30,2026020007,LAK @ COL,8474563,Drew Doughty,LAK,COL,D,shots,1.5,-110,-120,0.4899,1.373,0.399,Under,-120,0.0556,10.2,0.399,Under,1,2,,2026-09-30T15:08:58.250848-04:00,2026-09-30 15:32,2026-09-30 20:27,2026-10-01,1,win,83.3
2026-09-30,2026020007,LAK @ COL,8476455,Gabriel Landeskog,COL,LAK,L,shots,2.5,115,-155,0.4335,2.377,0.4242,Under,-155,-0.032,-5.3,0.4242,Under,2,1,,2026-09-30T15:08:58.250848-04:00,2026-09-30 15:32,2026-09-30 20:27,2026-10-01,1,win,64.5
2026-09-30,2026020007,LAK @ COL,8480039,Martin Necas,COL,LAK,C,shots,2.5,-160,120,0.5752,2.898,0.5537,Under,120,-0.0082,-1.8,0.5537,Under,1,1,,2026-09-30T15:08:58.250848-04:00,2026-09-30 15:32,2026-09-30 20:27,2026-10-01,4,loss,-100
2026-09-30,2026020007,LAK @ COL,8475692,Mats Zuccarello,LAK,COL,R,shots,1.5,-155,115,0.5665,1.861,0.5552,Under,115,-0.0203,-4.4,0.5552,Under,2,1,,2026-09-30T15:08:58.250848-04:00,2026-09-30 15:32,2026-09-30 20:27,2026-10-01,0,win,115.0
2026-09-30,2026020007,LAK @ COL,8477492,Nathan MacKinnon,COL,LAK,C,shots,3.5,-130,-105,0.5246,3.963,0.5592,Over,-130,-0.006,-1.1,0.5592,Over,1,1,,2026-09-30T15:08:58.250848-04:00,2026-09-30 15:32,2026-09-30 20:27,2026-10-01,8,win,76.9
2026-09-30,2026020007,LAK @ COL,8475172,Nazem Kadri,COL,LAK,C,shots,1.5,-185,135,0.604,2.358,0.6824,Over,-185,0.0332,5.1,0.6824,Over,2,2,,2026-09-30T15:08:58.250848-04:00,2026-09-30 15:32,2026-09-30 20:27,2026-10-01,2,win,54.1
2026-09-30,2026020007,LAK @ COL,8482124,Quinton Byfield,LAK,COL,R,shots,2.5,130,-175,0.4059,2.372,0.423,Over,130,-0.0118,-2.7,0.423,Over,1,1,,2026-09-30T15:08:58.250848-04:00,2026-09-30 15:32,2026-09-30 20:27,2026-10-01,3,win,130.0
2026-09-30,2026020007,LAK @ COL,8479675,Trevor Moore,LAK,COL,L,shots,1.5,-170,-110,0.5459,2.019,0.5991,Over,-170,-0.0305,-4.9,0.5991,Over,3,2,,2026-09-30T15:08:58.250848-04:00,2026-09-30 15:32,2026-09-30 20:27,2026-10-01,2,win,58.8
2026-09-30,2026020008,NYI @ TOR,8479318,Auston Matthews,TOR,NYI,C,points,0.5,-165,125,0.5835,0.957,0.616,Over,-165,-0.0066,-1.1,0.616,Over,1,1,,2026-09-30T15:08:58.250848-04:00,2026-09-30 15:32,2026-09-30 17:17,2026-10-01,0,loss,-100
2026-09-30,2026020008,NYI @ TOR,8477500,Bo Horvat,NYI,TOR,C,points,0.5,-155,115,0.5665,0.875,0.5833,Over,-155,-0.0245,-4.0,0.5833,Over,1,1,,2026-09-30T15:08:58.250848-04:00,2026-09-30 15:32,2026-09-30 17:17,2026-10-01,1,win,64.5
2026-09-30,2026020008,NYI @ TOR,8475170,Brayden Schenn,NYI,TOR,C,points,0.5,120,-160,0.4248,0.684,0.4956,Over,120,0.0411,9.0,0.4956,Over,2,1,,2026-09-30T15:08:58.250848-04:00,2026-09-30 15:32,2026-09-30 17:17,2026-10-01,0,loss,-100
2026-09-30,2026020008,NYI @ TOR,8478178,Darren Raddysh,TOR,NYI,D,points,0.5,-105,-125,0.4797,0.781,0.5419,Over,-105,0.0297,5.8,0.5419,Over,1,1,,2026-09-30T15:08:58.250848-04:00,2026-09-30 15:32,2026-09-30 17:17,2026-10-01,0,loss,-100
2026-09-30,2026020008,NYI @ TOR,8486067,Gavin McKenna,TOR,NYI,L,points,0.5,130,-175,0.4059,0.612,0.458,Over,130,0.0232,5.3,0.458,Over,2,2,,2026-09-30T15:08:58.250848-04:00,2026-09-30 15:32,2026-09-30 17:17,2026-10-01,0,loss,-100
2026-09-30,2026020008,NYI @ TOR,8475166,John Tavares,TOR,NYI,C,points,0.5,-110,-120,0.4899,0.867,0.58,Over,-110,0.0561,10.7,0.58,Over,2,1,,2026-09-30T15:08:58.250848-04:00,2026-09-30 15:32,2026-09-30 17:17,2026-10-01,0,loss,-100
2026-09-30,2026020008,NYI @ TOR,8480893,Kirill Marchenko,TOR,NYI,R,points,0.5,-125,-105,0.5203,0.944,0.6111,Over,-125,0.0555,10.0,0.6111,Over,1,1,,2026-09-30T15:08:58.250848-04:00,2026-09-30 15:32,2026-09-30 17:17,2026-10-01,0,loss,-100
2026-09-30,2026020008,NYI @ TOR,8475151,Kyle Palmieri,NYI,TOR,C,points,0.5,105,-140,0.4554,0.725,0.5158,Over,105,0.028,5.7,0.5158,Over,1,1,,2026-09-30T15:08:58.250848-04:00,2026-09-30 15:32,2026-09-30 17:17,2026-10-01,0,loss,-100
2026-09-30,2026020008,NYI @ TOR,8481711,Matias Maccelli,NYI,TOR,L,points,0.5,130,-170,0.4085,0.557,0.4274,Over,130,-0.0074,-1.7,0.4274,Over,2,1,,2026-09-30T15:08:58.250848-04:00,2026-09-30 15:32,2026-09-30 17:17,2026-10-01,0,loss,-100
2026-09-30,2026020008,NYI @ TOR,8485366,Matthew Schaefer,NYI,TOR,D,points,0.5,-140,105,0.5446,0.739,0.5222,Under,105,-0.01,-2.1,0.5222,Under,1,1,,2026-09-30T15:08:58.250848-04:00,2026-09-30 15:32,2026-09-30 17:17,2026-10-01,0,win,105.0
2026-09-30,2026020008,NYI @ TOR,8476853,Morgan Rielly,TOR,NYI,D,points,0.5,160,-220,0.3587,0.463,0.3707,Over,160,-0.0139,-3.6,0.3707,Over,1,2,,2026-09-30T15:08:58.250848-04:00,2026-09-30 15:32,2026-09-30 17:17,2026-10-01,1,win,160.0
2026-09-30,2026020008,NYI @ TOR,8481601,Simon Holmstrom,NYI,TOR,R,points,0.5,150,-200,0.375,0.643,0.4742,Over,150,0.0742,18.6,0.4742,Over,1,2,,2026-09-30T15:08:58.250848-04:00,2026-09-30 15:32,2026-09-30 17:17,2026-10-01,0,loss,-100
2026-09-30,2026020008,NYI @ TOR,8477950,Tony DeAngelo,NYI,TOR,D,points,0.5,155,-210,0.3666,0.419,0.3424,Under,-210,-0.0198,-2.9,0.3424,Under,3,2,,2026-09-30T15:08:58.250848-04:00,2026-09-30 15:32,2026-09-30 17:17,2026-10-01,0,win,47.6
2026-09-30,2026020008,NYI @ TOR,8477939,William Nylander,TOR,NYI,R,points,0.5,-180,135,0.6017,1.047,0.6491,Over,-180,0.0063,1.0,0.6491,Over,2,1,,2026-09-30T15:08:58.250848-04:00,2026-09-30 15:32,2026-09-30 17:17,2026-10-01,0,loss,-100
2026-09-30,2026020008,NYI @ TOR,8479318,Auston Matthews,TOR,NYI,C,shots,3.5,-120,-150,0.4762,3.365,0.4341,Under,-150,-0.0341,-5.7,0.4341,Under,1,1,,2026-09-30T15:08:58.250848-04:00,2026-09-30 15:32,2026-09-30 17:17,2026-10-01,1,win,66.7
2026-09-30,2026020008,NYI @ TOR,8477500,Bo Horvat,NYI,TOR,C,shots,2.5,-160,120,0.5752,3.332,0.647,Over,-160,0.0316,5.1,0.647,Over,1,1,,2026-09-30T15:08:58.250848-04:00,2026-09-30 15:32,2026-09-30 17:17,2026-10-01,4,win,62.5
2026-09-30,2026020008,NYI @ TOR,8475170,Brayden Schenn,NYI,TOR,C,shots,1.5,-115,-130,0.4862,2.071,0.6128,Over,-115,0.0779,14.6,0.6128,Over,2,1,,2026-09-30T15:08:58.250848-04:00,2026-09-30 15:32,2026-09-30 17:17,2026-10-01,1,loss,-100
2026-09-30,2026020008,NYI @ TOR,8478178,Darren Raddysh,TOR,NYI,D,shots,2.5,-120,-130,0.4911,2.419,0.4353,Under,-130,-0.0005,-0.1,0.4353,Under,1,1,,2026-09-30T15:08:58.250848-04:00,2026-09-30 15:32,2026-09-30 17:17,2026-10-01,4,loss,-100
2026-09-30,2026020008,NYI @ TOR,8486067,Gavin McKenna,TOR,NYI,L,shots,1.5,-105,-130,0.4754,1.873,0.5584,Over,-105,0.0462,9.0,0.5584,Over,2,2,,2026-09-30T15:08:58.250848-04:00,2026-09-30 15:32,2026-09-30 17:17,2026-10-01,1,loss,-100
2026-09-30,2026020008,NYI @ TOR,8478458,Jack Roslovic,TOR,NYI,C,shots,1.5,-120,-110,0.5101,2.207,0.6471,Over,-120,0.1017,18.6,0.6471,Over,,,,2026-09-30T15:08:58.250848-04:00,2026-10-01 11:22,2026-10-01 11:22,2026-10-01,2,win,83.3
2026-09-30,2026020008,NYI @ TOR,8475166,John Tavares,TOR,NYI,C,shots,2.5,135,-180,0.3983,2.358,0.4194,Over,135,-0.0062,-1.5,0.4194,Over,2,1,,2026-09-30T15:08:58.250848-04:00,2026-09-30 15:32,2026-09-30 17:17,2026-10-01,1,loss,-100
2026-09-30,2026020008,NYI @ TOR,8480893,Kirill Marchenko,TOR,NYI,R,shots,2.5,-105,-125,0.4797,2.95,0.5656,Over,-105,0.0534,10.4,0.5656,Over,1,1,,2026-09-30T15:08:58.250848-04:00,2026-09-30 15:32,2026-09-30 17:17,2026-10-01,3,win,95.2
2026-09-30,2026020008,NYI @ TOR,8475151,Kyle Palmieri,NYI,TOR,C,shots,2.5,120,-160,0.4248,2.687,0.5031,Over,120,0.0485,10.7,0.5031,Over,1,1,,2026-09-30T15:08:58.250848-04:00,2026-09-30 15:32,2026-09-30 17:17,2026-10-01,4,win,120.0
2026-09-30,2026020008,NYI @ TOR,8485366,Matthew Schaefer,NYI,TOR,D,shots,2.5,-155,120,0.5721,2.917,0.5579,Under,120,-0.0124,-2.7,0.5579,Under,1,1,,2026-09-30T15:08:58.250848-04:00,2026-09-30 15:32,2026-09-30 17:17,2026-10-01,3,loss,-100
2026-09-30,2026020008,NYI @ TOR,8476853,Morgan Rielly,TOR,NYI,D,shots,1.5,100,-130,0.4694,1.509,0.4451,Under,-130,-0.0103,-1.8,0.4451,Under,1,2,,2026-09-30T15:08:58.250848-04:00,2026-09-30 15:32,2026-09-30 17:17,2026-10-01,1,win,76.9
2026-09-30,2026020008,NYI @ TOR,8477950,Tony DeAngelo,NYI,TOR,D,shots,1.5,-115,-115,0.5,1.713,0.5107,Over,-115,-0.0242,-4.5,0.5107,Over,3,2,,2026-09-30T15:08:58.250848-04:00,2026-09-30 15:32,2026-09-30 17:17,2026-10-01,0,loss,-100
2026-09-30,2026020008,NYI @ TOR,8485388,Victor Eklund,NYI,TOR,R,shots,1.5,-125,-110,0.5147,1.349,0.3905,Under,-110,0.0857,16.4,0.3905,Under,3,2,,2026-09-30T15:08:58.250848-04:00,2026-09-30 15:32,2026-09-30 17:17,2026-10-01,2,loss,-100
2026-09-30,2026020008,NYI @ TOR,8477939,William Nylander,TOR,NYI,R,shots,2.5,-110,-125,0.4853,2.521,0.4615,Under,-125,-0.0171,-3.1,0.4615,Under,2,1,,2026-09-30T15:08:58.250848-04:00,2026-09-30 15:32,2026-09-30 17:17,2026-10-01,1,win,80.0
2026-10-01,2026020009,PHI @ NJD,8477511,Anthony Mantha,NJD,PHI,R,points,0.5,120,-160,0.4248,0.798,0.5499,Over,120,0.0954,21.0,0.5499,Over,1,2,,2026-10-01T15:01:39.886987-04:00,2026-10-01 15:01,2026-10-01 17:18,2026-10-01,0,loss,-100
2026-10-01,2026020009,PHI @ NJD,8481546,Cam York,PHI,NJD,D,points,0.5,200,-275,0.3125,0.331,0.2819,Under,-275,-0.0153,-2.1,0.2819,Under,2,2,,2026-10-01T15:01:39.886987-04:00,2026-10-01 15:01,2026-10-01 17:18,2026-10-01,0,win,36.4
2026-10-01,2026020009,PHI @ NJD,8476462,Dougie Hamilton,NJD,PHI,D,points,0.5,135,-185,0.396,0.486,0.3849,Under,-185,-0.034,-5.2,0.3849,Under,2,2,,2026-10-01T15:01:39.886987-04:00,2026-10-01 15:01,2026-10-01 17:18,2026-10-01,1,loss,-100
2026-10-01,2026020009,PHI @ NJD,8481559,Jack Hughes,NJD,PHI,C,points,1.5,175,-240,0.34,1.247,0.3542,Over,175,-0.0094,-2.6,0.3542,Over,1,1,,2026-10-01T15:01:39.886987-04:00,2026-10-01 15:01,2026-10-01 17:18,2026-10-01,1,loss,-100
2026-10-01,2026020009,PHI @ NJD,8482142,Jamie Drysdale,PHI,NJD,D,points,0.5,145,-195,0.3818,0.401,0.3304,Under,-195,0.0086,1.3,0.3304,Under,2,1,,2026-10-01T15:01:39.886987-04:00,2026-10-01 15:01,2026-10-01 17:18,2026-10-01,0,win,51.3
2026-10-01,2026020009,PHI @ NJD,8479407,Jesper Bratt,NJD,PHI,L,points,0.5,-160,120,0.5752,0.981,0.6249,Over,-160,0.0095,1.5,0.6249,Over,1,1,,2026-10-01T15:01:39.886987-04:00,2026-10-01 15:01,2026-10-01 17:18,2026-10-01,1,win,62.5
2026-10-01,2026020009,PHI @ NJD,8482146,Luke Evangelista,NJD,PHI,R,points,0.5,-115,-115,0.5,0.706,0.5063,Over,-115,-0.0285,-5.3,0.5063,Over,2,1,,2026-10-01T15:01:39.886987-04:00,2026-10-01 15:01,2026-10-01 17:18,2026-10-01,1,win,87.0
2026-10-01,2026020009,PHI @ NJD,8482684,Luke Hughes,NJD,PHI,D,points,0.5,-105,-130,0.4754,0.658,0.482,Over,-105,-0.0302,-5.9,0.482,Over,1,1,,2026-10-01T15:01:39.886987-04:00,2026-10-01 15:01,2026-10-01 17:18,2026-10-01,1,win,95.2
2026-10-01,2026020009,PHI @ NJD,8484387,Matvei Michkov,PHI,NJD,R,points,0.5,120,-155,0.4279,0.592,0.447,Over,120,-0.0075,-1.7,0.447,Over,3,1,,2026-10-01T15:01:39.886987-04:00,2026-10-01 15:01,2026-10-01 17:18,2026-10-01,0,loss,-100
2026-10-01,2026020009,PHI @ NJD,8480002,Nico Hischier,NJD,PHI,C,points,0.5,-145,110,0.5541,0.869,0.5804,Over,-145,-0.0114,-1.9,0.5804,Over,2,1,,2026-10-01T15:01:39.886987-04:00,2026-10-01 15:01,2026-10-01 17:18,2026-10-01,0,loss,-100
2026-10-01,2026020009,PHI @ NJD,8480220,Noah Cates,PHI,NJD,L,points,0.5,170,-230,0.347,0.482,0.3826,Over,170,0.0122,3.3,0.3826,Over,3,2,,2026-10-01T15:01:39.886987-04:00,2026-10-01 15:01,2026-10-01 17:18,2026-10-01,0,loss,-100
2026-10-01,2026020009,PHI @ NJD,8480015,Owen Tippett,PHI,NJD,R,points,0.5,110,-145,0.4459,0.574,0.4366,Under,-145,-0.0285,-4.8,0.4366,Under,1,2,,2026-10-01T15:01:39.886987-04:00,2026-10-01 15:01,2026-10-01 17:18,2026-10-01,0,win,69.0
2026-10-01,2026020009,PHI @ NJD,8485406,Porter Martone,PHI,NJD,R,points,0.5,105,-140,0.4554,0.727,0.5168,Over,105,0.029,5.9,0.5168,Over,1,1,,2026-10-01T15:01:39.886987-04:00,2026-10-01 15:01,2026-10-01 17:18,2026-10-01,0,loss,-100
2026-10-01,2026020009,PHI @ NJD,8478414,Timo Meier,NJD,PHI,R,points,0.5,100,-135,0.4653,0.637,0.4713,Over,100,-0.0287,-5.7,0.4713,Over,2,2,,2026-10-01T15:01:39.886987-04:00,2026-10-01 15:01,2026-10-01 17:18,2026-10-01,0,loss,-100
2026-10-01,2026020009,PHI @ NJD,8478439,Travis Konecny,PHI,NJD,R,points,0.5,115,-155,0.4335,0.636,0.4706,Over,115,0.0055,1.2,0.4706,Over,2,2,,2026-10-01T15:01:39.886987-04:00,2026-10-01 15:01,2026-10-01 17:18,2026-10-01,1,win,115.0
2026-10-01,2026020009,PHI @ NJD,8481533,Trevor Zegras,PHI,NJD,C,points,0.5,-120,-110,0.5101,0.695,0.501,Under,-110,-0.0248,-4.7,0.501,Under,1,1,,2026-10-01T15:01:39.886987-04:00,2026-10-01 15:01,2026-10-01 17:18,2026-10-01,0,win,90.9
2026-10-01,2026020009,PHI @ NJD,8482159,Tyson Foerster,PHI,NJD,R,points,0.5,135,-180,0.3983,0.598,0.4503,Over,135,0.0247,5.8,0.4503,Over,2,1,,2026-10-01T15:01:39.886987-04:00,2026-10-01 15:01,2026-10-01 17:18,2026-10-01,0,loss,-100
2026-10-01,2026020009,PHI @ NJD,8483731,Alex Bump,PHI,NJD,L,shots,1.5,-110,-120,0.4899,1.37,0.3978,Under,-120,0.0567,10.4,0.3978,Under,3,2,,2026-10-01T15:01:39.886987-04:00,2026-10-01 15:01,2026-10-01 17:18,2026-10-01,0,win,83.3
2026-10-01,2026020009,PHI @ NJD,8477511,Anthony Mantha,NJD,PHI,R,shots,1.5,100,-135,0.4653,1.887,0.5625,Over,100,0.0625,12.5,0.5625,Over,1,2,,2026-10-01T15:01:39.886987-04:00,2026-10-01 15:01,2026-10-01 17:18,2026-10-01,1,loss,-100
2026-10-01,2026020009,PHI @ NJD,8481721,Arseny Gritsyuk,NJD,PHI,R,shots,1.5,-110,-125,0.4853,1.898,0.5656,Over,-110,0.0418,8.0,0.5656,Over,3,2,,2026-10-01T15:01:39.886987-04:00,2026-10-01 15:01,2026-10-01 17:18,2026-10-01,2,win,90.9
2026-10-01,2026020009,PHI @ NJD,8477488,Brett Pesce,NJD,PHI,D,shots,1.5,115,-150,0.4367,1.196,0.3361,Under,-150,0.0639,10.6,0.3361,Under,1,,,2026-10-01T15:01:39.886987-04:00,2026-10-01 15:01,2026-10-01 17:18,2026-10-01,0,win,66.7
2026-10-01,2026020009,PHI @ NJD,8476462,Dougie Hamilton,NJD,PHI,D,shots,2.5,120,-165,0.422,2.175,0.3705,Under,-165,0.0069,1.1,0.3705,Under,2,2,,2026-10-01T15:01:39.886987-04:00,2026-10-01 15:01,2026-10-01 17:18,2026-10-01,6,loss,-100
2026-10-01,2026020009,PHI @ NJD,8478542,Evan Rodrigues,NJD,PHI,C,shots,1.5,-120,-125,0.4954,1.787,0.5333,Over,-120,-0.0121,-2.2,0.5333,Over,3,2,,2026-10-01T15:01:39.886987-04:00,2026-10-01 15:01,2026-10-01 17:18,2026-10-01,1,loss,-100
2026-10-01,2026020009,PHI @ NJD,8481559,Jack Hughes,NJD,PHI,C,shots,3.5,100,-135,0.4653,3.674,0.5003,Over,100,0.0003,0.1,0.5003,Over,1,1,,2026-10-01T15:01:39.886987-04:00,2026-10-01 15:01,2026-10-01 17:18,2026-10-01,5,win,100.0
2026-10-01,2026020009,PHI @ NJD,8482142,Jamie Drysdale,PHI,NJD,D,shots,1.5,-120,-135,0.487,1.169,0.326,Under,-135,0.0995,17.3,0.326,Under,2,1,,2026-10-01T15:01:39.886987-04:00,2026-10-01 15:01,2026-10-01 17:18,2026-10-01,1,win,74.1
2026-10-01,2026020009,PHI @ NJD,8479407,Jesper Bratt,NJD,PHI,L,shots,2.5,140,-190,0.3887,2.357,0.4191,Over,140,0.0024,0.6,0.4191,Over,1,1,,2026-10-01T15:01:39.886987-04:00,2026-10-01 15:01,2026-10-01 17:18,2026-10-01,6,win,140.0
2026-10-01,2026020009,PHI @ NJD,8482146,Luke Evangelista,NJD,PHI,R,shots,2.5,135,-180,0.3983,2.094,0.3487,Under,-180,0.0084,1.3,0.3487,Under,2,1,,2026-10-01T15:01:39.886987-04:00,2026-10-01 15:01,2026-10-01 17:18,2026-10-01,4,loss,-100
2026-10-01,2026020009,PHI @ NJD,8482684,Luke Hughes,NJD,PHI,D,shots,1.5,-175,130,0.5941,2.327,0.6753,Over,-175,0.0389,6.1,0.6753,Over,1,1,,2026-10-01T15:01:39.886987-04:00,2026-10-01 15:01,2026-10-01 17:18,2026-10-01,5,win,57.1
2026-10-01,2026020009,PHI @ NJD,8484387,Matvei Michkov,PHI,NJD,R,shots,1.5,-155,115,0.5665,1.867,0.5567,Under,115,-0.0219,-4.7,0.5567,Under,3,1,,2026-10-01T15:01:39.886987-04:00,2026-10-01 15:01,2026-10-01 17:18,2026-10-01,1,win,115.0
2026-10-01,2026020009,PHI @ NJD,8480002,Nico Hischier,NJD,PHI,C,shots,2.5,110,-170,0.4306,2.326,0.4108,Under,-170,-0.0404,-6.4,0.4108,Under,2,1,,2026-10-01T15:01:39.886987-04:00,2026-10-01 15:01,2026-10-01 17:18,2026-10-01,2,win,58.8
2026-10-01,2026020009,PHI @ NJD,8480015,Owen Tippett,PHI,NJD,R,shots,2.5,100,-130,0.4694,2.264,0.3943,Under,-130,0.0405,7.2,0.3943,Under,1,2,,2026-10-01T15:01:39.886987-04:00,2026-10-01 15:01,2026-10-01 17:18,2026-10-01,2,win,76.9
2026-10-01,2026020009,PHI @ NJD,8485406,Porter Martone,PHI,NJD,R,shots,2.5,140,-190,0.3887,2.242,0.3886,Under,-190,-0.0438,-6.7,0.3886,Under,1,1,,2026-10-01T15:01:39.886987-04:00,2026-10-01 15:01,2026-10-01 17:18,2026-10-01,1,win,52.6
2026-10-01,2026020009,PHI @ NJD,8478414,Timo Meier,NJD,PHI,R,shots,2.5,-140,100,0.5385,2.793,0.5288,Under,100,-0.0288,-5.8,0.5288,Under,2,2,,2026-10-01T15:01:39.886987-04:00,2026-10-01 15:01,2026-10-01 17:18,2026-10-01,4,loss,-100
2026-10-01,2026020009,PHI @ NJD,8478439,Travis Konecny,PHI,NJD,R,shots,1.5,-130,100,0.5306,1.65,0.4912,Under,100,0.0088,1.8,0.4912,Under,2,2,,2026-10-01T15:01:39.886987-04:00,2026-10-01 15:01,2026-10-01 17:18,2026-10-01,1,win,100.0
2026-10-01,2026020009,PHI @ NJD,8481533,Trevor Zegras,PHI,NJD,C,shots,1.5,-145,-105,0.5361,1.837,0.548,Over,-145,-0.0438,-7.4,0.548,Over,1,1,,2026-10-01T15:01:39.886987-04:00,2026-10-01 15:01,2026-10-01 17:18,2026-10-01,1,loss,-100
2026-10-01,2026020009,PHI @ NJD,8482159,Tyson Foerster,PHI,NJD,R,shots,1.5,-125,-105,0.5203,1.808,0.5396,Over,-125,-0.016,-2.9,0.5396,Over,2,1,,2026-10-01T15:01:39.886987-04:00,2026-10-01 15:01,2026-10-01 17:18,2026-10-01,2,win,80.0
2026-10-01,2026020010,TBL @ NYR,8479323,Adam Fox,NYR,TBL,D,points,0.5,-130,100,0.5306,0.7,0.5036,Under,100,-0.0036,-0.7,0.5036,Under,1,1,,2026-10-01T15:01:39.886987-04:00,2026-10-01 15:01,2026-10-01 17:18,2026-10-01,2,loss,-100
2026-10-01,2026020010,TBL @ NYR,8482109,Alexis Lafrenière,NYR,TBL,L,points,0.5,-105,-125,0.4797,0.74,0.523,Over,-105,0.0108,2.1,0.523,Over,1,1,,2026-10-01T15:01:39.886987-04:00,2026-10-01 15:01,2026-10-01 17:18,2026-10-01,0,loss,-100
2026-10-01,2026020010,TBL @ NYR,8478519,Anthony Cirelli,TBL,NYR,C,points,0.5,135,-185,0.396,0.712,0.5092,Over,135,0.0837,19.7,0.5092,Over,2,2,,2026-10-01T15:01:39.886987-04:00,2026-10-01 15:01,2026-10-01 17:18,2026-10-01,0,loss,-100
2026-10-01,2026020010,TBL @ NYR,8479542,Brandon Hagel,TBL,NYR,L,points,0.5,-165,125,0.5835,0.959,0.6169,Over,-165,-0.0058,-0.9,0.6169,Over,2,1,,2026-10-01T15:01:39.886987-04:00,2026-10-01 15:01,2026-10-01 17:18,2026-10-01,0,loss,-100
2026-10-01,2026020010,TBL @ NYR,8478010,Brayden Point,TBL,NYR,C,points,0.5,-135,100,0.5347,0.83,0.564,Over,-135,-0.0105,-1.8,0.564,Over,1,1,,2026-10-01T15:01:39.886987-04:00,2026-10-01 15:01,2026-10-01 17:18,2026-10-01,1,win,74.1
2026-10-01,2026020010,TBL @ NYR,8480009,Eeli Tolvanen,NYR,TBL,R,points,0.5,200,-275,0.3125,0.388,0.3215,Over,200,-0.0118,-3.5,0.3215,Over,3,2,,2026-10-01T15:01:39.886987-04:00,2026-10-01 15:01,2026-10-01 17:18,2026-10-01,1,win,200.0
2026-10-01,2026020010,TBL @ NYR,8484210,Gabe Perreault,NYR,TBL,R,points,0.5,175,-240,0.34,0.56,0.429,Over,175,0.0653,18.0,0.429,Over,1,2,,2026-10-01T15:01:39.886987-04:00,2026-10-01 15:01,2026-10-01 17:18,2026-10-01,1,win,175.0
2026-10-01,2026020010,TBL @ NYR,8481624,Ilya Mikheyev,TBL,NYR,R,points,0.5,150,-210,0.3713,0.566,0.4323,Over,150,0.0323,8.1,0.4323,Over,1,,,2026-10-01T15:01:39.886987-04:00,2026-10-01 15:01,2026-10-01 17:18,2026-10-01,1,win,150.0
2026-10-01,2026020010,TBL @ NYR,8476468,J.T. Miller,NYR,TBL,C,points,0.5,-130,100,0.5306,0.698,0.5022,Under,100,-0.0022,-0.4,0.5022,Under,2,1,,2026-10-01T15:01:39.886987-04:00,2026-10-01 15:01,2026-10-01 17:18,2026-10-01,0,win,100.0
2026-10-01,2026020010,TBL @ NYR,8477404,Jake Guentzel,TBL,NYR,C,points,0.5,-175,130,0.5941,0.964,0.6187,Over,-175,-0.0177,-2.8,0.6187,Over,2,1,,2026-10-01T15:01:39.886987-04:00,2026-10-01 15:01,2026-10-01 17:18,2026-10-01,0,loss,-100
2026-10-01,2026020010,TBL @ NYR,8474590,John Carlson,TBL,NYR,D,points,0.5,-150,110,0.5575,0.718,0.5122,Under,110,0.0116,2.4,0.5122,Under,1,1,,2026-10-01T15:01:39.886987-04:00,2026-10-01 15:01,2026-10-01 17:18,2026-10-01,0,win,110.0
2026-10-01,2026020010,TBL @ NYR,8476459,Mika Zibanejad,NYR,TBL,C,points,0.5,-155,115,0.5665,0.841,0.5688,Over,-155,-0.039,-6.4,0.5688,Over,1,1,,2026-10-01T15:01:39.886987-04:00,2026-10-01 15:01,2026-10-01 17:18,2026-10-01,2,win,64.5
2026-10-01,2026020010,TBL @ NYR,8476453,Nikita Kucherov,TBL,NYR,R,points,1.5,140,-190,0.3887,1.252,0.356,Under,-190,-0.0112,-1.7,0.356,Under,1,1,,2026-10-01T15:01:39.886987-04:00,2026-10-01 15:01,2026-10-01 17:18,2026-10-01,1,win,52.6
2026-10-01,2026020010,TBL @ NYR,8477416,Oliver Bjorkstrand,NYR,TBL,R,points,0.5,175,-240,0.34,0.417,0.3408,Over,175,-0.0228,-6.3,0.3408,Over,2,2,,2026-10-01T15:01:39.886987-04:00,2026-10-01 15:01,2026-10-01 17:18,2026-10-01,1,win,175.0
2026-10-01,2026020010,TBL @ NYR,8481604,Pavel Dorofeyev,NYR,TBL,R,points,0.5,-105,-125,0.4797,0.671,0.4887,Over,-105,-0.0235,-4.6,0.4887,Over,2,1,,2026-10-01T15:01:39.886987-04:00,2026-10-01 15:01,2026-10-01 17:18,2026-10-01,2,win,95.2
2026-10-01,2026020010,TBL @ NYR,8475167,Victor Hedman,TBL,NYR,D,points,0.5,210,-300,0.3008,0.347,0.2932,Under,-300,-0.0432,-5.8,0.2932,Under,2,,,2026-10-01T15:01:39.886987-04:00,2026-10-01 15:01,2026-10-01 17:18,2026-10-01,0,win,33.3
2026-10-01,2026020010,TBL @ NYR,8479323,Adam Fox,NYR,TBL,D,shots,1.5,-120,-110,0.5101,1.776,0.53,Over,-120,-0.0154,-2.8,0.53,Over,1,1,,2026-10-01T15:01:39.886987-04:00,2026-10-01 15:01,2026-10-01 17:18,2026-10-01,0,loss,-100
2026-10-01,2026020010,TBL @ NYR,8482109,Alexis Lafrenière,NYR,TBL,L,shots,1.5,-165,125,0.5835,2.284,0.6656,Over,-165,0.0429,6.9,0.6656,Over,1,1,,2026-10-01T15:01:39.886987-04:00,2026-10-01 15:01,2026-10-01 17:18,2026-10-01,3,win,60.6
2026-10-01,2026020010,TBL @ NYR,8478519,Anthony Cirelli,TBL,NYR,C,shots,1.5,100,-130,0.4694,1.821,0.5434,Over,100,0.0434,8.7,0.5434,Over,2,2,,2026-10-01T15:01:39.886987-04:00,2026-10-01 15:01,2026-10-01 17:18,2026-10-01,3,win,100.0
2026-10-01,2026020010,TBL @ NYR,8479542,Brandon Hagel,TBL,NYR,L,shots,2.5,-150,115,0.5633,3.165,0.6127,Over,-150,0.0127,2.1,0.6127,Over,2,1,,2026-10-01T15:01:39.886987-04:00,2026-10-01 15:01,2026-10-01 17:18,2026-10-01,3,win,66.7
2026-10-01,2026020010,TBL @ NYR,8478010,Brayden Point,TBL,NYR,C,shots,2.5,115,-155,0.4335,2.272,0.3965,Under,-155,-0.0043,-0.7,0.3965,Under,1,1,,2026-10-01T15:01:39.886987-04:00,2026-10-01 15:01,2026-10-01 17:18,2026-10-01,1,win,64.5
2026-10-01,2026020010,TBL @ NYR,8480009,Eeli Tolvanen,NYR,TBL,R,shots,1.5,105,-140,0.4554,1.564,0.4633,Over,105,-0.0245,-5.0,0.4633,Over,3,2,,2026-10-01T15:01:39.886987-04:00,2026-10-01 15:01,2026-10-01 17:18,2026-10-01,1,loss,-100
2026-10-01,2026020010,TBL @ NYR,8481624,Ilya Mikheyev,TBL,NYR,R,shots,1.5,-105,-125,0.4797,1.72,0.5128,Over,-105,0.0007,0.1,0.5128,Over,1,,,2026-10-01T15:01:39.886987-04:00,2026-10-01 15:01,2026-10-01 17:18,2026-10-01,0,loss,-100
2026-10-01,2026020010,TBL @ NYR,8476468,J.T. Miller,NYR,TBL,C,shots,1.5,-155,115,0.5665,1.868,0.5571,Under,115,-0.0222,-4.8,0.5571,Under,2,1,,2026-10-01T15:01:39.886987-04:00,2026-10-01 15:01,2026-10-01 17:18,2026-10-01,1,win,115.0
2026-10-01,2026020010,TBL @ NYR,8477404,Jake Guentzel,TBL,NYR,C,shots,2.5,-130,-105,0.5246,2.603,0.4823,Under,-105,0.0055,1.1,0.4823,Under,2,1,,2026-10-01T15:01:39.886987-04:00,2026-10-01 15:01,2026-10-01 17:18,2026-10-01,4,loss,-100
2026-10-01,2026020010,TBL @ NYR,8474590,John Carlson,TBL,NYR,D,shots,2.5,115,-175,0.4223,2.214,0.381,Under,-175,-0.0173,-2.7,0.381,Under,1,1,,2026-10-01T15:01:39.886987-04:00,2026-10-01 15:01,2026-10-01 17:18,2026-10-01,4,loss,-100
2026-10-01,2026020010,TBL @ NYR,8476459,Mika Zibanejad,NYR,TBL,C,shots,2.5,110,-145,0.4459,2.497,0.4555,Over,110,-0.0207,-4.4,0.4555,Over,1,1,,2026-10-01T15:01:39.886987-04:00,2026-10-01 15:01,2026-10-01 17:18,2026-10-01,3,win,110.0
2026-10-01,2026020010,TBL @ NYR,8476453,Nikita Kucherov,TBL,NYR,R,shots,2.5,-165,120,0.578,3.077,0.5939,Over,-165,-0.0288,-4.6,0.5939,Over,1,1,,2026-10-01T15:01:39.886987-04:00,2026-10-01 15:01,2026-10-01 17:18,2026-10-01,1,loss,-100
2026-10-01,2026020010,TBL @ NYR,8477416,Oliver Bjorkstrand,NYR,TBL,R,shots,1.5,-120,-165,0.467,1.565,0.4636,Under,-165,-0.0862,-13.8,0.4636,Under,2,2,,2026-10-01T15:01:39.886987-04:00,2026-10-01 15:01,2026-10-01 17:18,2026-10-01,1,win,60.6
2026-10-01,2026020010,TBL @ NYR,8481604,Pavel Dorofeyev,NYR,TBL,R,shots,2.5,-105,-130,0.4754,2.673,0.4998,Over,-105,-0.0124,-2.4,0.4998,Over,2,1,,2026-10-01T15:01:39.886987-04:00,2026-10-01 15:01,2026-10-01 17:18,2026-10-01,5,win,95.2
2026-10-01,2026020010,TBL @ NYR,8475167,Victor Hedman,TBL,NYR,D,shots,1.5,100,-135,0.4653,1.36,0.3944,Under,-135,0.0311,5.4,0.3944,Under,2,,,2026-10-01T15:01:39.886987-04:00,2026-10-01 15:01,2026-10-01 17:18,2026-10-01,2,loss,-100
2026-10-01,2026020010,TBL @ NYR,8482157,Will Cuylle,NYR,TBL,L,shots,1.5,100,-130,0.4694,1.645,0.4894,Over,100,-0.0106,-2.1,0.4894,Over,3,2,,2026-10-01T15:01:39.886987-04:00,2026-10-01 15:01,2026-10-01 17:18,2026-10-01,3,win,100.0
2026-10-01,2026020011,BUF @ CBJ,8484166,Adam Fantilli,CBJ,BUF,C,points,0.5,-135,105,0.5408,0.86,0.5768,Over,-135,0.0023,0.4,0.5768,Over,1,1,,2026-10-01T15:01:39.886987-04:00,2026-10-01 15:01,2026-10-01 17:18,2026-10-01,1,win,74.1
2026-10-01,2026020011,BUF @ CBJ,8475745,Charlie Coyle,CBJ,BUF,C,points,0.5,115,-150,0.4367,0.757,0.5308,Over,115,0.0657,14.1,0.5308,Over,3,1,,2026-10-01T15:01:39.886987-04:00,2026-10-01 15:01,2026-10-01 17:18,2026-10-01,3,win,115.0
2026-10-01,2026020011,BUF @ CBJ,8478856,Conor Garland,CBJ,BUF,R,points,0.5,150,-200,0.375,0.423,0.3447,Under,-200,-0.0114,-1.7,0.3447,Under,2,2,,2026-10-01T15:01:39.886987-04:00,2026-10-01 15:01,2026-10-01 17:18,2026-10-01,0,win,50.0
2026-10-01,2026020011,BUF @ CBJ,8483485,Denton Mateychuk,CBJ,BUF,D,points,0.5,160,-220,0.3587,0.436,0.3534,Under,-220,-0.0409,-6.0,0.3534,Under,1,2,,2026-10-01T15:01:39.886987-04:00,2026-10-01 15:01,2026-10-01 17:18,2026-10-01,1,loss,-100
2026-10-01,2026020011,BUF @ CBJ,8482097,Jack Quinn,BUF,CBJ,R,points,0.5,-125,-105,0.5203,0.676,0.4913,Under,-105,-0.0035,-0.7,0.4913,Under,2,1,,2026-10-01T15:01:39.886987-04:00,2026-10-01 15:01,2026-10-01 17:18,2026-10-01,1,loss,-100
2026-10-01,2026020011,BUF @ CBJ,8482659,Josh Doan,BUF,CBJ,R,points,0.5,-110,-125,0.4853,0.619,0.4613,Under,-125,-0.0169,-3.0,0.4613,Under,1,1,,2026-10-01T15:01:39.886987-04:00,2026-10-01 15:01,2026-10-01 17:18,2026-10-01,0,win,80.0
2026-10-01,2026020011,BUF @ CBJ,8480064,Josh Norris,BUF,CBJ,C,points,0.5,110,-150,0.4425,0.627,0.4659,Over,110,-0.0103,-2.2,0.4659,Over,1,2,,2026-10-01T15:01:39.886987-04:00,2026-10-01 15:01,2026-10-01 17:18,2026-10-01,0,loss,-100
2026-10-01,2026020011,BUF @ CBJ,8482660,Kent Johnson,CBJ,BUF,C,points,0.5,125,-165,0.4165,0.501,0.3942,Under,-165,-0.0168,-2.7,0.3942,Under,1,1,,2026-10-01T15:01:39.886987-04:00,2026-10-01 15:01,2026-10-01 17:18,2026-10-01,1,loss,-100
2026-10-01,2026020011,BUF @ CBJ,8482720,Matthew Knies,CBJ,BUF,L,points,0.5,105,-135,0.4592,0.823,0.5608,Over,105,0.073,15.0,0.5608,Over,1,1,,2026-10-01T15:01:39.886987-04:00,2026-10-01 15:01,2026-10-01 17:18,2026-10-01,3,win,105.0
2026-10-01,2026020011,BUF @ CBJ,8483500,Noah Ostlund,BUF,CBJ,C,points,0.5,145,-195,0.3818,0.505,0.3963,Over,145,-0.0119,-2.9,0.3963,Over,2,2,,2026-10-01T15:01:39.886987-04:00,2026-10-01 15:01,2026-10-01 17:18,2026-10-01,2,win,145.0
2026-10-01,2026020011,BUF @ CBJ,8482671,Owen Power,BUF,CBJ,D,points,0.5,180,-250,0.3333,0.402,0.331,Under,-250,-0.0453,-6.3,0.331,Under,2,2,,2026-10-01T15:01:39.886987-04:00,2026-10-01 15:01,2026-10-01 17:18,2026-10-01,2,loss,-100
2026-10-01,2026020011,BUF @ CBJ,8480839,Rasmus Dahlin,BUF,CBJ,D,points,0.5,-180,115,0.5802,0.803,0.5519,Under,115,-0.017,-3.7,0.5519,Under,1,1,,2026-10-01T15:01:39.886987-04:00,2026-10-01 15:01,2026-10-01 17:18,2026-10-01,0,win,115.0
2026-10-01,2026020011,BUF @ CBJ,8480802,Ryan McLeod,BUF,CBJ,C,points,0.5,140,-190,0.3887,0.611,0.457,Over,140,0.0404,9.7,0.457,Over,3,2,,2026-10-01T15:01:39.886987-04:00,2026-10-01 15:01,2026-10-01 17:18,2026-10-01,1,win,140.0
2026-10-01,2026020011,BUF @ CBJ,8477497,Sean Monahan,CBJ,BUF,C,points,0.5,145,-195,0.3818,0.552,0.4241,Over,145,0.0159,3.9,0.4241,Over,2,2,,2026-10-01T15:01:39.886987-04:00,2026-10-01 15:01,2026-10-01 17:18,2026-10-01,1,win,145.0
2026-10-01,2026020011,BUF @ CBJ,8479420,Tage Thompson,BUF,CBJ,C,points,0.5,-210,150,0.6287,0.909,0.597,Under,150,0.003,0.7,0.597,Under,1,1,,2026-10-01T15:01:39.886987-04:00,2026-10-01 15:01,2026-10-01 17:18,2026-10-01,0,win,150.0
2026-10-01,2026020011,BUF @ CBJ,8477501,Valeri Nichushkin,CBJ,BUF,R,points,0.5,125,-170,0.4138,0.633,0.469,Over,125,0.0246,5.5,0.469,Over,2,2,,2026-10-01T15:01:39.886987-04:00,2026-10-01 15:01,2026-10-01 17:18,2026-10-01,1,win,125.0
2026-10-01,2026020011,BUF @ CBJ,8484145,Zach Benson,BUF,CBJ,L,points,0.5,-105,-125,0.4797,0.671,0.4887,Over,-105,-0.0235,-4.6,0.4887,Over,2,1,,2026-10-01T15:01:39.886987-04:00,2026-10-01 15:01,2026-10-01 17:18,2026-10-01,1,win,95.2
2026-10-01,2026020011,BUF @ CBJ,8478460,Zach Werenski,CBJ,BUF,D,points,0.5,-160,120,0.5752,0.985,0.6267,Over,-160,0.0113,1.8,0.6267,Over,1,1,,2026-10-01T15:01:39.886987-04:00,2026-10-01 15:01,2026-10-01 17:18,2026-10-01,2,win,62.5
2026-10-01,2026020011,BUF @ CBJ,8484166,Adam Fantilli,CBJ,BUF,C,shots,2.5,-105,-130,0.4754,3.022,0.5817,Over,-105,0.0695,13.6,0.5817,Over,1,1,,2026-10-01T15:01:39.886987-04:00,2026-10-01 15:01,2026-10-01 17:18,2026-10-01,2,loss,-100
2026-10-01,2026020011,BUF @ CBJ,8475745,Charlie Coyle,CBJ,BUF,C,shots,1.5,-125,-105,0.5203,2.003,0.5947,Over,-125,0.0391,7.0,0.5947,Over,3,1,,2026-10-01T15:01:39.886987-04:00,2026-10-01 15:01,2026-10-01 17:18,2026-10-01,0,loss,-100
2026-10-01,2026020011,BUF @ CBJ,8478856,Conor Garland,CBJ,BUF,R,shots,1.5,-130,-120,0.5089,1.606,0.477,Under,-120,-0.0224,-4.1,0.477,Under,2,2,,2026-10-01T15:01:39.886987-04:00,2026-10-01 15:01,2026-10-01 17:18,2026-10-01,0,win,83.3
2026-10-01,2026020011,BUF @ CBJ,8483485,Denton Mateychuk,CBJ,BUF,D,shots,1.5,110,-145,0.4459,1.379,0.4009,Under,-145,0.0073,1.2,0.4009,Under,1,2,,2026-10-01T15:01:39.886987-04:00,2026-10-01 15:01,2026-10-01 17:18,2026-10-01,2,loss,-100
2026-10-01,2026020011,BUF @ CBJ,8482097,Jack Quinn,BUF,CBJ,R,shots,2.5,-135,100,0.5347,2.574,0.4751,Under,100,0.0249,5.0,0.4751,Under,2,1,,2026-10-01T15:01:39.886987-04:00,2026-10-01 15:01,2026-10-01 17:18,2026-10-01,4,loss,-100
2026-10-01,2026020011,BUF @ CBJ,8482659,Josh Doan,BUF,CBJ,R,shots,2.5,120,-160,0.4248,2.126,0.3573,Under,-160,0.0273,4.4,0.3573,Under,1,1,,2026-10-01T15:01:39.886987-04:00,2026-10-01 15:01,2026-10-01 17:18,2026-10-01,3,loss,-100
2026-10-01,2026020011,BUF @ CBJ,8480064,Josh Norris,BUF,CBJ,C,shots,1.5,-120,-110,0.5101,1.622,0.4822,Under,-110,-0.006,-1.1,0.4822,Under,1,2,,2026-10-01T15:01:39.886987-04:00,2026-10-01 15:01,2026-10-01 17:18,2026-10-01,1,win,90.9
2026-10-01,2026020011,BUF @ CBJ,8482660,Kent Johnson,CBJ,BUF,C,shots,1.5,-155,120,0.5721,1.86,0.5547,Under,120,-0.0093,-2.0,0.5547,Under,1,1,,2026-10-01T15:01:39.886987-04:00,2026-10-01 15:01,2026-10-01 17:18,2026-10-01,1,win,120.0
2026-10-01,2026020011,BUF @ CBJ,8484797,Konsta Helenius,BUF,CBJ,C,shots,1.5,-105,-130,0.4754,1.402,0.4088,Under,-130,0.026,4.6,0.4088,Under,3,2,,2026-10-01T15:01:39.886987-04:00,2026-10-01 15:01,2026-10-01 17:18,2026-10-01,2,loss,-100
2026-10-01,2026020011,BUF @ CBJ,8481806,Louis Crevier,BUF,CBJ,D,shots,0.5,-240,175,0.66,1.397,0.7525,Over,-240,0.0467,6.6,0.7525,Over,2,,,2026-10-01T15:01:39.886987-04:00,2026-10-01 15:01,2026-10-01 17:18,2026-10-01,1,win,41.7
2026-10-01,2026020011,BUF @ CBJ,8479671,Mathieu Olivier,CBJ,BUF,R,shots,1.5,115,-155,0.4335,1.278,0.3655,Under,-155,0.0267,4.4,0.3655,Under,3,,,2026-10-01T15:01:39.886987-04:00,2026-10-01 15:01,2026-10-01 17:18,2026-10-01,3,loss,-100
2026-10-01,2026020011,BUF @ CBJ,8482720,Matthew Knies,CBJ,BUF,L,shots,1.5,-160,120,0.5752,1.88,0.5605,Under,120,-0.0151,-3.3,0.5605,Under,1,1,,2026-10-01T15:01:39.886987-04:00,2026-10-01 15:01,2026-10-01 17:18,2026-10-01,4,loss,-100
2026-10-01,2026020011,BUF @ CBJ,8483500,Noah Ostlund,BUF,CBJ,C,shots,1.5,110,-145,0.4459,1.376,0.4,Under,-145,0.0082,1.4,0.4,Under,2,2,,2026-10-01T15:01:39.886987-04:00,2026-10-01 15:01,2026-10-01 17:18,2026-10-01,3,loss,-100
2026-10-01,2026020011,BUF @ CBJ,8480839,Rasmus Dahlin,BUF,CBJ,D,shots,2.5,-160,-110,0.5402,2.361,0.4199,Under,-110,0.0563,10.7,0.4199,Under,1,1,,2026-10-01T15:01:39.886987-04:00,2026-10-01 15:01,2026-10-01 17:18,2026-10-01,4,loss,-100
2026-10-01,2026020011,BUF @ CBJ,8477497,Sean Monahan,CBJ,BUF,C,shots,1.5,100,-130,0.4694,1.571,0.4657,Under,-130,-0.031,-5.5,0.4657,Under,2,2,,2026-10-01T15:01:39.886987-04:00,2026-10-01 15:01,2026-10-01 17:18,2026-10-01,1,win,76.9
2026-10-01,2026020011,BUF @ CBJ,8479420,Tage Thompson,BUF,CBJ,C,shots,3.5,100,-160,0.4483,3.255,0.4097,Under,-160,-0.0251,-4.1,0.4097,Under,1,1,,2026-10-01T15:01:39.886987-04:00,2026-10-01 15:01,2026-10-01 17:18,2026-10-01,4,loss,-100
2026-10-01,2026020011,BUF @ CBJ,8477501,Valeri Nichushkin,CBJ,BUF,R,shots,1.5,-180,135,0.6017,1.991,0.5914,Under,135,-0.017,-4.0,0.5914,Under,2,2,,2026-10-01T15:01:39.886987-04:00,2026-10-01 15:01,2026-10-01 17:18,2026-10-01,0,win,135.0
2026-10-01,2026020011,BUF @ CBJ,8484145,Zach Benson,BUF,CBJ,L,shots,1.5,-170,130,0.5915,1.957,0.5823,Under,130,-0.0171,-3.9,0.5823,Under,2,1,,2026-10-01T15:01:39.886987-04:00,2026-10-01 15:01,2026-10-01 17:18,2026-10-01,1,win,130.0
2026-10-01,2026020011,BUF @ CBJ,8478460,Zach Werenski,CBJ,BUF,D,shots,3.5,100,-135,0.4653,3.531,0.47,Over,100,-0.03,-6.0,0.47,Over,1,1,,2026-10-01T15:01:39.886987-04:00,2026-10-01 15:01,2026-10-01 17:18,2026-10-01,3,loss,-100
2026-10-01,2026020012,MIN @ NSH,8477021,Alexander Kerfoot,NSH,MIN,C,points,0.5,170,-230,0.347,0.538,0.416,Over,170,0.0457,12.3,0.416,Over,1,2,,2026-10-01T15:01:39.886987-04:00,2026-10-01 15:01,2026-10-01 17:18,2026-10-01,0,loss,-100
2026-10-01,2026020012,MIN @ NSH,8476399,Blake Coleman,MIN,NSH,L,points,0.5,135,-185,0.396,0.678,0.4924,Over,135,0.0668,15.7,0.4924,Over,1,2,,2026-10-01T15:01:39.886987-04:00,2026-10-01 15:01,2026-10-01 17:18,2026-10-01,1,win,135.0
2026-10-01,2026020012,MIN @ NSH,8476887,Filip Forsberg,NSH,MIN,L,points,0.5,-165,125,0.5835,0.825,0.5618,Under,125,-0.0063,-1.4,0.5618,Under,2,1,,2026-10-01T15:01:39.886987-04:00,2026-10-01 15:01,2026-10-01 17:18,2026-10-01,1,loss,-100
2026-10-01,2026020012,MIN @ NSH,8474716,Jared Spurgeon,MIN,NSH,D,points,0.5,190,-260,0.3232,0.369,0.3084,Under,-260,-0.0306,-4.2,0.3084,Under,1,2,,2026-10-01T15:01:39.886987-04:00,2026-10-01 15:01,2026-10-01 17:18,2026-10-01,1,loss,-100
2026-10-01,2026020012,MIN @ NSH,8478493,Joel Eriksson Ek,MIN,NSH,C,points,0.5,-115,-115,0.5,0.739,0.5223,Over,-115,-0.0126,-2.4,0.5223,Over,1,1,,2026-10-01T15:01:39.886987-04:00,2026-10-01 15:01,2026-10-01 17:18,2026-10-01,0,loss,-100
2026-10-01,2026020012,MIN @ NSH,8476539,Jonathan Marchessault,NSH,MIN,C,points,0.5,145,-195,0.3818,0.531,0.4122,Over,145,0.004,1.0,0.4122,Over,3,2,,2026-10-01T15:01:39.886987-04:00,2026-10-01 15:01,2026-10-01 17:18,2026-10-01,0,loss,-100
2026-10-01,2026020012,MIN @ NSH,8478864,Kirill Kaprizov,MIN,NSH,L,points,0.5,-250,180,0.6667,0.975,0.6229,Under,180,0.0199,5.6,0.6229,Under,2,1,,2026-10-01T15:01:39.886987-04:00,2026-10-01 15:01,2026-10-01 17:18,2026-10-01,1,loss,-100
2026-10-01,2026020012,MIN @ NSH,8481557,Matt Boldy,MIN,NSH,L,points,0.5,-200,150,0.625,0.93,0.6053,Under,150,-0.0053,-1.3,0.6053,Under,1,1,,2026-10-01T15:01:39.886987-04:00,2026-10-01 15:01,2026-10-01 17:18,2026-10-01,0,win,150.0
2026-10-01,2026020012,MIN @ NSH,8484241,Matthew Wood,NSH,MIN,R,points,0.5,125,-165,0.4165,0.498,0.3922,Under,-165,-0.0148,-2.4,0.3922,Under,2,1,,2026-10-01T15:01:39.886987-04:00,2026-10-01 15:01,2026-10-01 17:18,2026-10-01,0,win,60.6
2026-10-01,2026020012,MIN @ NSH,8485702,Maxim Shabanov,MIN,NSH,R,points,0.5,110,-150,0.4425,0.505,0.3968,Under,-150,0.0032,0.5,0.3968,Under,2,1,,2026-10-01T15:01:39.886987-04:00,2026-10-01 15:01,2026-10-01 17:18,2026-10-01,0,win,66.7
2026-10-01,2026020012,MIN @ NSH,8480800,Quinn Hughes,MIN,NSH,D,points,0.5,-180,135,0.6017,0.889,0.5888,Under,135,-0.0143,-3.4,0.5888,Under,1,1,,2026-10-01T15:01:39.886987-04:00,2026-10-01 15:01,2026-10-01 17:18,2026-10-01,1,loss,-100
2026-10-01,2026020012,MIN @ NSH,8474600,Roman Josi,NSH,MIN,D,points,0.5,-135,105,0.5408,0.687,0.4971,Under,105,0.0151,3.1,0.4971,Under,1,1,,2026-10-01T15:01:39.886987-04:00,2026-10-01 15:01,2026-10-01 17:18,2026-10-01,1,loss,-100
2026-10-01,2026020012,MIN @ NSH,8475158,Ryan O'Reilly,NSH,MIN,C,points,0.5,-130,-105,0.5246,0.894,0.5911,Over,-130,0.0258,4.6,0.5911,Over,1,1,,2026-10-01T15:01:39.886987-04:00,2026-10-01 15:01,2026-10-01 17:18,2026-10-01,0,loss,-100
2026-10-01,2026020012,MIN @ NSH,8482715,Ryan Ufko,NSH,MIN,D,points,0.5,220,-325,0.2901,0.44,0.356,Over,220,0.0435,13.9,0.356,Over,1,2,,2026-10-01T15:01:39.886987-04:00,2026-10-01 15:01,2026-10-01 17:18,2026-10-01,0,loss,-100
2026-10-01,2026020012,MIN @ NSH,8474564,Steven Stamkos,NSH,MIN,C,points,0.5,-125,-105,0.5203,0.8,0.5506,Over,-125,-0.0049,-0.9,0.5506,Over,1,1,,2026-10-01T15:01:39.886987-04:00,2026-10-01 15:01,2026-10-01 17:18,2026-10-01,1,win,80.0
2026-10-01,2026020012,MIN @ NSH,8476399,Blake Coleman,MIN,NSH,L,shots,2.5,140,-185,0.3909,2.684,0.5025,Over,140,0.0858,20.6,0.5025,Over,1,2,,2026-10-01T15:01:39.886987-04:00,2026-10-01 15:01,2026-10-01 17:18,2026-10-01,2,loss,-100
2026-10-01,2026020012,MIN @ NSH,8476887,Filip Forsberg,NSH,MIN,L,shots,3.5,135,-180,0.3983,3.225,0.403,Over,135,-0.0225,-5.3,0.403,Over,2,1,,2026-10-01T15:01:39.886987-04:00,2026-10-01 15:01,2026-10-01 17:18,2026-10-01,2,loss,-100
2026-10-01,2026020012,MIN @ NSH,8478493,Joel Eriksson Ek,MIN,NSH,C,shots,2.5,105,-140,0.4554,2.601,0.4818,Over,105,-0.006,-1.2,0.4818,Over,1,1,,2026-10-01T15:01:39.886987-04:00,2026-10-01 15:01,2026-10-01 17:18,2026-10-01,3,win,105.0
2026-10-01,2026020012,MIN @ NSH,8476539,Jonathan Marchessault,NSH,MIN,C,shots,1.5,-130,-105,0.5246,2.097,0.6196,Over,-130,0.0543,9.6,0.6196,Over,3,2,,2026-10-01T15:01:39.886987-04:00,2026-10-01 15:01,2026-10-01 17:18,2026-10-01,0,loss,-100
2026-10-01,2026020012,MIN @ NSH,8478864,Kirill Kaprizov,MIN,NSH,L,shots,3.5,115,-150,0.4367,2.99,0.3505,Under,-150,0.0495,8.2,0.3505,Under,2,1,,2026-10-01T15:01:39.886987-04:00,2026-10-01 15:01,2026-10-01 17:18,2026-10-01,3,win,66.7
2026-10-01,2026020012,MIN @ NSH,8481557,Matt Boldy,MIN,NSH,L,shots,3.5,120,-160,0.4248,3.054,0.3648,Under,-160,0.0198,3.2,0.3648,Under,1,1,,2026-10-01T15:01:39.886987-04:00,2026-10-01 15:01,2026-10-01 17:18,2026-10-01,5,loss,-100
2026-10-01,2026020012,MIN @ NSH,8484241,Matthew Wood,NSH,MIN,R,shots,1.5,-140,105,0.5446,1.865,0.5563,Over,-140,-0.027,-4.6,0.5563,Over,2,1,,2026-10-01T15:01:39.886987-04:00,2026-10-01 15:01,2026-10-01 17:18,2026-10-01,0,loss,-100
2026-10-01,2026020012,MIN @ NSH,8485702,Maxim Shabanov,MIN,NSH,R,shots,1.5,-160,120,0.5752,1.667,0.4963,Under,120,0.0491,10.8,0.4963,Under,2,1,,2026-10-01T15:01:39.886987-04:00,2026-10-01 15:01,2026-10-01 17:18,2026-10-01,0,win,120.0
2026-10-01,2026020012,MIN @ NSH,8480800,Quinn Hughes,MIN,NSH,D,shots,2.5,-105,-125,0.4797,2.518,0.4608,Under,-125,-0.0164,-2.9,0.4608,Under,1,1,,2026-10-01T15:01:39.886987-04:00,2026-10-01 15:01,2026-10-01 17:18,2026-10-01,5,loss,-100
2026-10-01,2026020012,MIN @ NSH,8474600,Roman Josi,NSH,MIN,D,shots,2.5,-125,-105,0.5203,2.627,0.4884,Under,-105,-0.0006,-0.1,0.4884,Under,1,1,,2026-10-01T15:01:39.886987-04:00,2026-10-01 15:01,2026-10-01 17:18,2026-10-01,3,loss,-100
2026-10-01,2026020012,MIN @ NSH,8479525,Ross Colton,NSH,MIN,C,shots,1.5,-125,-105,0.5203,2.01,0.5966,Over,-125,0.041,7.4,0.5966,Over,3,2,,2026-10-01T15:01:39.886987-04:00,2026-10-01 15:01,2026-10-01 17:18,2026-10-01,2,win,80.0
2026-10-01,2026020012,MIN @ NSH,8475158,Ryan O'Reilly,NSH,MIN,C,shots,1.5,-150,115,0.5633,2.132,0.6285,Over,-150,0.0285,4.8,0.6285,Over,1,1,,2026-10-01T15:01:39.886987-04:00,2026-10-01 15:01,2026-10-01 17:18,2026-10-01,4,win,66.7
2026-10-01,2026020012,MIN @ NSH,8474564,Steven Stamkos,NSH,MIN,C,shots,2.5,-115,-115,0.5,2.777,0.525,Over,-115,-0.0099,-1.9,0.525,Over,1,1,,2026-10-01T15:01:39.886987-04:00,2026-10-01 15:01,2026-10-01 17:18,2026-10-01,1,loss,-100
2026-10-01,2026020013,CHI @ UTA,8475314,Anders Lee,UTA,CHI,L,points,0.5,155,-210,0.3666,0.632,0.4685,Over,155,0.0764,19.5,0.4685,Over,2,2,,2026-10-01T15:01:39.886987-04:00,2026-10-01 15:01,2026-10-01 20:26,2026-10-01,1,win,155.0
2026-10-01,2026020013,CHI @ UTA,8485391,Anton Frondell,CHI,UTA,C,points,0.5,100,-130,0.4694,0.748,0.5266,Over,100,0.0266,5.3,0.5266,Over,1,1,,2026-10-01T15:01:39.886987-04:00,2026-10-01 15:01,2026-10-01 20:26,2026-10-01,0,loss,-100
2026-10-01,2026020013,CHI @ UTA,8481524,Bowen Byram,CHI,UTA,D,points,0.5,135,-180,0.3983,0.523,0.4074,Over,135,-0.0182,-4.3,0.4074,Over,1,1,,2026-10-01T15:01:39.886987-04:00,2026-10-01 15:01,2026-10-01 20:26,2026-10-01,0,loss,-100
2026-10-01,2026020013,CHI @ UTA,8479343,Clayton Keller,UTA,CHI,R,points,1.5,175,-240,0.34,1.133,0.3129,Under,-240,-0.0188,-2.7,0.3129,Under,1,1,,2026-10-01T15:01:39.886987-04:00,2026-10-01 15:01,2026-10-01 20:26,2026-10-01,2,loss,-100
2026-10-01,2026020013,CHI @ UTA,8482699,Dylan Guenther,UTA,CHI,R,points,0.5,-175,130,0.5941,0.949,0.6128,Over,-175,-0.0235,-3.7,0.6128,Over,2,1,,2026-10-01T15:01:39.886987-04:00,2026-10-01 15:01,2026-10-01 20:26,2026-10-01,2,win,57.1
2026-10-01,2026020013,CHI @ UTA,8483493,Frank Nazar,CHI,UTA,C,points,0.5,165,-225,0.3528,0.522,0.407,Over,165,0.0296,7.8,0.407,Over,3,2,,2026-10-01T15:01:39.886987-04:00,2026-10-01 15:01,2026-10-01 20:26,2026-10-01,0,loss,-100
2026-10-01,2026020013,CHI @ UTA,8478507,John Marino,UTA,CHI,D,points,0.5,175,-240,0.34,0.453,0.3645,Over,175,0.0009,0.2,0.3645,Over,2,2,,2026-10-01T15:01:39.886987-04:00,2026-10-01 15:01,2026-10-01 20:26,2026-10-01,0,loss,-100
2026-10-01,2026020013,CHI @ UTA,8483431,Logan Cooley,UTA,CHI,C,points,0.5,-145,110,0.5541,0.861,0.5773,Over,-145,-0.0145,-2.4,0.5773,Over,2,1,,2026-10-01T15:01:39.886987-04:00,2026-10-01 15:01,2026-10-01 20:26,2026-10-01,1,win,69.0
2026-10-01,2026020013,CHI @ UTA,8477346,MacKenzie Weegar,UTA,CHI,D,points,0.5,155,-210,0.3666,0.386,0.3204,Under,-210,0.0022,0.3,0.3204,Under,1,,,2026-10-01T15:01:39.886987-04:00,2026-10-01 15:01,2026-10-01 20:26,2026-10-01,0,win,47.6
2026-10-01,2026020013,CHI @ UTA,8479410,Mikhail Sergachev,UTA,CHI,D,points,0.5,-165,125,0.5835,0.748,0.5268,Under,125,0.0287,6.5,0.5268,Under,1,1,,2026-10-01T15:01:39.886987-04:00,2026-10-01 15:01,2026-10-01 20:26,2026-10-01,1,loss,-100
2026-10-01,2026020013,CHI @ UTA,8477220,Nate Schmidt,UTA,CHI,D,points,0.5,210,-300,0.3008,0.29,0.2517,Under,-300,-0.0017,-0.2,0.2517,Under,2,,,2026-10-01T15:01:39.886987-04:00,2026-10-01 15:01,2026-10-01 20:26,2026-10-01,1,loss,-100
2026-10-01,2026020013,CHI @ UTA,8477951,Nick Schmaltz,UTA,CHI,C,points,0.5,-185,140,0.6091,0.979,0.6242,Over,-185,-0.025,-3.8,0.6242,Over,1,1,,2026-10-01T15:01:39.886987-04:00,2026-10-01 15:01,2026-10-01 20:26,2026-10-01,1,win,54.1
2026-10-01,2026020013,CHI @ UTA,8474141,Patrick Kane,CHI,UTA,R,points,0.5,-130,100,0.5306,0.834,0.5656,Over,-130,0.0004,0.1,0.5656,Over,1,1,,2026-10-01T15:01:39.886987-04:00,2026-10-01 15:01,2026-10-01 20:26,2026-10-01,0,loss,-100
2026-10-01,2026020013,CHI @ UTA,8484390,Roman Kantserov,CHI,UTA,R,points,0.5,150,-200,0.375,0.657,0.4814,Over,150,0.0814,20.3,0.4814,Over,2,1,,2026-10-01T15:01:39.886987-04:00,2026-10-01 15:01,2026-10-01 20:26,2026-10-01,0,loss,-100
2026-10-01,2026020013,CHI @ UTA,8477479,Tyler Bertuzzi,CHI,UTA,L,points,0.5,115,-155,0.4335,0.712,0.5092,Over,115,0.0441,9.5,0.5092,Over,1,1,,2026-10-01T15:01:39.886987-04:00,2026-10-01 15:01,2026-10-01 20:26,2026-10-01,0,loss,-100
2026-10-01,2026020013,CHI @ UTA,8476389,Vincent Trocheck,UTA,CHI,C,points,0.5,-110,-120,0.4899,0.819,0.559,Over,-110,0.0352,6.7,0.559,Over,1,2,,2026-10-01T15:01:39.886987-04:00,2026-10-01 15:01,2026-10-01 20:26,2026-10-01,1,win,90.9
2026-10-01,2026020013,CHI @ UTA,8475314,Anders Lee,UTA,CHI,L,shots,1.5,-155,115,0.5665,2.539,0.7207,Over,-155,0.1129,18.6,0.7207,Over,2,2,,2026-10-01T15:01:39.886987-04:00,2026-10-01 15:01,2026-10-01 20:26,2026-10-01,4,win,64.5
2026-10-01,2026020013,CHI @ UTA,8479369,Andrew Peeke,UTA,CHI,D,shots,1.5,100,-130,0.4694,1.101,0.3013,Under,-130,0.1334,23.6,0.3013,Under,3,,,2026-10-01T15:01:39.886987-04:00,2026-10-01 15:01,2026-10-01 20:26,2026-10-01,0,win,76.9
2026-10-01,2026020013,CHI @ UTA,8485391,Anton Frondell,CHI,UTA,C,shots,2.5,-105,-125,0.4797,2.544,0.4675,Under,-125,-0.0231,-4.1,0.4675,Under,1,1,,2026-10-01T15:01:39.886987-04:00,2026-10-01 15:01,2026-10-01 20:26,2026-10-01,3,loss,-100
2026-10-01,2026020013,CHI @ UTA,8480849,Barrett Hayton,UTA,CHI,C,shots,1.5,120,-160,0.4248,1.435,0.4204,Under,-160,-0.0357,-5.8,0.4732,Over,3,,,2026-10-01T15:01:39.886987-04:00,2026-10-01 15:01,2026-10-01 20:26,2026-10-01,4,loss,-100
2026-10-01,2026020013,CHI @ UTA,8481524,Bowen Byram,CHI,UTA,D,shots,1.5,100,-130,0.4694,1.268,0.3619,Under,-130,0.0729,12.9,0.3619,Under,1,1,,2026-10-01T15:01:39.886987-04:00,2026-10-01 15:01,2026-10-01 20:26,2026-10-01,0,win,76.9
2026-10-01,2026020013,CHI @ UTA,8479343,Clayton Keller,UTA,CHI,R,shots,2.5,-165,120,0.578,3.053,0.5885,Over,-165,-0.0342,-5.5,0.5885,Over,1,1,,2026-10-01T15:01:39.886987-04:00,2026-10-01 15:01,2026-10-01 20:26,2026-10-01,4,win,60.6
2026-10-01,2026020013,CHI @ UTA,8482699,Dylan Guenther,UTA,CHI,R,shots,3.5,120,-160,0.4248,3.533,0.4704,Over,120,0.0158,3.5,0.4704,Over,2,1,,2026-10-01T15:01:39.886987-04:00,2026-10-01 15:01,2026-10-01 20:26,2026-10-01,5,win,120.0
2026-10-01,2026020013,CHI @ UTA,8483493,Frank Nazar,CHI,UTA,C,shots,1.5,-115,-130,0.4862,1.659,0.494,Over,-115,-0.0409,-7.6,0.494,Over,3,2,,2026-10-01T15:01:39.886987-04:00,2026-10-01 15:01,2026-10-01 20:26,2026-10-01,0,loss,-100
2026-10-01,2026020013,CHI @ UTA,8483431,Logan Cooley,UTA,CHI,C,shots,1.5,-190,140,0.6113,2.255,0.6586,Over,-190,0.0034,0.5,0.6586,Over,2,1,,2026-10-01T15:01:39.886987-04:00,2026-10-01 15:01,2026-10-01 20:26,2026-10-01,0,loss,-100
2026-10-01,2026020013,CHI @ UTA,8477346,MacKenzie Weegar,UTA,CHI,D,shots,1.5,-175,130,0.5941,1.808,0.5395,Under,130,0.0257,5.9,0.5395,Under,1,,,2026-10-01T15:01:39.886987-04:00,2026-10-01 15:01,2026-10-01 20:26,2026-10-01,2,loss,-100
2026-10-01,2026020013,CHI @ UTA,8479410,Mikhail Sergachev,UTA,CHI,D,shots,2.5,120,-160,0.4248,2.107,0.3524,Under,-160,0.0322,5.2,0.3524,Under,1,1,,2026-10-01T15:01:39.886987-04:00,2026-10-01 15:01,2026-10-01 20:26,2026-10-01,3,loss,-100
2026-10-01,2026020013,CHI @ UTA,8477951,Nick Schmaltz,UTA,CHI,C,shots,2.5,125,-155,0.4224,2.814,0.534,Over,125,0.0895,20.1,0.534,Over,1,1,,2026-10-01T15:01:39.886987-04:00,2026-10-01 15:01,2026-10-01 20:26,2026-10-01,2,loss,-100
2026-10-01,2026020013,CHI @ UTA,8474141,Patrick Kane,CHI,UTA,R,shots,2.5,130,-170,0.4085,2.434,0.4391,Over,130,0.0044,1.0,0.4391,Over,1,1,,2026-10-01T15:01:39.886987-04:00,2026-10-01 15:01,2026-10-01 20:26,2026-10-01,0,loss,-100
2026-10-01,2026020013,CHI @ UTA,8484390,Roman Kantserov,CHI,UTA,R,shots,1.5,-115,-140,0.4783,1.975,0.5872,Over,-115,0.0523,9.8,0.5872,Over,2,1,,2026-10-01T15:01:39.886987-04:00,2026-10-01 15:01,2026-10-01 20:26,2026-10-01,0,loss,-100
2026-10-01,2026020013,CHI @ UTA,8477479,Tyler Bertuzzi,CHI,UTA,L,shots,1.5,-140,105,0.5446,1.944,0.5787,Over,-140,-0.0046,-0.8,0.5787,Over,1,1,,2026-10-01T15:01:39.886987-04:00,2026-10-01 15:01,2026-10-01 20:26,2026-10-01,2,win,71.4
2026-10-01,2026020013,CHI @ UTA,8476389,Vincent Trocheck,UTA,CHI,C,shots,1.5,-150,110,0.5575,2.177,0.6397,Over,-150,0.0397,6.6,0.6397,Over,1,2,,2026-10-01T15:01:39.886987-04:00,2026-10-01 15:01,2026-10-01 20:26,2026-10-01,1,loss,-100
2026-10-01,2026020014,SEA @ CGY,8482259,Bobby McMann,SEA,CGY,C,points,0.5,110,-145,0.4459,0.691,0.499,Over,110,0.0228,4.8,0.499,Over,2,1,,2026-10-01T15:01:39.886987-04:00,2026-10-01 15:01,2026-10-01 20:26,2026-10-01,0,loss,-100
2026-10-01,2026020014,SEA @ CGY,8477986,Brandon Montour,SEA,CGY,D,points,0.5,125,-170,0.4138,0.447,0.3603,Under,-170,0.01,1.6,0.3603,Under,2,2,,2026-10-01T15:01:39.886987-04:00,2026-10-01 15:01,2026-10-01 20:26,2026-10-01,0,win,58.8
2026-10-01,2026020014,SEA @ CGY,8476905,Chandler Stephenson,SEA,CGY,C,points,0.5,-105,-125,0.4797,0.666,0.4862,Over,-105,-0.026,-5.1,0.4862,Over,2,1,,2026-10-01T15:01:39.886987-04:00,2026-10-01 15:01,2026-10-01 20:26,2026-10-01,1,win,95.2
2026-10-01,2026020014,SEA @ CGY,8477955,Jared McCann,SEA,CGY,L,points,0.5,-135,105,0.5408,0.735,0.5203,Under,105,-0.0081,-1.7,0.5203,Under,1,1,,2026-10-01T15:01:39.886987-04:00,2026-10-01 15:01,2026-10-01 20:26,2026-10-01,3,loss,-100
2026-10-01,2026020014,SEA @ CGY,8480797,Joel Farabee,CGY,SEA,L,points,0.5,110,-145,0.4459,0.641,0.4734,Over,110,-0.0028,-0.6,0.4734,Over,2,1,,2026-10-01T15:01:39.886987-04:00,2026-10-01 15:01,2026-10-01 20:26,2026-10-01,0,loss,-100
2026-10-01,2026020014,SEA @ CGY,8474586,Jordan Eberle,SEA,CGY,R,points,0.5,-115,-115,0.5,0.693,0.4997,Under,-115,-0.0346,-6.5,0.4997,Under,2,1,,2026-10-01T15:01:39.886987-04:00,2026-10-01 15:01,2026-10-01 20:26,2026-10-01,1,loss,-100
2026-10-01,2026020014,SEA @ CGY,8481554,Kaapo Kakko,SEA,CGY,R,points,0.5,140,-190,0.3887,0.585,0.443,Over,140,0.0263,6.3,0.443,Over,1,2,,2026-10-01T15:01:39.886987-04:00,2026-10-01 15:01,2026-10-01 20:26,2026-10-01,2,win,140.0
2026-10-01,2026020014,SEA @ CGY,8482679,Matt Coronato,CGY,SEA,R,points,0.5,-130,-105,0.5246,0.726,0.5163,Under,-105,-0.0285,-5.6,0.5163,Under,1,1,,2026-10-01T15:01:39.886987-04:00,2026-10-01 15:01,2026-10-01 20:26,2026-10-01,0,win,95.2
2026-10-01,2026020014,SEA @ CGY,8482665,Matty Beniers,SEA,CGY,C,points,0.5,100,-130,0.4694,0.619,0.4615,Under,-130,-0.0267,-4.7,0.4615,Under,1,2,,2026-10-01T15:01:39.886987-04:00,2026-10-01 15:01,2026-10-01 20:26,2026-10-01,2,loss,-100
2026-10-01,2026020014,SEA @ CGY,8484860,Matvei Gridin,CGY,SEA,R,points,0.5,-105,-125,0.4797,0.77,0.5372,Over,-105,0.025,4.9,0.5372,Over,1,1,,2026-10-01T15:01:39.886987-04:00,2026-10-01 15:01,2026-10-01 20:26,2026-10-01,0,loss,-100
2026-10-01,2026020014,SEA @ CGY,8474150,Mikael Backlund,CGY,SEA,C,points,0.5,130,-175,0.4059,0.552,0.4244,Over,130,-0.0104,-2.4,0.4244,Over,2,,,2026-10-01T15:01:39.886987-04:00,2026-10-01 15:01,2026-10-01 20:26,2026-10-01,0,loss,-100
2026-10-01,2026020014,SEA @ CGY,8480028,Morgan Frost,CGY,SEA,C,points,0.5,-105,-125,0.4797,0.69,0.4984,Over,-105,-0.0138,-2.7,0.4984,Over,1,1,,2026-10-01T15:01:39.886987-04:00,2026-10-01 15:01,2026-10-01 20:26,2026-10-01,0,loss,-100
2026-10-01,2026020014,SEA @ CGY,8476458,Ryan Strome,CGY,SEA,C,points,0.5,140,-185,0.3909,0.463,0.3706,Under,-185,-0.0197,-3.0,0.3706,Under,3,2,,2026-10-01T15:01:39.886987-04:00,2026-10-01 15:01,2026-10-01 20:26,2026-10-01,1,loss,-100
2026-10-01,2026020014,SEA @ CGY,8483495,Simon Nemec,CGY,SEA,D,points,0.5,170,-230,0.347,0.44,0.356,Over,170,-0.0144,-3.9,0.356,Over,1,2,,2026-10-01T15:01:39.886987-04:00,2026-10-01 15:01,2026-10-01 20:26,2026-10-01,0,loss,-100
2026-10-01,2026020014,SEA @ CGY,8478407,Vince Dunn,SEA,CGY,D,points,0.5,-105,-125,0.4797,0.508,0.3984,Under,-125,0.046,8.3,0.3984,Under,1,1,,2026-10-01T15:01:39.886987-04:00,2026-10-01 15:01,2026-10-01 20:26,2026-10-01,3,loss,-100
2026-10-01,2026020014,SEA @ CGY,8484768,Zayne Parekh,CGY,SEA,D,points,0.5,135,-185,0.396,0.469,0.3742,Under,-185,-0.0233,-3.6,0.3742,Under,2,1,,2026-10-01T15:01:39.886987-04:00,2026-10-01 15:01,2026-10-01 20:26,2026-10-01,0,win,54.1
2026-10-01,2026020014,SEA @ CGY,8476457,Adam Larsson,SEA,CGY,D,shots,1.5,-120,-110,0.5101,1.295,0.3713,Under,-110,0.1049,20.0,0.3713,Under,1,,,2026-10-01T15:01:39.886987-04:00,2026-10-01 15:01,2026-10-01 20:26,2026-10-01,1,win,90.9
2026-10-01,2026020014,SEA @ CGY,8482259,Bobby McMann,SEA,CGY,C,shots,2.5,-115,-120,0.4951,2.698,0.5059,Over,-115,-0.0289,-5.4,0.5059,Over,2,1,,2026-10-01T15:01:39.886987-04:00,2026-10-01 15:01,2026-10-01 20:26,2026-10-01,3,win,87.0
2026-10-01,2026020014,SEA @ CGY,8477986,Brandon Montour,SEA,CGY,D,shots,2.5,-160,120,0.5752,2.3,0.404,Under,120,0.1415,31.1,0.404,Under,2,2,,2026-10-01T15:01:39.886987-04:00,2026-10-01 15:01,2026-10-01 20:26,2026-10-01,4,loss,-100
2026-10-01,2026020014,SEA @ CGY,8482074,Connor Zary,CGY,SEA,C,shots,1.5,-125,-105,0.5203,1.546,0.4574,Under,-105,0.0305,5.9,0.4574,Under,3,2,,2026-10-01T15:01:39.886987-04:00,2026-10-01 15:01,2026-10-01 20:26,2026-10-01,1,win,95.2
2026-10-01,2026020014,SEA @ CGY,8477955,Jared McCann,SEA,CGY,L,shots,1.5,-195,145,0.6182,2.505,0.7136,Over,-195,0.0526,8.0,0.7136,Over,1,1,,2026-10-01T15:01:39.886987-04:00,2026-10-01 15:01,2026-10-01 20:26,2026-10-01,4,win,51.3
2026-10-01,2026020014,SEA @ CGY,8480797,Joel Farabee,CGY,SEA,L,shots,1.5,-170,125,0.5862,2.124,0.6265,Over,-170,-0.0031,-0.5,0.6265,Over,2,1,,2026-10-01T15:01:39.886987-04:00,2026-10-01 15:01,2026-10-01 20:26,2026-10-01,1,loss,-100
2026-10-01,2026020014,SEA @ CGY,8474586,Jordan Eberle,SEA,CGY,R,shots,1.5,-165,125,0.5835,1.994,0.5923,Over,-165,-0.0304,-4.9,0.5923,Over,2,1,,2026-10-01T15:01:39.886987-04:00,2026-10-01 15:01,2026-10-01 20:26,2026-10-01,4,win,60.6
2026-10-01,2026020014,SEA @ CGY,8482679,Matt Coronato,CGY,SEA,R,shots,2.5,-115,-135,0.4822,2.868,0.5467,Over,-115,0.0118,2.2,0.5467,Over,1,1,,2026-10-01T15:01:39.886987-04:00,2026-10-01 15:01,2026-10-01 20:26,2026-10-01,1,loss,-100
2026-10-01,2026020014,SEA @ CGY,8482665,Matty Beniers,SEA,CGY,C,shots,1.5,-165,120,0.578,1.805,0.5386,Under,120,0.0069,1.5,0.5386,Under,1,2,,2026-10-01T15:01:39.886987-04:00,2026-10-01 15:01,2026-10-01 20:26,2026-10-01,1,win,120.0
2026-10-01,2026020014,SEA @ CGY,8484860,Matvei Gridin,CGY,SEA,R,shots,2.5,-105,-125,0.4797,2.544,0.4674,Under,-125,-0.023,-4.1,0.4674,Under,1,1,,2026-10-01T15:01:39.886987-04:00,2026-10-01 15:01,2026-10-01 20:26,2026-10-01,0,win,80.0
2026-10-01,2026020014,SEA @ CGY,8474150,Mikael Backlund,CGY,SEA,C,shots,1.5,-195,145,0.6182,1.988,0.5908,Under,145,0.001,0.2,0.5908,Under,2,,,2026-10-01T15:01:39.886987-04:00,2026-10-01 15:01,2026-10-01 20:26,2026-10-01,1,win,145.0
2026-10-01,2026020014,SEA @ CGY,8480028,Morgan Frost,CGY,SEA,C,shots,2.5,105,-145,0.4518,2.199,0.3769,Under,-145,0.0313,5.3,0.3769,Under,1,1,,2026-10-01T15:01:39.886987-04:00,2026-10-01 15:01,2026-10-01 20:26,2026-10-01,2,win,69.0
2026-10-01,2026020014,SEA @ CGY,8482751,Ryan Winterton,SEA,CGY,C,shots,1.5,-105,-125,0.4797,1.354,0.3922,Under,-125,0.0523,9.4,0.3922,Under,3,,,2026-10-01T15:01:39.886987-04:00,2026-10-01 15:01,2026-10-01 20:26,2026-10-01,3,loss,-100
2026-10-01,2026020014,SEA @ CGY,8483495,Simon Nemec,CGY,SEA,D,shots,1.5,-115,-115,0.5,1.717,0.512,Over,-115,-0.0229,-4.3,0.512,Over,1,2,,2026-10-01T15:01:39.886987-04:00,2026-10-01 15:01,2026-10-01 20:26,2026-10-01,4,win,87.0
2026-10-01,2026020014,SEA @ CGY,8478407,Vince Dunn,SEA,CGY,D,shots,2.5,100,-145,0.4579,2.022,0.3293,Under,-145,0.0788,13.3,0.3293,Under,1,1,,2026-10-01T15:01:39.886987-04:00,2026-10-01 15:01,2026-10-01 20:26,2026-10-01,2,win,69.0
2026-10-01,2026020014,SEA @ CGY,8481068,Yegor Sharangovich,CGY,SEA,C,shots,1.5,-155,115,0.5665,1.698,0.5061,Under,115,0.0288,6.2,0.5061,Under,3,2,,2026-10-01T15:01:39.886987-04:00,2026-10-01 15:01,2026-10-01 20:26,2026-10-01,1,win,115.0
2026-10-01,2026020014,SEA @ CGY,8484768,Zayne Parekh,CGY,SEA,D,shots,1.5,-125,-110,0.5147,1.909,0.5688,Over,-125,0.0133,2.4,0.5688,Over,2,1,,2026-10-01T15:01:39.886987-04:00,2026-10-01 15:01,2026-10-01 20:26,2026-10-01,1,loss,-100
2026-10-01,2026020015,EDM @ VAN,8478444,Brock Boeser,VAN,EDM,R,points,0.5,-120,-110,0.5101,0.708,0.5071,Under,-110,-0.0309,-5.9,0.5071,Under,2,1,,2026-10-01T15:01:39.886987-04:00,2026-10-01 15:01,2026-10-01 20:26,2026-10-01,2,loss,-100
2026-10-01,2026020015,EDM @ VAN,8478402,Connor McDavid,EDM,VAN,C,points,1.5,-150,115,0.5633,1.571,0.4658,Under,115,0.0691,14.9,0.4658,Under,1,1,,2026-10-01T15:01:39.886987-04:00,2026-10-01 15:01,2026-10-01 20:26,2026-10-01,5,loss,-100
2026-10-01,2026020015,EDM @ VAN,8480012,Elias Pettersson,VAN,EDM,C,points,0.5,-125,-105,0.5203,0.744,0.5249,Over,-125,-0.0306,-5.5,0.5249,Over,1,1,,2026-10-01T15:01:39.886987-04:00,2026-10-01 15:01,2026-10-01 20:26,2026-10-01,3,win,80.0
2026-10-01,2026020015,EDM @ VAN,8483678,Elias Pettersson,VAN,EDM,D,points,0.5,-125,-105,0.5203,0.312,0.268,Under,-105,0.2198,42.9,0.268,Under,1,1,,2026-10-01T15:01:39.886987-04:00,2026-10-01 15:01,2026-10-01 20:26,2026-10-01,0,win,95.2
2026-10-01,2026020015,EDM @ VAN,8480803,Evan Bouchard,EDM,VAN,D,points,1.5,160,-220,0.3587,1.143,0.3168,Under,-220,-0.0043,-0.6,0.3168,Under,1,1,,2026-10-01T15:01:39.886987-04:00,2026-10-01 15:01,2026-10-01 20:26,2026-10-01,3,loss,-100
2026-10-01,2026020015,EDM @ VAN,8479425,Filip Hronek,VAN,EDM,D,points,0.5,-125,-110,0.5147,0.651,0.4787,Under,-110,-0.0025,-0.5,0.4787,Under,1,1,,2026-10-01T15:01:39.886987-04:00,2026-10-01 15:01,2026-10-01 20:26,2026-10-01,2,loss,-100
2026-10-01,2026020015,EDM @ VAN,8478498,Jake DeBrusk,VAN,EDM,L,points,0.5,-110,-125,0.4853,0.626,0.4655,Under,-125,-0.021,-3.8,0.4655,Under,1,1,,2026-10-01T15:01:39.886987-04:00,2026-10-01 15:01,2026-10-01 20:26,2026-10-01,0,win,80.0
2026-10-01,2026020015,EDM @ VAN,8483476,Jonathan Lekkerimaki,VAN,EDM,R,points,0.5,160,-220,0.3587,0.463,0.3706,Over,160,-0.014,-3.6,0.3706,Over,1,2,,2026-10-01T15:01:39.886987-04:00,2026-10-01 15:01,2026-10-01 20:26,2026-10-01,1,win,160.0
2026-10-01,2026020015,EDM @ VAN,8477953,Kasperi Kapanen,EDM,VAN,R,points,0.5,-105,-130,0.4754,0.548,0.4222,Under,-130,0.0126,2.2,0.4222,Under,2,2,,2026-10-01T15:01:39.886987-04:00,2026-10-01 15:01,2026-10-01 20:26,2026-10-01,2,loss,-100
2026-10-01,2026020015,EDM @ VAN,8477934,Leon Draisaitl,EDM,VAN,C,points,1.5,-110,-120,0.4899,1.28,0.366,Under,-120,0.0886,16.2,0.366,Under,1,1,,2026-10-01T15:01:39.886987-04:00,2026-10-01 15:01,2026-10-01 20:26,2026-10-01,3,loss,-100
2026-10-01,2026020015,EDM @ VAN,8483499,Liam Ohgren,VAN,EDM,L,points,0.5,170,-230,0.347,0.553,0.425,Over,170,0.0546,14.7,0.425,Over,2,2,,2026-10-01T15:01:39.886987-04:00,2026-10-01 15:01,2026-10-01 20:26,2026-10-01,1,win,170.0
2026-10-01,2026020015,EDM @ VAN,8482079,Marco Rossi,VAN,EDM,C,points,0.5,115,-150,0.4367,0.616,0.4598,Over,115,-0.0053,-1.1,0.4598,Over,2,2,,2026-10-01T15:01:39.886987-04:00,2026-10-01 15:01,2026-10-01 20:26,2026-10-01,3,win,115.0
2026-10-01,2026020015,EDM @ VAN,8475218,Mattias Ekholm,EDM,VAN,D,points,0.5,165,-230,0.3513,0.509,0.3988,Over,165,0.0214,5.7,0.3988,Over,1,,,2026-10-01T15:01:39.886987-04:00,2026-10-01 15:01,2026-10-01 20:26,2026-10-01,0,loss,-100
2026-10-01,2026020015,EDM @ VAN,8481617,Vasily Podkolzin,EDM,VAN,R,points,0.5,-165,125,0.5835,0.834,0.5656,Under,125,-0.01,-2.3,0.5656,Under,1,1,,2026-10-01T15:01:39.886987-04:00,2026-10-01 15:01,2026-10-01 20:26,2026-10-01,2,loss,-100
2026-10-01,2026020015,EDM @ VAN,8484798,Zeev Buium,VAN,EDM,D,points,0.5,115,-150,0.4367,0.422,0.3446,Under,-150,0.0554,9.2,0.3446,Under,1,1,,2026-10-01T15:01:39.886987-04:00,2026-10-01 15:01,2026-10-01 20:26,2026-10-01,0,win,66.7
2026-10-01,2026020015,EDM @ VAN,8478444,Brock Boeser,VAN,EDM,R,shots,2.5,110,-145,0.4459,2.084,0.3461,Under,-145,0.0621,10.5,0.3461,Under,2,1,,2026-10-01T15:01:39.886987-04:00,2026-10-01 15:01,2026-10-01 20:26,2026-10-01,2,win,69.0
2026-10-01,2026020015,EDM @ VAN,8478402,Connor McDavid,EDM,VAN,C,shots,3.5,-115,-115,0.5,3.306,0.4211,Under,-115,0.0441,8.2,0.4211,Under,1,1,,2026-10-01T15:01:39.886987-04:00,2026-10-01 15:01,2026-10-01 20:26,2026-10-01,3,win,87.0
2026-10-01,2026020015,EDM @ VAN,8482055,Drew O'Connor,VAN,EDM,L,shots,1.5,100,-130,0.4694,1.629,0.4844,Over,100,-0.0156,-3.1,0.4844,Over,3,,,2026-10-01T15:01:39.886987-04:00,2026-10-01 15:01,2026-10-01 20:26,2026-10-01,0,loss,-100
2026-10-01,2026020015,EDM @ VAN,8480012,Elias Pettersson,VAN,EDM,C,shots,2.5,145,-195,0.3818,1.865,0.2868,Under,-195,0.0522,7.9,0.2868,Under,1,1,,2026-10-01T15:01:39.886987-04:00,2026-10-01 15:01,2026-10-01 20:26,2026-10-01,2,win,51.3
2026-10-01,2026020015,EDM @ VAN,8483678,Elias Pettersson,VAN,EDM,D,shots,2.5,145,-195,0.3818,1.137,0.1071,Under,-195,0.2319,35.1,0.1071,Under,1,1,,2026-10-01T15:01:39.886987-04:00,2026-10-01 15:01,2026-10-01 20:26,2026-10-01,0,win,51.3
2026-10-01,2026020015,EDM @ VAN,8480803,Evan Bouchard,EDM,VAN,D,shots,2.5,-145,110,0.5541,2.8,0.5306,Under,110,-0.0068,-1.4,0.5306,Under,1,1,,2026-10-01T15:01:39.886987-04:00,2026-10-01 15:01,2026-10-01 20:26,2026-10-01,4,loss,-100
2026-10-01,2026020015,EDM @ VAN,8479425,Filip Hronek,VAN,EDM,D,shots,2.5,135,-210,0.3858,1.683,0.2384,Under,-210,0.0842,12.4,0.2384,Under,1,1,,2026-10-01T15:01:39.886987-04:00,2026-10-01 15:01,2026-10-01 20:26,2026-10-01,1,win,47.6
2026-10-01,2026020015,EDM @ VAN,8478498,Jake DeBrusk,VAN,EDM,L,shots,2.5,-145,110,0.5541,2.26,0.3932,Under,110,0.1306,27.4,0.3932,Under,1,1,,2026-10-01T15:01:39.886987-04:00,2026-10-01 15:01,2026-10-01 20:26,2026-10-01,4,loss,-100
2026-10-01,2026020015,EDM @ VAN,8483476,Jonathan Lekkerimaki,VAN,EDM,R,shots,1.5,100,-140,0.4615,1.355,0.3926,Under,-140,0.0241,4.1,0.3926,Under,1,2,,2026-10-01T15:01:39.886987-04:00,2026-10-01 15:01,2026-10-01 20:26,2026-10-01,1,win,71.4
2026-10-01,2026020015,EDM @ VAN,8477953,Kasperi Kapanen,EDM,VAN,R,shots,1.5,-170,125,0.5862,1.608,0.4776,Under,125,0.0779,17.5,0.4776,Under,2,2,,2026-10-01T15:01:39.886987-04:00,2026-10-01 15:01,2026-10-01 20:26,2026-10-01,1,win,125.0
2026-10-01,2026020015,EDM @ VAN,8477934,Leon Draisaitl,EDM,VAN,C,shots,3.5,110,-140,0.4494,2.874,0.3246,Under,-140,0.0921,15.8,0.3246,Under,1,1,,2026-10-01T15:01:39.886987-04:00,2026-10-01 15:01,2026-10-01 20:26,2026-10-01,5,loss,-100
2026-10-01,2026020015,EDM @ VAN,8481024,Linus Karlsson,VAN,EDM,C,shots,1.5,110,-145,0.4459,1.504,0.4434,Under,-145,-0.0352,-6.0,0.4434,Under,3,2,,2026-10-01T15:01:39.886987-04:00,2026-10-01 15:01,2026-10-01 20:26,2026-10-01,1,win,69.0
2026-10-01,2026020015,EDM @ VAN,8475218,Mattias Ekholm,EDM,VAN,D,shots,1.5,-135,100,0.5347,1.673,0.4983,Under,100,0.0017,0.3,0.4983,Under,1,,,2026-10-01T15:01:39.886987-04:00,2026-10-01 15:01,2026-10-01 20:26,2026-10-01,0,win,100.0
2026-10-01,2026020015,EDM @ VAN,8481617,Vasily Podkolzin,EDM,VAN,R,shots,2.5,-135,100,0.5347,2.71,0.5088,Under,100,-0.0088,-1.8,0.5088,Under,1,1,,2026-10-01T15:01:39.886987-04:00,2026-10-01 15:01,2026-10-01 20:26,2026-10-01,4,loss,-100
2026-10-01,2026020015,EDM @ VAN,8484798,Zeev Buium,VAN,EDM,D,shots,1.5,110,-145,0.4459,1.219,0.3442,Under,-145,0.0639,10.8,0.3442,Under,1,1,,2026-10-01T15:01:39.886987-04:00,2026-10-01 15:01,2026-10-01 20:26,2026-10-01,3,loss,-100
2026-10-01,2026020016,FLA @ SJS,8477932,Aaron Ekblad,FLA,SJS,D,points,0.5,155,-210,0.3666,0.497,0.3914,Over,155,-0.0008,-0.2,0.3914,Over,1,2,,2026-10-01T15:01:39.886987-04:00,2026-10-01 15:01,2026-10-01 20:26,2026-10-01,1,win,155.0
2026-10-01,2026020016,FLA @ SJS,8477493,Aleksander Barkov,FLA,SJS,C,points,0.5,-200,150,0.625,1.006,0.6344,Over,-200,-0.0323,-4.8,0.6344,Over,1,1,,2026-10-01T15:01:39.886987-04:00,2026-10-01 15:01,2026-10-01 20:26,2026-10-01,0,loss,-100
2026-10-01,2026020016,FLA @ SJS,8477505,Alexander Wennberg,SJS,FLA,C,points,0.5,115,-155,0.4335,0.686,0.4965,Over,115,0.0313,6.7,0.4965,Over,3,1,,2026-10-01T15:01:39.886987-04:00,2026-10-01 15:01,2026-10-01 20:26,2026-10-01,0,loss,-100
2026-10-01,2026020016,FLA @ SJS,8482113,Anton Lundell,FLA,SJS,C,points,0.5,130,-175,0.4059,0.693,0.4997,Over,130,0.0649,14.9,0.4997,Over,3,2,,2026-10-01T15:01:39.886987-04:00,2026-10-01 15:01,2026-10-01 20:26,2026-10-01,1,win,130.0
2026-10-01,2026020016,FLA @ SJS,8480801,Brady Tkachuk,FLA,SJS,L,points,0.5,-175,130,0.5941,0.896,0.5917,Under,130,-0.0265,-6.1,0.5917,Under,1,1,,2026-10-01T15:01:39.886987-04:00,2026-10-01 15:01,2026-10-01 20:26,2026-10-01,0,win,130.0
2026-10-01,2026020016,FLA @ SJS,8477409,Carter Verhaeghe,FLA,SJS,C,points,0.5,-120,-110,0.5101,0.825,0.5615,Over,-120,0.0161,3.0,0.5615,Over,2,2,,2026-10-01T15:01:39.886987-04:00,2026-10-01 15:01,2026-10-01 20:26,2026-10-01,0,loss,-100
2026-10-01,2026020016,FLA @ SJS,8475200,Dmitry Orlov,SJS,FLA,D,points,0.5,145,-190,0.3839,0.369,0.3088,Under,-190,0.036,5.5,0.3088,Under,3,2,,2026-10-01T15:01:39.886987-04:00,2026-10-01 15:01,2026-10-01 20:26,2026-10-01,0,win,52.6
2026-10-01,2026020016,FLA @ SJS,8478055,Gustav Forsling,FLA,SJS,D,points,0.5,170,-230,0.347,0.487,0.3854,Over,170,0.015,4.1,0.3854,Over,1,2,,2026-10-01T15:01:39.886987-04:00,2026-10-01 15:01,2026-10-01 20:26,2026-10-01,,,
2026-10-01,2026020016,FLA @ SJS,8484994,Igor Chernyshov,SJS,FLA,L,points,0.5,135,-180,0.3983,0.664,0.4852,Over,135,0.0596,14.0,0.4852,Over,2,1,,2026-10-01T15:01:39.886987-04:00,2026-10-01 15:01,2026-10-01 20:26,2026-10-01,0,loss,-100
2026-10-01,2026020016,FLA @ SJS,8486103,Ivar Stenberg,SJS,FLA,L,points,0.5,135,-180,0.3983,0.398,0.3285,Under,-180,0.0287,4.5,0.3285,Under,3,2,,2026-10-01T15:01:39.886987-04:00,2026-10-01 15:01,2026-10-01 20:26,2026-10-01,0,win,55.6
2026-10-01,2026020016,FLA @ SJS,8484152,Luca Cagnoni,SJS,FLA,D,points,0.5,125,-170,0.4138,0.432,0.3511,Under,-170,0.0193,3.1,0.3511,Under,3,1,,2026-10-01T15:01:39.886987-04:00,2026-10-01 15:01,2026-10-01 20:26,2026-10-01,2,loss,-100
2026-10-01,2026020016,FLA @ SJS,8484801,Macklin Celebrini,SJS,FLA,C,points,1.5,175,-240,0.34,1.117,0.3072,Under,-240,-0.0131,-1.9,0.3072,Under,1,1,,2026-10-01T15:01:39.886987-04:00,2026-10-01 15:01,2026-10-01 20:26,2026-10-01,3,loss,-100
2026-10-01,2026020016,FLA @ SJS,8478975,Mason Marchment,SJS,FLA,L,points,0.5,-105,-130,0.4754,0.774,0.5389,Over,-105,0.0267,5.2,0.5389,Over,1,2,,2026-10-01T15:01:39.886987-04:00,2026-10-01 15:01,2026-10-01 20:26,2026-10-01,1,win,95.2
2026-10-01,2026020016,FLA @ SJS,8479314,Matthew Tkachuk,FLA,SJS,L,points,0.5,-210,155,0.6334,1.005,0.6339,Over,-210,-0.0435,-6.4,0.6339,Over,2,1,,2026-10-01T15:01:39.886987-04:00,2026-10-01 15:01,2026-10-01 20:26,2026-10-01,1,win,47.6
2026-10-01,2026020016,FLA @ SJS,8485402,Michael Misa,SJS,FLA,C,points,0.5,150,-210,0.3713,0.493,0.3892,Over,150,-0.0108,-2.7,0.3892,Over,2,2,,2026-10-01T15:01:39.886987-04:00,2026-10-01 15:01,2026-10-01 20:26,2026-10-01,0,loss,-100
2026-10-01,2026020016,FLA @ SJS,8477935,Sam Bennett,FLA,SJS,C,points,0.5,-125,-105,0.5203,0.815,0.5575,Over,-125,0.0019,0.3,0.5575,Over,2,2,,2026-10-01T15:01:39.886987-04:00,2026-10-01 15:01,2026-10-01 20:26,2026-10-01,1,win,80.0
2026-10-01,2026020016,FLA @ SJS,8477933,Sam Reinhart,FLA,SJS,C,points,0.5,-185,135,0.604,1.047,0.649,Over,-185,-0.0001,-0.0,0.649,Over,1,1,,2026-10-01T15:01:39.886987-04:00,2026-10-01 15:01,2026-10-01 20:26,2026-10-01,0,loss,-100
2026-10-01,2026020016,FLA @ SJS,8477495,Seth Jones,FLA,SJS,D,points,0.5,-120,-110,0.5101,0.731,0.5187,Over,-120,-0.0268,-4.9,0.5187,Over,2,1,,2026-10-01T15:01:39.886987-04:00,2026-10-01 15:01,2026-10-01 20:26,2026-10-01,0,loss,-100
2026-10-01,2026020016,FLA @ SJS,8475726,Tyler Toffoli,SJS,FLA,C,points,0.5,150,-200,0.375,0.53,0.4115,Over,150,0.0115,2.9,0.4115,Over,2,2,,2026-10-01T15:01:39.886987-04:00,2026-10-01 15:01,2026-10-01 20:26,2026-10-01,0,loss,-100
2026-10-01,2026020016,FLA @ SJS,8484227,Will Smith,SJS,FLA,C,points,0.5,-135,105,0.5408,0.828,0.563,Over,-135,-0.0114,-2.0,0.563,Over,1,1,,2026-10-01T15:01:39.886987-04:00,2026-10-01 15:01,2026-10-01 20:26,2026-10-01,3,win,74.1
2026-10-01,2026020016,FLA @ SJS,8477932,Aaron Ekblad,FLA,SJS,D,shots,1.5,105,-140,0.4554,1.544,0.4567,Over,105,-0.0311,-6.4,0.4567,Over,1,2,,2026-10-01T15:01:39.886987-04:00,2026-10-01 15:01,2026-10-01 20:26,2026-10-01,0,loss,-100
2026-10-01,2026020016,FLA @ SJS,8477493,Aleksander Barkov,FLA,SJS,C,shots,2.5,115,-150,0.4367,2.439,0.4404,Over,115,-0.0247,-5.3,0.4404,Over,1,1,,2026-10-01T15:01:39.886987-04:00,2026-10-01 15:01,2026-10-01 20:26,2026-10-01,1,loss,-100
2026-10-01,2026020016,FLA @ SJS,8480801,Brady Tkachuk,FLA,SJS,L,shots,2.5,-175,130,0.5941,3.48,0.6755,Over,-175,0.0391,6.2,0.6755,Over,1,1,,2026-10-01T15:01:39.886987-04:00,2026-10-01 15:01,2026-10-01 20:26,2026-10-01,4,win,57.1
2026-10-01,2026020016,FLA @ SJS,8477409,Carter Verhaeghe,FLA,SJS,C,shots,2.5,-105,-150,0.4605,2.76,0.521,Over,-105,0.0088,1.7,0.521,Over,2,2,,2026-10-01T15:01:39.886987-04:00,2026-10-01 15:01,2026-10-01 20:26,2026-10-01,0,loss,-100
2026-10-01,2026020016,FLA @ SJS,8477498,Darnell Nurse,SJS,FLA,D,shots,1.5,-145,110,0.5541,1.826,0.5449,Under,110,-0.0211,-4.4,0.5449,Under,1,,,2026-10-01T15:01:39.886987-04:00,2026-10-01 15:01,2026-10-01 20:26,2026-10-01,0,win,110.0
2026-10-01,2026020016,FLA @ SJS,8475200,Dmitry Orlov,SJS,FLA,D,shots,1.5,100,-135,0.4653,1.113,0.3056,Under,-135,0.12,20.9,0.3056,Under,3,2,,2026-10-01T15:01:39.886987-04:00,2026-10-01 15:01,2026-10-01 20:26,2026-10-01,1,win,74.1
2026-10-01,2026020016,FLA @ SJS,8478055,Gustav Forsling,FLA,SJS,D,shots,1.5,-110,-120,0.4899,1.821,0.5433,Over,-110,0.0195,3.7,0.5433,Over,1,2,,2026-10-01T15:01:39.886987-04:00,2026-10-01 15:01,2026-10-01 20:26,2026-10-01,,,
2026-10-01,2026020016,FLA @ SJS,8486103,Ivar Stenberg,SJS,FLA,L,shots,1.5,-135,-130,0.5041,1.198,0.3365,Under,-130,0.0983,17.4,0.3365,Under,3,2,,2026-10-01T15:01:39.886987-04:00,2026-10-01 15:01,2026-10-01 20:26,2026-10-01,0,win,76.9
2026-10-01,2026020016,FLA @ SJS,8476885,Jacob Trouba,SJS,FLA,D,shots,1.5,-110,-125,0.4853,1.517,0.4477,Under,-125,-0.0033,-0.6,0.4477,Under,2,,,2026-10-01T15:01:39.886987-04:00,2026-10-01 15:01,2026-10-01 20:26,2026-10-01,2,loss,-100
2026-10-01,2026020016,FLA @ SJS,8484152,Luca Cagnoni,SJS,FLA,D,shots,1.5,-125,-135,0.4916,1.423,0.4162,Under,-135,0.0093,1.6,0.4162,Under,3,1,,2026-10-01T15:01:39.886987-04:00,2026-10-01 15:01,2026-10-01 20:26,2026-10-01,3,loss,-100
2026-10-01,2026020016,FLA @ SJS,8484801,Macklin Celebrini,SJS,FLA,C,shots,3.5,110,-145,0.4459,3.129,0.3816,Under,-145,0.0266,4.5,0.3816,Under,1,1,,2026-10-01T15:01:39.886987-04:00,2026-10-01 15:01,2026-10-01 20:26,2026-10-01,7,loss,-100
2026-10-01,2026020016,FLA @ SJS,8478975,Mason Marchment,SJS,FLA,L,shots,1.5,-150,115,0.5633,2.198,0.6449,Over,-150,0.0449,7.5,0.6449,Over,1,2,,2026-10-01T15:01:39.886987-04:00,2026-10-01 15:01,2026-10-01 20:26,2026-10-01,4,win,66.7
2026-10-01,2026020016,FLA @ SJS,8479314,Matthew Tkachuk,FLA,SJS,L,shots,2.5,-150,115,0.5633,3.129,0.6051,Over,-150,0.0051,0.9,0.6051,Over,2,1,,2026-10-01T15:01:39.886987-04:00,2026-10-01 15:01,2026-10-01 20:26,2026-10-01,2,loss,-100
2026-10-01,2026020016,FLA @ SJS,8477935,Sam Bennett,FLA,SJS,C,shots,2.5,105,-140,0.4554,2.811,0.5331,Over,105,0.0453,9.3,0.5331,Over,2,2,,2026-10-01T15:01:39.886987-04:00,2026-10-01 15:01,2026-10-01 20:26,2026-10-01,1,loss,-100
2026-10-01,2026020016,FLA @ SJS,8477933,Sam Reinhart,FLA,SJS,C,shots,2.5,-140,-115,0.5217,2.894,0.5526,Over,-140,-0.0308,-5.3,0.5526,Over,1,1,,2026-10-01T15:01:39.886987-04:00,2026-10-01 15:01,2026-10-01 20:26,2026-10-01,2,loss,-100
2026-10-01,2026020016,FLA @ SJS,8477495,Seth Jones,FLA,SJS,D,shots,1.5,-165,110,0.5666,2.077,0.6145,Over,-165,-0.0082,-1.3,0.6145,Over,2,1,,2026-10-01T15:01:39.886987-04:00,2026-10-01 15:01,2026-10-01 20:26,2026-10-01,2,win,60.6
2026-10-01,2026020016,FLA @ SJS,8475726,Tyler Toffoli,SJS,FLA,C,shots,1.5,-150,100,0.5455,1.906,0.568,Over,-150,-0.032,-5.3,0.568,Over,2,2,,2026-10-01T15:01:39.886987-04:00,2026-10-01 15:01,2026-10-01 20:26,2026-10-01,1,loss,-100
2026-10-01,2026020016,FLA @ SJS,8484227,Will Smith,SJS,FLA,C,shots,2.5,115,-155,0.4335,2.345,0.4159,Under,-155,-0.0237,-3.9,0.4159,Under,1,1,,2026-10-01T15:01:39.886987-04:00,2026-10-01 15:01,2026-10-01 20:26,2026-10-01,3,loss,-100
2026-10-02,2026020017,NYR @ DET,8479337,Alex DeBrincat,DET,NYR,R,points,0.5,-225,165,0.6472,0.98,0.6247,Under,165,-0.002,-0.5,0.6247,Under,1,1,,2026-10-02T15:01:26.330084-04:00,2026-10-02 15:01,2026-10-02 17:20,2026-10-01,0,win,165.0
2026-10-02,2026020017,NYR @ DET,8482109,Alexis Lafrenière,NYR,DET,L,points,0.5,-110,-125,0.4853,0.719,0.513,Over,-110,-0.0109,-2.1,0.513,Over,1,1,,2026-10-02T15:01:26.330084-04:00,2026-10-02 15:01,2026-10-02 17:20,2026-10-01,0,loss,-100
2026-10-02,2026020017,NYR @ DET,8477429,Andrew Copp,DET,NYR,C,points,0.5,100,-135,0.4653,0.727,0.5164,Over,100,0.0164,3.3,0.5164,Over,1,1,,2026-10-02T15:01:26.330084-04:00,2026-10-02 15:01,2026-10-02 17:20,2026-10-01,0,loss,-100
2026-10-02,2026020017,NYR @ DET,8484210,Gabe Perreault,NYR,DET,R,points,0.5,150,-200,0.375,0.538,0.4159,Over,150,0.0159,4.0,0.4159,Over,1,2,,2026-10-02T15:01:26.330084-04:00,2026-10-02 15:01,2026-10-02 17:20,2026-10-01,1,win,150.0
2026-10-02,2026020017,NYR @ DET,8477456,J.T. Compher,DET,NYR,L,points,0.5,165,-220,0.3544,0.458,0.3675,Over,165,-0.0099,-2.6,0.3675,Over,2,,,2026-10-02T15:01:26.330084-04:00,2026-10-02 15:01,2026-10-02 17:20,2026-10-01,0,loss,-100
2026-10-02,2026020017,NYR @ DET,8476468,J.T. Miller,NYR,DET,C,points,0.5,-140,105,0.5446,0.688,0.4973,Under,105,0.0149,3.0,0.4973,Under,2,1,,2026-10-02T15:01:26.330084-04:00,2026-10-02 15:01,2026-10-02 17:20,2026-10-01,0,win,105.0
2026-10-02,2026020017,NYR @ DET,8475753,Justin Faulk,DET,NYR,D,points,0.5,200,-275,0.3125,0.393,0.3246,Over,200,-0.0087,-2.6,0.3246,Over,3,2,,2026-10-02T15:01:26.330084-04:00,2026-10-02 15:01,2026-10-02 17:20,2026-10-01,0,loss,-100
2026-10-02,2026020017,NYR @ DET,8482078,Lucas Raymond,DET,NYR,L,points,0.5,-135,105,0.5408,0.905,0.5954,Over,-135,0.0209,3.6,0.5954,Over,1,1,,2026-10-02T15:01:26.330084-04:00,2026-10-02 15:01,2026-10-02 17:20,2026-10-01,0,loss,-100
2026-10-02,2026020017,NYR @ DET,8476459,Mika Zibanejad,NYR,DET,C,points,0.5,-160,120,0.5752,0.853,0.574,Under,120,-0.0285,-6.3,0.574,Under,1,1,,2026-10-02T15:01:26.330084-04:00,2026-10-02 15:01,2026-10-02 17:20,2026-10-01,0,win,120.0
2026-10-02,2026020017,NYR @ DET,8481542,Moritz Seider,DET,NYR,D,points,0.5,-110,-120,0.4899,0.648,0.4771,Under,-120,-0.0226,-4.1,0.4771,Under,1,1,,2026-10-02T15:01:26.330084-04:00,2026-10-02 15:01,2026-10-02 17:20,2026-10-01,0,win,83.3
2026-10-02,2026020017,NYR @ DET,8481604,Pavel Dorofeyev,NYR,DET,R,points,0.5,-120,-110,0.5101,0.664,0.485,Under,-110,-0.0088,-1.7,0.485,Under,2,1,,2026-10-02T15:01:26.330084-04:00,2026-10-02 15:01,2026-10-02 17:20,2026-10-01,0,win,90.9
2026-10-02,2026020017,NYR @ DET,8479337,Alex DeBrincat,DET,NYR,R,shots,3.5,100,-165,0.4454,3.519,0.4675,Over,100,-0.0325,-6.5,0.4675,Over,1,1,,2026-10-02T15:01:26.330084-04:00,2026-10-02 15:01,2026-10-02 17:20,2026-10-01,1,loss,-100
2026-10-02,2026020017,NYR @ DET,8482109,Alexis Lafrenière,NYR,DET,L,shots,1.5,-195,145,0.6182,2.047,0.6065,Under,145,-0.0147,-3.6,0.6065,Under,1,1,,2026-10-02T15:01:26.330084-04:00,2026-10-02 15:01,2026-10-02 17:20,2026-10-01,1,win,145.0
2026-10-02,2026020017,NYR @ DET,8477429,Andrew Copp,DET,NYR,C,shots,1.5,100,-130,0.4694,1.959,0.5828,Over,100,0.0828,16.6,0.5828,Over,1,1,,2026-10-02T15:01:26.330084-04:00,2026-10-02 15:01,2026-10-02 17:20,2026-10-01,1,loss,-100
2026-10-02,2026020017,NYR @ DET,8480009,Eeli Tolvanen,NYR,DET,R,shots,1.5,-110,-120,0.4899,1.465,0.4304,Under,-120,0.0242,4.4,0.4304,Under,3,2,,2026-10-02T15:01:26.330084-04:00,2026-10-02 15:01,2026-10-02 17:20,2026-10-01,1,win,83.3
2026-10-02,2026020017,NYR @ DET,8484210,Gabe Perreault,NYR,DET,R,shots,1.5,115,-150,0.4367,1.387,0.4038,Under,-150,-0.0038,-0.6,0.4038,Under,1,2,,2026-10-02T15:01:26.330084-04:00,2026-10-02 15:01,2026-10-02 17:20,2026-10-01,2,loss,-100
2026-10-02,2026020017,NYR @ DET,8476468,J.T. Miller,NYR,DET,C,shots,2.5,145,-195,0.3818,1.678,0.237,Under,-195,0.1019,15.4,0.237,Under,2,1,,2026-10-02T15:01:26.330084-04:00,2026-10-02 15:01,2026-10-02 17:20,2026-10-01,2,win,51.3
2026-10-02,2026020017,NYR @ DET,8475753,Justin Faulk,DET,NYR,D,shots,1.5,-115,-115,0.5,1.359,0.3939,Under,-115,0.0712,13.3,0.3939,Under,3,2,,2026-10-02T15:01:26.330084-04:00,2026-10-02 15:01,2026-10-02 17:20,2026-10-01,1,win,87.0
2026-10-02,2026020017,NYR @ DET,8482078,Lucas Raymond,DET,NYR,L,shots,2.5,120,-165,0.422,2.47,0.4486,Over,120,-0.006,-1.3,0.4486,Over,1,1,,2026-10-02T15:01:26.330084-04:00,2026-10-02 15:01,2026-10-02 17:20,2026-10-01,2,loss,-100
2026-10-02,2026020017,NYR @ DET,8476459,Mika Zibanejad,NYR,DET,C,shots,2.5,110,-145,0.4459,2.257,0.3926,Under,-145,0.0155,2.6,0.3926,Under,1,1,,2026-10-02T15:01:26.330084-04:00,2026-10-02 15:01,2026-10-02 17:20,2026-10-01,1,win,69.0
2026-10-02,2026020017,NYR @ DET,8481542,Moritz Seider,DET,NYR,D,shots,2.5,110,-170,0.4306,2.108,0.3526,Under,-170,0.0178,2.8,0.3526,Under,1,1,,2026-10-02T15:01:26.330084-04:00,2026-10-02 15:01,2026-10-02 17:20,2026-10-01,2,win,58.8
2026-10-02,2026020017,NYR @ DET,8477416,Oliver Bjorkstrand,NYR,DET,R,shots,1.5,-105,-125,0.4797,1.416,0.4137,Under,-125,0.0308,5.5,0.4137,Under,2,2,,2026-10-02T15:01:26.330084-04:00,2026-10-02 15:01,2026-10-02 17:20,2026-10-01,0,win,80.0
2026-10-02,2026020017,NYR @ DET,8481604,Pavel Dorofeyev,NYR,DET,R,shots,2.5,-120,-110,0.5101,2.405,0.4316,Under,-110,0.0446,8.5,0.4316,Under,2,1,,2026-10-02T15:01:26.330084-04:00,2026-10-02 15:01,2026-10-02 17:20,2026-10-01,2,win,90.9
2026-10-02,2026020017,NYR @ DET,8478882,Vladislav Gavrikov,NYR,DET,D,shots,1.5,125,-165,0.4165,1.256,0.3574,Under,-165,0.02,3.2,0.3574,Under,1,,,2026-10-02T15:01:26.330084-04:00,2026-10-02 15:01,2026-10-02 17:20,2026-10-01,0,win,60.6
2026-10-02,2026020017,NYR @ DET,8482157,Will Cuylle,NYR,DET,L,shots,1.5,-120,-110,0.5101,1.549,0.4584,Under,-110,0.0178,3.4,0.4584,Under,3,2,,2026-10-02T15:01:26.330084-04:00,2026-10-02 15:01,2026-10-02 17:20,2026-10-01,2,loss,-100
2026-10-02,2026020018,WSH @ CAR,8471214,Alex Ovechkin,WSH,CAR,L,points,0.5,-120,-155,0.473,0.733,0.5196,Over,-120,-0.0258,-4.7,0.5196,Over,2,1,,2026-10-02T15:01:26.330084-04:00,2026-10-02 15:01,2026-10-02 17:20,2026-10-01,1,win,83.3
2026-10-02,2026020018,WSH @ CAR,8480830,Andrei Svechnikov,CAR,WSH,R,points,0.5,-155,120,0.5721,0.809,0.5548,Under,120,-0.0094,-2.1,0.5548,Under,1,1,,2026-10-02T15:01:26.330084-04:00,2026-10-02 15:01,2026-10-02 17:20,2026-10-01,1,loss,-100
2026-10-02,2026020018,WSH @ CAR,8478440,Dylan Strome,WSH,CAR,C,points,0.5,-125,-125,0.5,0.68,0.4933,Under,-125,-0.0488,-8.8,0.4933,Under,2,1,,2026-10-02T15:01:26.330084-04:00,2026-10-02 15:01,2026-10-02 17:20,2026-10-01,2,loss,-100
2026-10-02,2026020018,WSH @ CAR,8482809,Jackson Blake,CAR,WSH,R,points,0.5,-125,-105,0.5203,0.746,0.5259,Over,-125,-0.0296,-5.3,0.5259,Over,2,1,,2026-10-02T15:01:26.330084-04:00,2026-10-02 15:01,2026-10-02 17:20,2026-10-01,1,win,80.0
2026-10-02,2026020018,WSH @ CAR,8479345,Jakob Chychrun,WSH,CAR,D,points,0.5,-125,-135,0.4916,0.614,0.4588,Under,-135,-0.0332,-5.8,0.4588,Under,1,1,,2026-10-02T15:01:26.330084-04:00,2026-10-02 15:01,2026-10-02 17:20,2026-10-01,2,loss,-100
2026-10-02,2026020018,WSH @ CAR,8480817,K'Andre Miller,CAR,WSH,D,points,0.5,170,-230,0.347,0.496,0.3912,Over,170,0.0209,5.6,0.3912,Over,2,2,,2026-10-02T15:01:26.330084-04:00,2026-10-02 15:01,2026-10-02 17:20,2026-10-01,1,win,170.0
2026-10-02,2026020018,WSH @ CAR,8482702,Logan Stankoven,CAR,WSH,C,points,0.5,105,-140,0.4554,0.637,0.4713,Over,105,-0.0165,-3.4,0.4713,Over,2,2,,2026-10-02T15:01:26.330084-04:00,2026-10-02 15:01,2026-10-02 17:20,2026-10-01,1,win,105.0
2026-10-02,2026020018,WSH @ CAR,8478911,Matt Roy,WSH,CAR,D,points,0.5,250,-350,0.2687,0.29,0.2519,Under,-350,-0.0297,-3.8,0.2519,Under,1,,,2026-10-02T15:01:26.330084-04:00,2026-10-02 15:01,2026-10-02 17:20,2026-10-01,0,win,28.6
2026-10-02,2026020018,WSH @ CAR,8477940,Nikolaj Ehlers,CAR,WSH,L,points,0.5,-155,115,0.5665,0.73,0.5182,Under,115,0.0166,3.6,0.5182,Under,3,2,,2026-10-02T15:01:26.330084-04:00,2026-10-02 15:01,2026-10-02 17:20,2026-10-01,0,win,115.0
2026-10-02,2026020018,WSH @ CAR,8479400,Pierre-Luc Dubois,WSH,CAR,C,points,0.5,105,-140,0.4554,0.661,0.4835,Over,105,-0.0043,-0.9,0.4835,Over,1,1,,2026-10-02T15:01:26.330084-04:00,2026-10-02 15:01,2026-10-02 17:20,2026-10-01,2,win,105.0
2026-10-02,2026020018,WSH @ CAR,8478427,Sebastian Aho,CAR,WSH,C,points,0.5,-200,150,0.625,0.933,0.6065,Under,150,-0.0065,-1.6,0.6065,Under,1,1,,2026-10-02T15:01:26.330084-04:00,2026-10-02 15:01,2026-10-02 17:20,2026-10-01,1,loss,-100
2026-10-02,2026020018,WSH @ CAR,8476906,Shayne Gostisbehere,CAR,WSH,D,points,0.5,-105,-125,0.4797,0.639,0.4724,Under,-125,-0.0279,-5.0,0.4724,Under,3,1,,2026-10-02T15:01:26.330084-04:00,2026-10-02 15:01,2026-10-02 17:20,2026-10-01,0,win,80.0
2026-10-02,2026020018,WSH @ CAR,8475791,Taylor Hall,CAR,WSH,L,points,0.5,115,-155,0.4335,0.645,0.4752,Over,115,0.0101,2.2,0.4752,Over,2,2,,2026-10-02T15:01:26.330084-04:00,2026-10-02 15:01,2026-10-02 17:20,2026-10-01,0,loss,-100
2026-10-02,2026020018,WSH @ CAR,8476880,Tom Wilson,WSH,CAR,R,points,0.5,110,-145,0.4459,0.793,0.5477,Over,110,0.0716,15.0,0.5477,Over,1,1,,2026-10-02T15:01:26.330084-04:00,2026-10-02 15:01,2026-10-02 17:20,2026-10-01,1,win,110.0
2026-10-02,2026020018,WSH @ CAR,8471214,Alex Ovechkin,WSH,CAR,L,shots,2.5,-150,100,0.5455,2.64,0.4916,Under,100,0.0084,1.7,0.4916,Under,2,1,,2026-10-02T15:01:26.330084-04:00,2026-10-02 15:01,2026-10-02 17:20,2026-10-01,1,win,100.0
2026-10-02,2026020018,WSH @ CAR,8480830,Andrei Svechnikov,CAR,WSH,R,shots,2.5,-115,-115,0.5,2.731,0.5139,Over,-115,-0.021,-3.9,0.5139,Over,1,1,,2026-10-02T15:01:26.330084-04:00,2026-10-02 15:01,2026-10-02 17:20,2026-10-01,6,win,87.0
2026-10-02,2026020018,WSH @ CAR,8482809,Jackson Blake,CAR,WSH,R,shots,2.5,115,-150,0.4367,2.557,0.4708,Over,115,0.0057,1.2,0.4708,Over,2,1,,2026-10-02T15:01:26.330084-04:00,2026-10-02 15:01,2026-10-02 17:20,2026-10-01,3,win,115.0
2026-10-02,2026020018,WSH @ CAR,8479345,Jakob Chychrun,WSH,CAR,D,shots,1.5,-160,120,0.5752,2.157,0.6348,Over,-160,0.0194,3.2,0.6348,Over,1,1,,2026-10-02T15:01:26.330084-04:00,2026-10-02 15:01,2026-10-02 17:20,2026-10-01,3,win,62.5
2026-10-02,2026020018,WSH @ CAR,8473533,Jordan Staal,CAR,WSH,C,shots,1.5,-125,-105,0.5203,1.69,0.5037,Under,-105,-0.0159,-3.1,0.5037,Under,3,2,,2026-10-02T15:01:26.330084-04:00,2026-10-02 15:01,2026-10-02 17:20,2026-10-01,3,loss,-100
2026-10-02,2026020018,WSH @ CAR,8482702,Logan Stankoven,CAR,WSH,C,shots,1.5,-190,140,0.6113,2.304,0.67,Over,-190,0.0148,2.3,0.67,Over,2,2,,2026-10-02T15:01:26.330084-04:00,2026-10-02 15:01,2026-10-02 17:20,2026-10-01,4,win,52.6
2026-10-02,2026020018,WSH @ CAR,8477940,Nikolaj Ehlers,CAR,WSH,L,shots,2.5,100,-135,0.4653,2.428,0.4376,Under,-135,-0.012,-2.1,0.4376,Under,3,2,,2026-10-02T15:01:26.330084-04:00,2026-10-02 15:01,2026-10-02 17:20,2026-10-01,4,loss,-100
2026-10-02,2026020018,WSH @ CAR,8478427,Sebastian Aho,CAR,WSH,C,shots,2.5,-125,-140,0.4878,2.665,0.4977,Over,-125,-0.0579,-10.4,0.4977,Over,1,1,,2026-10-02T15:01:26.330084-04:00,2026-10-02 15:01,2026-10-02 17:20,2026-10-01,2,loss,-100
2026-10-02,2026020018,WSH @ CAR,8476906,Shayne Gostisbehere,CAR,WSH,D,shots,1.5,-140,-105,0.5325,1.944,0.5786,Over,-140,-0.0047,-0.8,0.5786,Over,3,1,,2026-10-02T15:01:26.330084-04:00,2026-10-02 15:01,2026-10-02 17:20,2026-10-01,0,loss,-100
2026-10-02,2026020018,WSH @ CAR,8475791,Taylor Hall,CAR,WSH,L,shots,1.5,-165,115,0.5724,2.011,0.5969,Over,-165,-0.0258,-4.1,0.5969,Over,2,2,,2026-10-02T15:01:26.330084-04:00,2026-10-02 15:01,2026-10-02 17:20,2026-10-01,1,loss,-100
2026-10-02,2026020018,WSH @ CAR,8476880,Tom Wilson,WSH,CAR,R,shots,1.5,-125,-105,0.5203,1.851,0.552,Over,-125,-0.0035,-0.6,0.552,Over,1,1,,2026-10-02T15:01:26.330084-04:00,2026-10-02 15:01,2026-10-02 17:20,2026-10-01,0,loss,-100
2026-10-02,2026020019,BOS @ WPG,8479999,Casey Mittelstadt,BOS,WPG,C,points,0.5,150,-200,0.375,0.514,0.4021,Over,150,0.0021,0.5,0.4021,Over,2,2,,2026-10-02T15:01:26.330084-04:00,2026-10-02 15:01,2026-10-02 17:20,2026-10-01,0,loss,-100
2026-10-02,2026020019,BOS @ WPG,8482149,Cole Perfetti,WPG,BOS,C,points,0.5,-105,-125,0.4797,0.697,0.5017,Over,-105,-0.0105,-2.1,0.5017,Over,1,1,,2026-10-02T15:01:26.330084-04:00,2026-10-02 15:01,2026-10-02 17:20,2026-10-01,1,win,95.2
2026-10-02,2026020019,BOS @ WPG,8477956,David Pastrnak,BOS,WPG,R,points,1.5,180,-250,0.3333,0.998,0.2636,Under,-250,0.0221,3.1,0.2636,Under,1,1,,2026-10-02T15:01:26.330084-04:00,2026-10-02 15:01,2026-10-02 17:20,2026-10-01,2,loss,-100
2026-10-02,2026020019,BOS @ WPG,8477496,Elias Lindholm,BOS,WPG,C,points,0.5,125,-165,0.4165,0.595,0.4482,Over,125,0.0037,0.8,0.4482,Over,1,2,,2026-10-02T15:01:26.330084-04:00,2026-10-02 15:01,2026-10-02 17:20,2026-10-01,1,win,125.0
2026-10-02,2026020019,BOS @ WPG,8480014,Gabriel Vilardi,WPG,BOS,C,points,0.5,-110,-120,0.4899,0.766,0.5351,Over,-110,0.0113,2.2,0.5351,Over,2,1,,2026-10-02T15:01:26.330084-04:00,2026-10-02 15:01,2026-10-02 17:20,2026-10-01,1,win,90.9
2026-10-02,2026020019,BOS @ WPG,8476854,Hampus Lindholm,BOS,WPG,D,points,0.5,110,-145,0.4459,0.444,0.3587,Under,-145,0.0495,8.4,0.3587,Under,1,1,,2026-10-02T15:01:26.330084-04:00,2026-10-02 15:01,2026-10-02 17:20,2026-10-01,1,loss,-100
2026-10-02,2026020019,BOS @ WPG,8482175,JJ Peterka,BOS,WPG,R,points,0.5,105,-135,0.4592,0.697,0.5019,Over,105,0.0141,2.9,0.5019,Over,1,1,,2026-10-02T15:01:26.330084-04:00,2026-10-02 15:01,2026-10-02 17:20,2026-10-01,1,win,105.0
2026-10-02,2026020019,BOS @ WPG,8477504,Josh Morrissey,WPG,BOS,D,points,0.5,-130,-105,0.5246,0.71,0.5083,Under,-105,-0.0205,-4.0,0.5083,Under,1,1,,2026-10-02T15:01:26.330084-04:00,2026-10-02 15:01,2026-10-02 17:20,2026-10-01,0,win,95.2
2026-10-02,2026020019,BOS @ WPG,8478398,Kyle Connor,WPG,BOS,L,points,0.5,-210,155,0.6334,1.068,0.6563,Over,-210,-0.0211,-3.1,0.6563,Over,1,1,,2026-10-02T15:01:26.330084-04:00,2026-10-02 15:01,2026-10-02 17:20,2026-10-01,2,win,47.6
2026-10-02,2026020019,BOS @ WPG,8476460,Mark Scheifele,WPG,BOS,C,points,0.5,-210,150,0.6287,1.115,0.6722,Over,-210,-0.0053,-0.8,0.6722,Over,1,1,,2026-10-02T15:01:26.330084-04:00,2026-10-02 15:01,2026-10-02 17:20,2026-10-01,0,loss,-100
2026-10-02,2026020019,BOS @ WPG,8479987,Morgan Geekie,BOS,WPG,C,points,0.5,-110,-120,0.4899,0.697,0.5018,Over,-110,-0.022,-4.2,0.5018,Over,2,1,,2026-10-02T15:01:26.330084-04:00,2026-10-02 15:01,2026-10-02 17:20,2026-10-01,1,win,90.9
2026-10-02,2026020019,BOS @ WPG,8480145,Neal Pionk,WPG,BOS,D,points,0.5,165,-230,0.3513,0.383,0.318,Under,-230,-0.015,-2.1,0.318,Under,2,2,,2026-10-02T15:01:26.330084-04:00,2026-10-02 15:01,2026-10-02 17:20,2026-10-01,0,win,43.5
2026-10-02,2026020019,BOS @ WPG,8478401,Pavel Zacha,BOS,WPG,C,points,0.5,-125,-105,0.5203,0.615,0.4593,Under,-105,0.0285,5.6,0.4593,Under,2,1,,2026-10-02T15:01:26.330084-04:00,2026-10-02 15:01,2026-10-02 17:20,2026-10-01,0,win,95.2
2026-10-02,2026020019,BOS @ WPG,8482149,Cole Perfetti,WPG,BOS,C,shots,2.5,130,-175,0.4059,2.552,0.4695,Over,130,0.0347,8.0,0.4695,Over,1,1,,2026-10-02T15:01:26.330084-04:00,2026-10-02 15:01,2026-10-02 17:20,2026-10-01,4,win,130.0
2026-10-02,2026020019,BOS @ WPG,8477956,David Pastrnak,BOS,WPG,R,shots,3.5,110,-150,0.4425,3.003,0.3534,Under,-150,0.0466,7.8,0.3534,Under,1,1,,2026-10-02T15:01:26.330084-04:00,2026-10-02 15:01,2026-10-02 17:20,2026-10-01,4,loss,-100
2026-10-02,2026020019,BOS @ WPG,8477496,Elias Lindholm,BOS,WPG,C,shots,1.5,-180,100,0.5625,1.624,0.4827,Under,100,0.0173,3.5,0.4827,Under,1,2,,2026-10-02T15:01:26.330084-04:00,2026-10-02 15:01,2026-10-02 17:20,2026-10-01,5,loss,-100
2026-10-02,2026020019,BOS @ WPG,8480014,Gabriel Vilardi,WPG,BOS,C,shots,1.5,-130,100,0.5306,1.748,0.5216,Under,100,-0.0216,-4.3,0.5216,Under,2,1,,2026-10-02T15:01:26.330084-04:00,2026-10-02 15:01,2026-10-02 17:20,2026-10-01,1,win,100.0
2026-10-02,2026020019,BOS @ WPG,8476854,Hampus Lindholm,BOS,WPG,D,shots,1.5,-110,-120,0.4899,1.571,0.4656,Under,-120,-0.011,-2.0,0.4656,Under,1,1,,2026-10-02T15:01:26.330084-04:00,2026-10-02 15:01,2026-10-02 17:20,2026-10-01,2,loss,-100
2026-10-02,2026020019,BOS @ WPG,8482175,JJ Peterka,BOS,WPG,R,shots,2.5,135,-190,0.3938,2.239,0.3877,Under,-190,-0.0429,-6.5,0.3877,Under,1,1,,2026-10-02T15:01:26.330084-04:00,2026-10-02 15:01,2026-10-02 17:20,2026-10-01,5,loss,-100
2026-10-02,2026020019,BOS @ WPG,8477504,Josh Morrissey,WPG,BOS,D,shots,2.5,110,-145,0.4459,2.094,0.3488,Under,-145,0.0594,10.0,0.3488,Under,1,1,,2026-10-02T15:01:26.330084-04:00,2026-10-02 15:01,2026-10-02 17:20,2026-10-01,4,loss,-100
2026-10-02,2026020019,BOS @ WPG,8478398,Kyle Connor,WPG,BOS,L,shots,3.5,115,-150,0.4367,3.333,0.4269,Under,-150,-0.0269,-4.5,0.4269,Under,1,1,,2026-10-02T15:01:26.330084-04:00,2026-10-02 15:01,2026-10-02 17:20,2026-10-01,9,loss,-100
2026-10-02,2026020019,BOS @ WPG,8476460,Mark Scheifele,WPG,BOS,C,shots,2.5,135,-180,0.3983,2.326,0.4109,Over,135,-0.0146,-3.4,0.4109,Over,1,1,,2026-10-02T15:01:26.330084-04:00,2026-10-02 15:01,2026-10-02 17:20,2026-10-01,0,loss,-100
2026-10-02,2026020019,BOS @ WPG,8479987,Morgan Geekie,BOS,WPG,C,shots,2.5,145,-225,0.3709,1.966,0.314,Under,-225,-0.0063,-0.9,0.314,Under,2,1,,2026-10-02T15:01:26.330084-04:00,2026-10-02 15:01,2026-10-02 17:20,2026-10-01,0,win,44.4
2026-10-02,2026020019,BOS @ WPG,8480145,Neal Pionk,WPG,BOS,D,shots,1.5,-135,105,0.5408,1.668,0.4969,Under,105,0.0153,3.1,0.4969,Under,2,2,,2026-10-02T15:01:26.330084-04:00,2026-10-02 15:01,2026-10-02 17:20,2026-10-01,2,loss,-100
2026-10-02,2026020019,BOS @ WPG,8478401,Pavel Zacha,BOS,WPG,C,shots,1.5,-140,105,0.5446,1.49,0.4388,Under,105,0.0734,15.0,0.4388,Under,2,1,,2026-10-02T15:01:26.330084-04:00,2026-10-02 15:01,2026-10-02 17:20,2026-10-01,3,loss,-100
2026-10-02,2026020020,STL @ DAL,8475764,Cam Fowler,STL,DAL,D,points,0.5,145,-195,0.3818,0.369,0.3089,Under,-195,0.0301,4.6,0.3089,Under,3,1,,2026-10-02T15:01:26.330084-04:00,2026-10-02 15:01,2026-10-02 20:25,2026-10-01,0,win,51.3
2026-10-02,2026020020,STL @ DAL,8482077,Dylan Holloway,STL,DAL,L,points,0.5,-125,-110,0.5147,0.84,0.5681,Over,-125,0.0125,2.3,0.5681,Over,1,1,,2026-10-02T15:01:26.330084-04:00,2026-10-02 15:01,2026-10-02 20:25,2026-10-01,0,loss,-100
2026-10-02,2026020020,STL @ DAL,8476902,Esa Lindell,DAL,STL,D,points,0.5,185,-250,0.3294,0.414,0.3388,Over,185,-0.0121,-3.4,0.3388,Over,2,2,,2026-10-02T15:01:26.330084-04:00,2026-10-02 15:01,2026-10-02 20:25,2026-10-01,0,loss,-100
2026-10-02,2026020020,STL @ DAL,8480027,Jason Robertson,DAL,STL,L,points,1.5,175,-240,0.34,1.035,0.277,Under,-240,0.0171,2.4,0.277,Under,2,1,,2026-10-02T15:01:26.330084-04:00,2026-10-02 15:01,2026-10-02 20:25,2026-10-01,0,win,41.7
2026-10-02,2026020020,STL @ DAL,8483516,Jimmy Snuggerud,STL,DAL,R,points,0.5,-120,-110,0.5101,0.751,0.5279,Over,-120,-0.0175,-3.2,0.5279,Over,1,1,,2026-10-02T15:01:26.330084-04:00,2026-10-02 15:01,2026-10-02 20:25,2026-10-01,2,win,83.3
2026-10-02,2026020020,STL @ DAL,8484829,Justin Hryckowian,DAL,STL,C,points,0.5,150,-200,0.375,0.588,0.4446,Over,150,0.0446,11.1,0.4446,Over,1,2,,2026-10-02T15:01:26.330084-04:00,2026-10-02 15:01,2026-10-02 20:25,2026-10-01,0,loss,-100
2026-10-02,2026020020,STL @ DAL,8478420,Mikko Rantanen,DAL,STL,R,points,0.5,-230,170,0.653,1.008,0.6351,Under,170,-0.0055,-1.5,0.6351,Under,1,1,,2026-10-02T15:01:26.330084-04:00,2026-10-02 15:01,2026-10-02 20:25,2026-10-01,0,win,170.0
2026-10-02,2026020020,STL @ DAL,8480036,Miro Heiskanen,DAL,STL,D,points,0.5,-160,120,0.5752,0.629,0.467,Under,120,0.0785,17.3,0.467,Under,1,1,,2026-10-02T15:01:26.330084-04:00,2026-10-02 15:01,2026-10-02 20:25,2026-10-01,0,win,120.0
2026-10-02,2026020020,STL @ DAL,8477402,Pavel Buchnevich,STL,DAL,L,points,0.5,165,-225,0.3528,0.521,0.4064,Over,165,0.029,7.7,0.4064,Over,2,2,,2026-10-02T15:01:26.330084-04:00,2026-10-02 15:01,2026-10-02 20:25,2026-10-01,0,loss,-100
2026-10-02,2026020020,STL @ DAL,8480023,Robert Thomas,STL,DAL,C,points,0.5,-145,110,0.5541,0.907,0.5962,Over,-145,0.0043,0.7,0.5962,Over,1,1,,2026-10-02T15:01:26.330084-04:00,2026-10-02 15:01,2026-10-02 20:25,2026-10-01,0,loss,-100
2026-10-02,2026020020,STL @ DAL,8478449,Roope Hintz,DAL,STL,C,points,0.5,-155,115,0.5665,0.771,0.5373,Under,115,-0.0024,-0.5,0.5373,Under,2,1,,2026-10-02T15:01:26.330084-04:00,2026-10-02 15:01,2026-10-02 20:25,2026-10-01,0,win,115.0
2026-10-02,2026020020,STL @ DAL,8481581,Thomas Harley,DAL,STL,D,points,0.5,160,-220,0.3587,0.572,0.4354,Over,160,0.0508,13.2,0.4354,Over,1,2,,2026-10-02T15:01:26.330084-04:00,2026-10-02 15:01,2026-10-02 20:25,2026-10-01,0,loss,-100
2026-10-02,2026020020,STL @ DAL,8475794,Tyler Seguin,DAL,STL,C,points,0.5,135,-180,0.3983,0.568,0.4332,Over,135,0.0076,1.8,0.4332,Over,2,2,,2026-10-02T15:01:26.330084-04:00,2026-10-02 15:01,2026-10-02 20:25,2026-10-01,0,loss,-100
2026-10-02,2026020020,STL @ DAL,8482740,Wyatt Johnston,DAL,STL,C,points,0.5,-195,120,0.5925,0.953,0.6145,Over,-195,-0.0465,-7.0,0.6145,Over,1,1,,2026-10-02T15:01:26.330084-04:00,2026-10-02 15:01,2026-10-02 20:25,2026-10-01,0,loss,-100
2026-10-02,2026020020,STL @ DAL,8482077,Dylan Holloway,STL,DAL,L,shots,2.5,-125,-110,0.5147,2.681,0.5017,Under,-110,-0.0255,-4.9,0.5017,Under,1,1,,2026-10-02T15:01:26.330084-04:00,2026-10-02 15:01,2026-10-02 20:25,2026-10-01,1,win,90.9
2026-10-02,2026020020,STL @ DAL,8480027,Jason Robertson,DAL,STL,L,shots,3.5,125,-170,0.4138,3.109,0.3772,Under,-170,-0.0069,-1.1,0.3772,Under,2,1,,2026-10-02T15:01:26.330084-04:00,2026-10-02 15:01,2026-10-02 20:25,2026-10-01,2,win,58.8
2026-10-02,2026020020,STL @ DAL,8483516,Jimmy Snuggerud,STL,DAL,R,shots,2.5,110,-155,0.4393,2.567,0.4732,Over,110,-0.003,-0.6,0.4732,Over,1,1,,2026-10-02T15:01:26.330084-04:00,2026-10-02 15:01,2026-10-02 20:25,2026-10-01,4,win,110.0
2026-10-02,2026020020,STL @ DAL,8484829,Justin Hryckowian,DAL,STL,C,shots,1.5,-105,-130,0.4754,1.464,0.43,Under,-130,0.0048,0.9,0.43,Under,1,2,,2026-10-02T15:01:26.330084-04:00,2026-10-02 15:01,2026-10-02 20:25,2026-10-01,1,win,76.9
2026-10-02,2026020020,STL @ DAL,8478420,Mikko Rantanen,DAL,STL,R,shots,2.5,-125,-155,0.4775,2.257,0.3926,Under,-155,-0.0005,-0.1,0.3926,Under,1,1,,2026-10-02T15:01:26.330084-04:00,2026-10-02 15:01,2026-10-02 20:25,2026-10-01,1,win,64.5
2026-10-02,2026020020,STL @ DAL,8480036,Miro Heiskanen,DAL,STL,D,shots,2.5,105,-135,0.4592,1.689,0.2398,Under,-135,0.1857,32.3,0.2398,Under,1,1,,2026-10-02T15:01:26.330084-04:00,2026-10-02 15:01,2026-10-02 20:25,2026-10-01,1,win,74.1
2026-10-02,2026020020,STL @ DAL,8477402,Pavel Buchnevich,STL,DAL,L,shots,1.5,125,-165,0.4165,1.499,0.4419,Over,125,-0.0026,-0.6,0.4419,Over,2,2,,2026-10-02T15:01:26.330084-04:00,2026-10-02 15:01,2026-10-02 20:25,2026-10-01,0,loss,-100
2026-10-02,2026020020,STL @ DAL,8480023,Robert Thomas,STL,DAL,C,shots,1.5,-110,-120,0.4899,1.874,0.5588,Over,-110,0.035,6.7,0.5588,Over,1,1,,2026-10-02T15:01:26.330084-04:00,2026-10-02 15:01,2026-10-02 20:25,2026-10-01,0,loss,-100
2026-10-02,2026020020,STL @ DAL,8478449,Roope Hintz,DAL,STL,C,shots,2.5,105,-170,0.4365,2.091,0.3479,Under,-170,0.0225,3.6,0.3479,Under,2,1,,2026-10-02T15:01:26.330084-04:00,2026-10-02 15:01,2026-10-02 20:25,2026-10-01,0,win,58.8
2026-10-02,2026020020,STL @ DAL,8481581,Thomas Harley,DAL,STL,D,shots,1.5,-140,105,0.5446,1.793,0.5351,Under,105,-0.0229,-4.7,0.5351,Under,1,2,,2026-10-02T15:01:26.330084-04:00,2026-10-02 15:01,2026-10-02 20:25,2026-10-01,1,win,105.0
2026-10-02,2026020020,STL @ DAL,8475794,Tyler Seguin,DAL,STL,C,shots,1.5,-115,-115,0.5,1.465,0.4304,Under,-115,0.0347,6.5,0.4304,Under,2,2,,2026-10-02T15:01:26.330084-04:00,2026-10-02 15:01,2026-10-02 20:25,2026-10-01,4,loss,-100
2026-10-02,2026020020,STL @ DAL,8482740,Wyatt Johnston,DAL,STL,C,shots,2.5,-120,-110,0.5101,2.446,0.4422,Under,-110,0.034,6.5,0.4422,Under,1,1,,2026-10-02T15:01:26.330084-04:00,2026-10-02 15:01,2026-10-02 20:25,2026-10-01,4,loss,-100
2026-10-02,2026020021,ANA @ VGK,8473986,Alex Killorn,ANA,VGK,L,points,0.5,155,-210,0.3666,0.546,0.4206,Over,155,0.0285,7.3,0.4206,Over,2,2,,2026-10-02T15:01:26.330084-04:00,2026-10-02 15:01,2026-10-02 20:25,2026-10-01,1,win,155.0
2026-10-02,2026020021,ANA @ VGK,8484762,Beckett Sennecke,ANA,VGK,R,points,0.5,-140,-125,0.5122,0.668,0.4875,Under,-125,-0.0431,-7.8,0.4875,Under,2,1,,2026-10-02T15:01:26.330084-04:00,2026-10-02 15:01,2026-10-02 20:25,2026-10-01,1,loss,-100
2026-10-02,2026020021,ANA @ VGK,8483445,Cutter Gauthier,ANA,VGK,L,points,0.5,-150,115,0.5633,0.748,0.5265,Under,115,0.0084,1.8,0.5265,Under,1,1,,2026-10-02T15:01:26.330084-04:00,2026-10-02 15:01,2026-10-02 20:25,2026-10-01,1,loss,-100
2026-10-02,2026020021,ANA @ VGK,8477964,Ivan Barbashev,VGK,ANA,L,points,0.5,-165,100,0.5546,0.79,0.546,Under,100,-0.046,-9.2,0.546,Under,1,,,2026-10-02T15:01:26.330084-04:00,2026-10-02 15:01,2026-10-02 20:25,2026-10-01,0,win,100.0
2026-10-02,2026020021,ANA @ VGK,8478403,Jack Eichel,VGK,ANA,C,points,1.5,130,-170,0.4085,1.219,0.3441,Under,-170,0.0262,4.2,0.3441,Under,1,1,,2026-10-02T15:01:26.330084-04:00,2026-10-02 15:01,2026-10-02 20:25,2026-10-01,2,loss,-100
2026-10-02,2026020021,ANA @ VGK,8481605,Jackson LaCombe,ANA,VGK,D,points,0.5,-120,-115,0.5049,0.649,0.4772,Under,-115,-0.0121,-2.3,0.4772,Under,1,1,,2026-10-02T15:01:26.330084-04:00,2026-10-02 15:01,2026-10-02 20:25,2026-10-01,1,loss,-100
2026-10-02,2026020021,ANA @ VGK,8484153,Leo Carlsson,ANA,VGK,C,points,0.5,-155,115,0.5665,0.821,0.5601,Under,115,-0.0252,-5.4,0.5601,Under,1,1,,2026-10-02T15:01:26.330084-04:00,2026-10-02 15:01,2026-10-02 20:25,2026-10-01,2,loss,-100
2026-10-02,2026020021,ANA @ VGK,8475913,Mark Stone,VGK,ANA,R,points,0.5,-220,160,0.6413,1.121,0.6739,Over,-220,-0.0136,-2.0,0.6739,Over,1,1,,2026-10-02T15:01:26.330084-04:00,2026-10-02 15:01,2026-10-02 20:25,2026-10-01,0,loss,-100
2026-10-02,2026020021,ANA @ VGK,8475798,Mikael Granlund,ANA,VGK,C,points,0.5,-125,-110,0.5147,0.753,0.5292,Over,-125,-0.0264,-4.7,0.5292,Over,2,1,,2026-10-02T15:01:26.330084-04:00,2026-10-02 15:01,2026-10-02 20:25,2026-10-01,1,win,80.0
2026-10-02,2026020021,ANA @ VGK,8478483,Mitch Marner,VGK,ANA,R,points,0.5,-250,180,0.6667,1.062,0.6542,Under,180,-0.0113,-3.2,0.6542,Under,2,1,,2026-10-02T15:01:26.330084-04:00,2026-10-02 15:01,2026-10-02 20:25,2026-10-01,1,loss,-100
2026-10-02,2026020021,ANA @ VGK,8478397,Rasmus Andersson,VGK,ANA,D,points,0.5,130,-175,0.4059,0.507,0.3977,Under,-175,-0.0341,-5.4,0.3977,Under,2,2,,2026-10-02T15:01:26.330084-04:00,2026-10-02 15:01,2026-10-02 20:25,2026-10-01,0,win,57.1
2026-10-02,2026020021,ANA @ VGK,8477447,Shea Theodore,VGK,ANA,D,points,0.5,-145,110,0.5541,0.725,0.5156,Under,110,0.0082,1.7,0.5156,Under,1,1,,2026-10-02T15:01:26.330084-04:00,2026-10-02 15:01,2026-10-02 20:25,2026-10-01,1,loss,-100
2026-10-02,2026020021,ANA @ VGK,8476881,Tomas Hertl,VGK,ANA,C,points,0.5,-130,100,0.5306,0.739,0.5224,Under,100,-0.0224,-4.5,0.5224,Under,3,1,,2026-10-02T15:01:26.330084-04:00,2026-10-02 15:01,2026-10-02 20:25,2026-10-01,1,loss,-100
2026-10-02,2026020021,ANA @ VGK,8476448,William Karlsson,VGK,ANA,C,points,0.5,125,-165,0.4165,0.597,0.4494,Over,125,0.0049,1.1,0.4494,Over,2,2,,2026-10-02T15:01:26.330084-04:00,2026-10-02 15:01,2026-10-02 20:25,2026-10-01,0,loss,-100
2026-10-02,2026020021,ANA @ VGK,8473986,Alex Killorn,ANA,VGK,L,shots,1.5,-120,-110,0.5101,1.721,0.5131,Over,-120,-0.0323,-5.9,0.5131,Over,2,2,,2026-10-02T15:01:26.330084-04:00,2026-10-02 15:01,2026-10-02 20:25,2026-10-01,2,win,83.3
2026-10-02,2026020021,ANA @ VGK,8484762,Beckett Sennecke,ANA,VGK,R,shots,2.5,125,-165,0.4165,2.177,0.3711,Under,-165,0.0063,1.0,0.3711,Under,2,1,,2026-10-02T15:01:26.330084-04:00,2026-10-02 15:01,2026-10-02 20:25,2026-10-01,1,win,60.6
2026-10-02,2026020021,ANA @ VGK,8483445,Cutter Gauthier,ANA,VGK,L,shots,3.5,-110,-120,0.4899,3.204,0.3984,Under,-120,0.0561,10.3,0.3984,Under,1,1,,2026-10-02T15:01:26.330084-04:00,2026-10-02 15:01,2026-10-02 20:25,2026-10-01,5,loss,-100
2026-10-02,2026020021,ANA @ VGK,8477964,Ivan Barbashev,VGK,ANA,L,shots,1.5,-115,-115,0.5,1.679,0.5001,Over,-115,-0.0348,-6.5,0.5001,Over,1,,,2026-10-02T15:01:26.330084-04:00,2026-10-02 15:01,2026-10-02 20:25,2026-10-01,1,loss,-100
2026-10-02,2026020021,ANA @ VGK,8478403,Jack Eichel,VGK,ANA,C,shots,3.5,120,-155,0.4279,3.238,0.4059,Under,-155,-0.0138,-2.3,0.4059,Under,1,1,,2026-10-02T15:01:26.330084-04:00,2026-10-02 15:01,2026-10-02 20:25,2026-10-01,2,win,64.5
2026-10-02,2026020021,ANA @ VGK,8481605,Jackson LaCombe,ANA,VGK,D,shots,1.5,-155,-105,0.5427,1.65,0.4911,Under,-105,-0.0033,-0.6,0.4911,Under,1,1,,2026-10-02T15:01:26.330084-04:00,2026-10-02 15:01,2026-10-02 20:25,2026-10-01,2,loss,-100
2026-10-02,2026020021,ANA @ VGK,8484153,Leo Carlsson,ANA,VGK,C,shots,2.5,100,-145,0.4579,2.276,0.3975,Under,-145,0.0107,1.8,0.3975,Under,1,1,,2026-10-02T15:01:26.330084-04:00,2026-10-02 15:01,2026-10-02 20:25,2026-10-01,1,win,69.0
2026-10-02,2026020021,ANA @ VGK,8475913,Mark Stone,VGK,ANA,R,shots,2.5,135,-180,0.3983,2.245,0.3894,Under,-180,-0.0323,-5.0,0.3894,Under,1,1,,2026-10-02T15:01:26.330084-04:00,2026-10-02 15:01,2026-10-02 20:25,2026-10-01,0,win,55.6
2026-10-02,2026020021,ANA @ VGK,8475798,Mikael Granlund,ANA,VGK,C,shots,1.5,-125,-105,0.5203,1.896,0.5651,Over,-125,0.0096,1.7,0.5651,Over,2,1,,2026-10-02T15:01:26.330084-04:00,2026-10-02 15:01,2026-10-02 20:25,2026-10-01,0,loss,-100
2026-10-02,2026020021,ANA @ VGK,8478483,Mitch Marner,VGK,ANA,R,shots,2.5,-105,-150,0.4605,2.303,0.4046,Under,-150,-0.0046,-0.8,0.4046,Under,2,1,,2026-10-02T15:01:26.330084-04:00,2026-10-02 15:01,2026-10-02 20:25,2026-10-01,1,win,66.7
2026-10-02,2026020021,ANA @ VGK,8478397,Rasmus Andersson,VGK,ANA,D,shots,1.5,-160,120,0.5752,1.844,0.55,Under,120,-0.0046,-1.0,0.55,Under,2,2,,2026-10-02T15:01:26.330084-04:00,2026-10-02 15:01,2026-10-02 20:25,2026-10-01,2,loss,-100
2026-10-02,2026020021,ANA @ VGK,8477447,Shea Theodore,VGK,ANA,D,shots,2.5,125,-165,0.4165,2.039,0.3339,Under,-165,0.0435,7.0,0.3339,Under,1,1,,2026-10-02T15:01:26.330084-04:00,2026-10-02 15:01,2026-10-02 20:25,2026-10-01,4,loss,-100
2026-10-02,2026020021,ANA @ VGK,8476881,Tomas Hertl,VGK,ANA,C,shots,2.5,110,-145,0.4459,2.358,0.4193,Under,-145,-0.0111,-1.9,0.4193,Under,3,1,,2026-10-02T15:01:26.330084-04:00,2026-10-02 15:01,2026-10-02 20:25,2026-10-01,5,loss,-100
2026-10-02,2026020021,ANA @ VGK,8484803,Trevor Connelly,VGK,ANA,L,shots,1.5,-145,110,0.5541,1.448,0.4247,Under,110,0.0991,20.8,0.4247,Under,3,2,,2026-10-02T15:01:26.330084-04:00,2026-10-02 15:01,2026-10-02 20:25,2026-10-01,0,win,110.0
2026-10-02,2026020021,ANA @ VGK,8476448,William Karlsson,VGK,ANA,C,shots,1.5,-130,100,0.5306,2.035,0.6033,Over,-130,0.0381,6.7,0.6033,Over,2,2,,2026-10-02T15:01:26.330084-04:00,2026-10-02 15:01,2026-10-02 20:25,2026-10-01,2,win,76.9
2026-10-03,2026020033,CGY @ VAN,8478444,Brock Boeser,VAN,CGY,R,points,0.5,-170,125,0.5862,0.721,0.5136,Under,125,0.0419,9.4,0.5136,Under,,,,2026-10-03T22:20:42.133805-04:00,2026-10-04 07:32,2026-10-04 07:32,2026-10-01,0,win,125.0
2026-10-03,2026020033,CGY @ VAN,8480012,Elias Pettersson,VAN,CGY,C,points,0.5,-200,150,0.625,0.749,0.5273,Under,150,0.0727,18.2,0.5273,Under,,,,2026-10-03T22:20:42.133805-04:00,2026-10-04 07:32,2026-10-04 07:32,2026-10-01,1,loss,-100
2026-10-03,2026020033,CGY @ VAN,8483678,Elias Pettersson,VAN,CGY,D,points,0.5,-200,150,0.625,0.183,0.1671,Under,150,0.4329,108.2,0.1671,Under,,,,2026-10-03T22:20:42.133805-04:00,2026-10-04 07:32,2026-10-04 07:32,2026-10-01,1,loss,-100
2026-10-03,2026020033,CGY @ VAN,8479425,Filip Hronek,VAN,CGY,D,points,0.5,-170,-105,0.5514,0.675,0.491,Under,-105,-0.0032,-0.6,0.491,Under,,,,2026-10-03T22:20:42.133805-04:00,2026-10-04 07:32,2026-10-04 07:32,2026-10-01,0,win,95.2
2026-10-03,2026020033,CGY @ VAN,8480797,Joel Farabee,CGY,VAN,L,points,0.5,105,-140,0.4554,0.607,0.4547,Under,-140,-0.0381,-6.5,0.4547,Under,,,,2026-10-03T22:20:42.133805-04:00,2026-10-04 07:32,2026-10-04 07:32,2026-10-01,1,loss,-100
2026-10-03,2026020033,CGY @ VAN,8483476,Jonathan Lekkerimaki,VAN,CGY,R,points,0.5,150,-200,0.375,0.37,0.3091,Under,-200,0.0243,3.6,0.3091,Under,,,,2026-10-03T22:20:42.133805-04:00,2026-10-04 07:32,2026-10-04 07:32,2026-10-01,0,win,50.0
2026-10-03,2026020033,CGY @ VAN,8483499,Liam Ohgren,VAN,CGY,L,points,0.5,150,-200,0.375,0.59,0.4457,Over,150,0.0457,11.4,0.4457,Over,,,,2026-10-03T22:20:42.133805-04:00,2026-10-04 07:32,2026-10-04 07:32,2026-10-01,2,win,150.0
2026-10-03,2026020033,CGY @ VAN,8481024,Linus Karlsson,VAN,CGY,C,points,0.5,160,-220,0.3587,0.507,0.3976,Over,160,0.013,3.4,0.3976,Over,,,,2026-10-03T22:20:42.133805-04:00,2026-10-04 07:32,2026-10-04 07:32,2026-10-01,2,win,160.0
2026-10-03,2026020033,CGY @ VAN,8482079,Marco Rossi,VAN,CGY,C,points,0.5,-150,115,0.5633,0.664,0.4851,Under,115,0.0498,10.7,0.4851,Under,,,,2026-10-03T22:20:42.133805-04:00,2026-10-04 07:32,2026-10-04 07:32,2026-10-01,0,win,115.0
2026-10-03,2026020033,CGY @ VAN,8482679,Matt Coronato,CGY,VAN,R,points,0.5,-130,100,0.5306,0.636,0.4708,Under,100,0.0292,5.8,0.4708,Under,,,,2026-10-03T22:20:42.133805-04:00,2026-10-04 07:32,2026-10-04 07:32,2026-10-01,1,loss,-100
2026-10-03,2026020033,CGY @ VAN,8484860,Matvei Gridin,CGY,VAN,R,points,0.5,-115,-115,0.5,0.611,0.457,Under,-115,0.0081,1.5,0.457,Under,,,,2026-10-03T22:20:42.133805-04:00,2026-10-04 07:32,2026-10-04 07:32,2026-10-01,0,win,87.0
2026-10-03,2026020033,CGY @ VAN,8474150,Mikael Backlund,CGY,VAN,C,points,0.5,140,-190,0.3887,0.608,0.4557,Over,140,0.039,9.4,0.4557,Over,,,,2026-10-03T22:20:42.133805-04:00,2026-10-04 07:32,2026-10-04 07:32,2026-10-01,0,loss,-100
2026-10-03,2026020033,CGY @ VAN,8480028,Morgan Frost,CGY,VAN,C,points,0.5,-115,-115,0.5,0.589,0.4451,Under,-115,0.02,3.7,0.4451,Under,,,,2026-10-03T22:20:42.133805-04:00,2026-10-04 07:32,2026-10-04 07:32,2026-10-01,0,win,87.0
2026-10-03,2026020033,CGY @ VAN,8476458,Ryan Strome,CGY,VAN,C,points,0.5,155,-210,0.3666,0.51,0.3997,Over,155,0.0075,1.9,0.3997,Over,,,,2026-10-03T22:20:42.133805-04:00,2026-10-04 07:32,2026-10-04 07:32,2026-10-01,0,loss,-100
2026-10-03,2026020033,CGY @ VAN,8483495,Simon Nemec,CGY,VAN,D,points,0.5,190,-260,0.3232,0.437,0.3539,Over,190,0.0091,2.6,0.3539,Over,,,,2026-10-03T22:20:42.133805-04:00,2026-10-04 07:32,2026-10-04 07:32,2026-10-01,0,loss,-100
2026-10-03,2026020033,CGY @ VAN,8480727,Zach Whitecloud,CGY,VAN,D,points,0.5,260,-375,0.2603,0.31,0.2668,Over,260,-0.0109,-3.9,0.2668,Over,,,,2026-10-03T22:20:42.133805-04:00,2026-10-04 07:32,2026-10-04 07:32,2026-10-01,0,loss,-100
2026-10-03,2026020033,CGY @ VAN,8484768,Zayne Parekh,CGY,VAN,D,points,0.5,130,-175,0.4059,0.416,0.3405,Under,-175,0.0231,3.6,0.3405,Under,,,,2026-10-03T22:20:42.133805-04:00,2026-10-04 07:32,2026-10-04 07:32,2026-10-01,1,loss,-100
2026-10-03,2026020033,CGY @ VAN,8475848,Brendan Gallagher,VAN,CGY,R,shots,1.5,-115,-115,0.5,1.265,0.3607,Under,-115,0.1044,19.5,0.3607,Under,,,,2026-10-03T22:20:42.133805-04:00,2026-10-04 07:32,2026-10-04 07:32,2026-10-01,2,loss,-100
2026-10-03,2026020033,CGY @ VAN,8478444,Brock Boeser,VAN,CGY,R,shots,2.5,-115,-115,0.5,2.229,0.3852,Under,-115,0.08,14.9,0.3852,Under,,,,2026-10-03T22:20:42.133805-04:00,2026-10-04 07:32,2026-10-04 07:32,2026-10-01,3,loss,-100
2026-10-03,2026020033,CGY @ VAN,8480012,Elias Pettersson,VAN,CGY,C,shots,2.5,-110,-120,0.4899,2.027,0.3306,Under,-120,0.1239,22.7,0.3306,Under,,,,2026-10-03T22:20:42.133805-04:00,2026-10-04 07:32,2026-10-04 07:32,2026-10-01,1,win,83.3
2026-10-03,2026020033,CGY @ VAN,8483678,Elias Pettersson,VAN,CGY,D,shots,2.5,-110,-120,0.4899,0.884,0.0602,Under,-120,0.3943,72.3,0.0602,Under,,,,2026-10-03T22:20:42.133805-04:00,2026-10-04 07:32,2026-10-04 07:32,2026-10-01,1,win,83.3
2026-10-03,2026020033,CGY @ VAN,8479425,Filip Hronek,VAN,CGY,D,shots,2.5,120,-200,0.4054,1.865,0.2868,Under,-200,0.0466,7.0,0.2868,Under,,,,2026-10-03T22:20:42.133805-04:00,2026-10-04 07:32,2026-10-04 07:32,2026-10-01,1,win,50.0
2026-10-03,2026020033,CGY @ VAN,8480797,Joel Farabee,CGY,VAN,L,shots,1.5,-180,135,0.6017,1.728,0.5153,Under,135,0.0591,13.9,0.5153,Under,,,,2026-10-03T22:20:42.133805-04:00,2026-10-04 07:32,2026-10-04 07:32,2026-10-01,1,win,135.0
2026-10-03,2026020033,CGY @ VAN,8483499,Liam Ohgren,VAN,CGY,L,shots,1.5,-110,-120,0.4899,1.954,0.5814,Over,-110,0.0576,11.0,0.5814,Over,,,,2026-10-03T22:20:42.133805-04:00,2026-10-04 07:32,2026-10-04 07:32,2026-10-01,3,win,90.9
2026-10-03,2026020033,CGY @ VAN,8481024,Linus Karlsson,VAN,CGY,C,shots,1.5,-125,-105,0.5203,1.611,0.4786,Under,-105,0.0093,1.8,0.4786,Under,,,,2026-10-03T22:20:42.133805-04:00,2026-10-04 07:32,2026-10-04 07:32,2026-10-01,2,loss,-100
2026-10-03,2026020033,CGY @ VAN,8482079,Marco Rossi,VAN,CGY,C,shots,1.5,-165,-105,0.5487,1.549,0.4583,Under,-105,0.0295,5.8,0.4583,Under,,,,2026-10-03T22:20:42.133805-04:00,2026-10-04 07:32,2026-10-04 07:32,2026-10-01,1,win,95.2
2026-10-03,2026020033,CGY @ VAN,8482679,Matt Coronato,CGY,VAN,R,shots,2.5,-110,-120,0.4899,2.303,0.4047,Under,-120,0.0498,9.1,0.4047,Under,,,,2026-10-03T22:20:42.133805-04:00,2026-10-04 07:32,2026-10-04 07:32,2026-10-01,1,win,83.3
2026-10-03,2026020033,CGY @ VAN,8484860,Matvei Gridin,CGY,VAN,R,shots,2.5,105,-165,0.4393,1.922,0.3021,Under,-165,0.0752,12.1,0.3021,Under,,,,2026-10-03T22:20:42.133805-04:00,2026-10-04 07:32,2026-10-04 07:32,2026-10-01,4,loss,-100
2026-10-03,2026020033,CGY @ VAN,8474150,Mikael Backlund,CGY,VAN,C,shots,2.5,130,-175,0.4059,1.958,0.3121,Under,-175,0.0516,8.1,0.3121,Under,,,,2026-10-03T22:20:42.133805-04:00,2026-10-04 07:32,2026-10-04 07:32,2026-10-01,3,loss,-100
2026-10-03,2026020033,CGY @ VAN,8480028,Morgan Frost,CGY,VAN,C,shots,2.5,135,-180,0.3983,1.736,0.2524,Under,-180,0.1048,16.3,0.2524,Under,,,,2026-10-03T22:20:42.133805-04:00,2026-10-04 07:32,2026-10-04 07:32,2026-10-01,3,loss,-100
2026-10-03,2026020033,CGY @ VAN,8484768,Zayne Parekh,CGY,VAN,D,shots,1.5,-145,110,0.5541,1.647,0.4903,Under,110,0.0335,7.0,0.4903,Under,,,,2026-10-03T22:20:42.133805-04:00,2026-10-04 07:32,2026-10-04 07:32,2026-10-01,4,loss,-100
2026-10-03,2026020034,LAK @ SJS,8477960,Adrian Kempe,LAK,SJS,R,points,0.5,-200,145,0.6203,0.962,0.6178,Under,145,-0.026,-6.4,0.6178,Under,,,,2026-10-03T22:20:42.133805-04:00,2026-10-04 07:32,2026-10-04 07:32,2026-10-01,2,loss,-100
2026-10-03,2026020034,LAK @ SJS,8482155,Alex Laferriere,LAK,SJS,R,points,0.5,-115,-115,0.5,0.76,0.5323,Over,-115,-0.0026,-0.5,0.5323,Over,,,,2026-10-03T22:20:42.133805-04:00,2026-10-04 07:32,2026-10-04 07:32,2026-10-01,0,loss,-100
2026-10-03,2026020034,LAK @ SJS,8477505,Alexander Wennberg,SJS,LAK,C,points,0.5,-115,-115,0.5,0.737,0.5213,Over,-115,-0.0136,-2.5,0.5213,Over,,,,2026-10-03T22:20:42.133805-04:00,2026-10-04 07:32,2026-10-04 07:32,2026-10-01,0,loss,-100
2026-10-03,2026020034,LAK @ SJS,8478550,Artemi Panarin,LAK,SJS,L,points,1.5,165,-220,0.3544,1.105,0.3029,Under,-220,0.0096,1.4,0.3029,Under,,,,2026-10-03T22:20:42.133805-04:00,2026-10-04 07:32,2026-10-04 07:32,2026-10-01,2,loss,-100
2026-10-03,2026020034,LAK @ SJS,8482730,Brandt Clarke,LAK,SJS,D,points,0.5,-110,-120,0.4899,0.534,0.4137,Under,-120,0.0409,7.5,0.4137,Under,,,,2026-10-03T22:20:42.133805-04:00,2026-10-04 07:32,2026-10-04 07:32,2026-10-01,2,loss,-100
2026-10-03,2026020034,LAK @ SJS,8475200,Dmitry Orlov,SJS,LAK,D,points,0.5,145,-200,0.3797,0.348,0.2938,Under,-200,0.0395,5.9,0.2938,Under,,,,2026-10-03T22:20:42.133805-04:00,2026-10-04 07:32,2026-10-04 07:32,2026-10-01,0,win,50.0
2026-10-03,2026020034,LAK @ SJS,8474563,Drew Doughty,LAK,SJS,D,points,0.5,185,-260,0.327,0.481,0.3818,Over,185,0.0309,8.8,0.3818,Over,,,,2026-10-03T22:20:42.133805-04:00,2026-10-04 07:32,2026-10-04 07:32,2026-10-01,0,loss,-100
2026-10-03,2026020034,LAK @ SJS,8484994,Igor Chernyshov,SJS,LAK,L,points,0.5,140,-190,0.3887,0.495,0.3906,Over,140,-0.0261,-6.3,0.3906,Over,,,,2026-10-03T22:20:42.133805-04:00,2026-10-04 07:32,2026-10-04 07:32,2026-10-01,3,win,140.0
2026-10-03,2026020034,LAK @ SJS,8486103,Ivar Stenberg,SJS,LAK,L,points,0.5,155,-210,0.3666,0.333,0.2831,Under,-210,0.0395,5.8,0.2831,Under,,,,2026-10-03T22:20:42.133805-04:00,2026-10-04 07:32,2026-10-04 07:32,2026-10-01,1,loss,-100
2026-10-03,2026020034,LAK @ SJS,8484152,Luca Cagnoni,SJS,LAK,D,points,0.5,105,-140,0.4554,0.475,0.3779,Under,-140,0.0387,6.6,0.3779,Under,,,,2026-10-03T22:20:42.133805-04:00,2026-10-04 07:32,2026-10-04 07:32,2026-10-01,0,win,71.4
2026-10-03,2026020034,LAK @ SJS,8484801,Macklin Celebrini,SJS,LAK,C,points,1.5,155,-210,0.3666,1.152,0.32,Under,-210,0.0026,0.4,0.32,Under,,,,2026-10-03T22:20:42.133805-04:00,2026-10-04 07:32,2026-10-04 07:32,2026-10-01,2,loss,-100
2026-10-03,2026020034,LAK @ SJS,8478975,Mason Marchment,SJS,LAK,L,points,0.5,-110,-120,0.4899,0.686,0.4966,Over,-110,-0.0272,-5.2,0.4966,Over,,,,2026-10-03T22:20:42.133805-04:00,2026-10-04 07:32,2026-10-04 07:32,2026-10-01,0,loss,-100
2026-10-03,2026020034,LAK @ SJS,8475692,Mats Zuccarello,LAK,SJS,R,points,0.5,-175,130,0.5941,0.827,0.5628,Under,130,0.0024,0.6,0.5628,Under,,,,2026-10-03T22:20:42.133805-04:00,2026-10-04 07:32,2026-10-04 07:32,2026-10-01,1,loss,-100
2026-10-03,2026020034,LAK @ SJS,8485402,Michael Misa,SJS,LAK,C,points,0.5,165,-220,0.3544,0.383,0.3183,Under,-220,-0.0058,-0.8,0.3183,Under,,,,2026-10-03T22:20:42.133805-04:00,2026-10-04 07:32,2026-10-04 07:32,2026-10-01,1,loss,-100
2026-10-03,2026020034,LAK @ SJS,8482124,Quinton Byfield,LAK,SJS,R,points,0.5,-160,-110,0.5402,0.823,0.561,Over,-160,-0.0544,-8.8,0.561,Over,,,,2026-10-03T22:20:42.133805-04:00,2026-10-04 07:32,2026-10-04 07:32,2026-10-01,2,win,62.5
2026-10-03,2026020034,LAK @ SJS,8475726,Tyler Toffoli,SJS,LAK,C,points,0.5,155,-210,0.3666,0.424,0.3454,Under,-210,-0.0229,-3.4,0.3454,Under,,,,2026-10-03T22:20:42.133805-04:00,2026-10-04 07:32,2026-10-04 07:32,2026-10-01,2,loss,-100
2026-10-03,2026020034,LAK @ SJS,8484227,Will Smith,SJS,LAK,C,points,0.5,-170,125,0.5862,0.824,0.5612,Under,125,-0.0056,-1.3,0.5612,Under,,,,2026-10-03T22:20:42.133805-04:00,2026-10-04 07:32,2026-10-04 07:32,2026-10-01,0,win,125.0
2026-10-03,2026020034,LAK @ SJS,8477960,Adrian Kempe,LAK,SJS,R,shots,2.5,-160,120,0.5752,3.196,0.6193,Over,-160,0.0039,0.6,0.6193,Over,,,,2026-10-03T22:20:42.133805-04:00,2026-10-04 07:32,2026-10-04 07:32,2026-10-01,6,win,62.5
2026-10-03,2026020034,LAK @ SJS,8482155,Alex Laferriere,LAK,SJS,R,shots,2.5,100,-130,0.4694,2.934,0.5618,Over,100,0.0618,12.4,0.5618,Over,,,,2026-10-03T22:20:42.133805-04:00,2026-10-04 07:32,2026-10-04 07:32,2026-10-01,0,loss,-100
2026-10-03,2026020034,LAK @ SJS,8478550,Artemi Panarin,LAK,SJS,L,shots,2.5,-180,135,0.6017,3.313,0.6433,Over,-180,0.0004,0.1,0.6433,Over,,,,2026-10-03T22:20:42.133805-04:00,2026-10-04 07:32,2026-10-04 07:32,2026-10-01,4,win,55.6
2026-10-03,2026020034,LAK @ SJS,8482730,Brandt Clarke,LAK,SJS,D,shots,1.5,-165,125,0.5835,1.852,0.5524,Under,125,0.0032,0.7,0.5524,Under,,,,2026-10-03T22:20:42.133805-04:00,2026-10-04 07:32,2026-10-04 07:32,2026-10-01,5,loss,-100
2026-10-03,2026020034,LAK @ SJS,8477498,Darnell Nurse,SJS,LAK,D,shots,1.5,-155,115,0.5665,1.716,0.5118,Under,115,0.0231,5.0,0.5118,Under,,,,2026-10-03T22:20:42.133805-04:00,2026-10-04 07:32,2026-10-04 07:32,2026-10-01,0,win,115.0
2026-10-03,2026020034,LAK @ SJS,8475200,Dmitry Orlov,SJS,LAK,D,shots,1.5,-110,-120,0.4899,1.13,0.312,Under,-120,0.1425,26.1,0.312,Under,,,,2026-10-03T22:20:42.133805-04:00,2026-10-04 07:32,2026-10-04 07:32,2026-10-01,1,win,83.3
2026-10-03,2026020034,LAK @ SJS,8474563,Drew Doughty,LAK,SJS,D,shots,1.5,100,-135,0.4653,1.563,0.463,Under,-135,-0.0375,-6.5,0.463,Under,,,,2026-10-03T22:20:42.133805-04:00,2026-10-04 07:32,2026-10-04 07:32,2026-10-01,0,win,74.1
2026-10-03,2026020034,LAK @ SJS,8475287,Erik Haula,LAK,SJS,L,shots,1.5,-155,115,0.5665,1.758,0.5244,Under,115,0.0105,2.3,0.5244,Under,,,,2026-10-03T22:20:42.133805-04:00,2026-10-04 07:32,2026-10-04 07:32,2026-10-01,2,loss,-100
2026-10-03,2026020034,LAK @ SJS,8486103,Ivar Stenberg,SJS,LAK,L,shots,1.5,-120,-110,0.5101,1.036,0.2776,Under,-110,0.1986,37.9,0.2776,Under,,,,2026-10-03T22:20:42.133805-04:00,2026-10-04 07:32,2026-10-04 07:32,2026-10-01,0,win,90.9
2026-10-03,2026020034,LAK @ SJS,8476885,Jacob Trouba,SJS,LAK,D,shots,1.5,105,-135,0.4592,1.616,0.4802,Over,105,-0.0076,-1.6,0.4802,Over,,,,2026-10-03T22:20:42.133805-04:00,2026-10-04 07:32,2026-10-04 07:32,2026-10-01,1,loss,-100
2026-10-03,2026020034,LAK @ SJS,8476441,Joel Edmundson,LAK,SJS,D,shots,1.5,135,-185,0.396,1.141,0.316,Under,-185,0.0349,5.4,0.316,Under,,,,2026-10-03T22:20:42.133805-04:00,2026-10-04 07:32,2026-10-04 07:32,2026-10-01,1,win,54.1
2026-10-03,2026020034,LAK @ SJS,8484152,Luca Cagnoni,SJS,LAK,D,shots,1.5,-175,130,0.5941,1.488,0.4383,Under,130,0.127,29.2,0.4383,Under,,,,2026-10-03T22:20:42.133805-04:00,2026-10-04 07:32,2026-10-04 07:32,2026-10-01,3,loss,-100
2026-10-03,2026020034,LAK @ SJS,8484801,Macklin Celebrini,SJS,LAK,C,shots,3.5,-115,-155,0.4681,3.387,0.4388,Under,-155,-0.0467,-7.7,0.4388,Under,,,,2026-10-03T22:20:42.133805-04:00,2026-10-04 07:32,2026-10-04 07:32,2026-10-01,2,win,64.5
2026-10-03,2026020034,LAK @ SJS,8478975,Mason Marchment,SJS,LAK,L,shots,1.5,-150,-110,0.5339,2.11,0.6231,Over,-150,0.0231,3.8,0.6231,Over,,,,2026-10-03T22:20:42.133805-04:00,2026-10-04 07:32,2026-10-04 07:32,2026-10-01,1,loss,-100
2026-10-03,2026020034,LAK @ SJS,8475692,Mats Zuccarello,LAK,SJS,R,shots,1.5,-190,140,0.6113,2.115,0.6241,Over,-190,-0.031,-4.7,0.6241,Over,,,,2026-10-03T22:20:42.133805-04:00,2026-10-04 07:32,2026-10-04 07:32,2026-10-01,1,loss,-100
2026-10-03,2026020034,LAK @ SJS,8480891,Michael Kesselring,SJS,LAK,D,shots,1.5,100,-130,0.4694,1.223,0.3456,Under,-130,0.0891,15.8,0.3456,Under,,,,2026-10-03T22:20:42.133805-04:00,2026-10-04 07:32,2026-10-04 07:32,2026-10-01,0,win,76.9
2026-10-03,2026020034,LAK @ SJS,8482124,Quinton Byfield,LAK,SJS,R,shots,2.5,-135,100,0.5347,2.59,0.479,Under,100,0.021,4.2,0.479,Under,,,,2026-10-03T22:20:42.133805-04:00,2026-10-04 07:32,2026-10-04 07:32,2026-10-01,4,loss,-100
2026-10-03,2026020034,LAK @ SJS,8479675,Trevor Moore,LAK,SJS,L,shots,1.5,-145,110,0.5541,2.155,0.6344,Over,-145,0.0426,7.2,0.6344,Over,,,,2026-10-03T22:20:42.133805-04:00,2026-10-04 07:32,2026-10-04 07:32,2026-10-01,2,win,69.0
2026-10-03,2026020034,LAK @ SJS,8475726,Tyler Toffoli,SJS,LAK,C,shots,1.5,-130,100,0.5306,1.645,0.4893,Under,100,0.0107,2.1,0.4893,Under,,,,2026-10-03T22:20:42.133805-04:00,2026-10-04 07:32,2026-10-04 07:32,2026-10-01,3,loss,-100
2026-10-03,2026020034,LAK @ SJS,8484227,Will Smith,SJS,LAK,C,shots,2.5,-115,-185,0.4518,2.426,0.4371,Under,-185,-0.0863,-13.3,0.4371,Under,,,,2026-10-03T22:20:42.133805-04:00,2026-10-04 07:32,2026-10-04 07:32,2026-10-01,2,win,54.1
2026-10-04,2026020036,UTA @ NYR,8479323,Adam Fox,NYR,UTA,D,points,0.5,-160,120,0.5752,0.757,0.5311,Under,120,0.0144,3.2,0.5311,Under,1,1,,2026-10-04T17:22:16.848882-04:00,2026-10-04 17:22,2026-10-04 17:35,2026-10-01,1,loss,-100
2026-10-04,2026020036,UTA @ NYR,8482109,Alexis Lafrenière,NYR,UTA,L,points,0.5,-120,-110,0.5101,0.77,0.5372,Over,-120,-0.0083,-1.5,0.5372,Over,1,1,,2026-10-04T17:22:16.848882-04:00,2026-10-04 17:22,2026-10-04 17:35,2026-10-01,1,win,83.3
2026-10-04,2026020036,UTA @ NYR,8479343,Clayton Keller,UTA,NYR,R,points,0.5,-250,180,0.6667,0.928,0.6047,Under,180,0.0381,10.7,0.6047,Under,1,1,,2026-10-04T17:22:16.848882-04:00,2026-10-04 17:22,2026-10-04 17:35,2026-10-01,1,loss,-100
2026-10-04,2026020036,UTA @ NYR,8482699,Dylan Guenther,UTA,NYR,R,points,0.5,-150,115,0.5633,0.787,0.545,Under,115,-0.0101,-2.2,0.545,Under,2,1,,2026-10-04T17:22:16.848882-04:00,2026-10-04 17:22,2026-10-04 17:35,2026-10-01,0,win,115.0
2026-10-04,2026020036,UTA @ NYR,8484210,Gabe Perreault,NYR,UTA,R,points,0.5,150,-200,0.375,0.561,0.4292,Over,150,0.0292,7.3,0.4292,Over,1,2,,2026-10-04T17:22:16.848882-04:00,2026-10-04 17:22,2026-10-04 17:35,2026-10-01,1,win,150.0
2026-10-04,2026020036,UTA @ NYR,8476468,J.T. Miller,NYR,UTA,C,points,0.5,-155,115,0.5665,0.72,0.5134,Under,115,0.0215,4.6,0.5134,Under,2,1,,2026-10-04T17:22:16.848882-04:00,2026-10-04 17:22,2026-10-04 17:35,2026-10-01,1,loss,-100
2026-10-04,2026020036,UTA @ NYR,8483431,Logan Cooley,UTA,NYR,C,points,0.5,-135,100,0.5347,0.729,0.5178,Under,100,-0.0178,-3.6,0.5178,Under,2,1,,2026-10-04T17:22:16.848882-04:00,2026-10-04 17:22,2026-10-04 17:35,2026-10-01,0,win,100.0
2026-10-04,2026020036,UTA @ NYR,8476459,Mika Zibanejad,NYR,UTA,C,points,0.5,-185,140,0.6091,0.899,0.5929,Under,140,-0.0096,-2.3,0.5929,Under,1,1,,2026-10-04T17:22:16.848882-04:00,2026-10-04 17:22,2026-10-04 17:35,2026-10-01,1,loss,-100
2026-10-04,2026020036,UTA @ NYR,8479410,Mikhail Sergachev,UTA,NYR,D,points,0.5,-135,-110,0.5231,0.631,0.4681,Under,-110,0.0081,1.5,0.4681,Under,1,1,,2026-10-04T17:22:16.848882-04:00,2026-10-04 17:22,2026-10-04 17:35,2026-10-01,0,win,90.9
2026-10-04,2026020036,UTA @ NYR,8477951,Nick Schmaltz,UTA,NYR,C,points,0.5,-160,120,0.5752,0.809,0.5545,Under,120,-0.0091,-2.0,0.5545,Under,1,1,,2026-10-04T17:22:16.848882-04:00,2026-10-04 17:22,2026-10-04 17:35,2026-10-01,1,loss,-100
2026-10-04,2026020036,UTA @ NYR,8481604,Pavel Dorofeyev,NYR,UTA,R,points,0.5,-125,-105,0.5203,0.706,0.5065,Under,-105,-0.0187,-3.7,0.5065,Under,2,1,,2026-10-04T17:22:16.848882-04:00,2026-10-04 17:22,2026-10-04 17:35,2026-10-01,0,win,95.2
2026-10-04,2026020036,UTA @ NYR,8476389,Vincent Trocheck,UTA,NYR,C,points,0.5,125,-165,0.4165,0.653,0.4795,Over,125,0.035,7.9,0.4795,Over,1,2,,2026-10-04T17:22:16.848882-04:00,2026-10-04 17:22,2026-10-04 17:35,2026-10-01,0,loss,-100
2026-10-04,2026020036,UTA @ NYR,8479323,Adam Fox,NYR,UTA,D,shots,1.5,-125,-105,0.5203,1.713,0.5108,Under,-105,-0.023,-4.5,0.5108,Under,1,1,,2026-10-04T17:22:16.848882-04:00,2026-10-04 17:22,2026-10-04 17:35,2026-10-01,1,win,95.2
2026-10-04,2026020036,UTA @ NYR,8482109,Alexis Lafrenière,NYR,UTA,L,shots,2.5,145,-190,0.3839,2.26,0.3935,Over,145,-0.0147,-3.6,0.3935,Over,1,1,,2026-10-04T17:22:16.848882-04:00,2026-10-04 17:22,2026-10-04 17:35,2026-10-01,4,win,145.0
2026-10-04,2026020036,UTA @ NYR,8475314,Anders Lee,UTA,NYR,L,shots,1.5,-190,140,0.6113,2.038,0.6042,Under,140,-0.0208,-5.0,0.6042,Under,2,2,,2026-10-04T17:22:16.848882-04:00,2026-10-04 17:22,2026-10-04 17:35,2026-10-01,1,win,140.0
2026-10-04,2026020036,UTA @ NYR,8479343,Clayton Keller,UTA,NYR,R,shots,2.5,-115,-115,0.5,2.568,0.4736,Under,-115,-0.0084,-1.6,0.4736,Under,1,1,,2026-10-04T17:22:16.848882-04:00,2026-10-04 17:22,2026-10-04 17:35,2026-10-01,2,win,87.0
2026-10-04,2026020036,UTA @ NYR,8482699,Dylan Guenther,UTA,NYR,R,shots,2.5,-140,105,0.5446,2.967,0.5693,Over,-140,-0.014,-2.4,0.5693,Over,2,1,,2026-10-04T17:22:16.848882-04:00,2026-10-04 17:22,2026-10-04 17:35,2026-10-01,2,loss,-100
2026-10-04,2026020036,UTA @ NYR,8480009,Eeli Tolvanen,NYR,UTA,R,shots,1.5,-105,-130,0.4754,1.506,0.4441,Under,-130,-0.0093,-1.6,0.4441,Under,3,2,,2026-10-04T17:22:16.848882-04:00,2026-10-04 17:22,2026-10-04 17:35,2026-10-01,2,loss,-100
2026-10-04,2026020036,UTA @ NYR,8484210,Gabe Perreault,NYR,UTA,R,shots,1.5,115,-155,0.4335,1.486,0.4376,Over,115,-0.0275,-5.9,0.4376,Over,1,2,,2026-10-04T17:22:16.848882-04:00,2026-10-04 17:22,2026-10-04 17:35,2026-10-01,1,loss,-100
2026-10-04,2026020036,UTA @ NYR,8476468,J.T. Miller,NYR,UTA,C,shots,1.5,-155,115,0.5665,1.843,0.5498,Under,115,-0.0149,-3.2,0.5498,Under,2,1,,2026-10-04T17:22:16.848882-04:00,2026-10-04 17:22,2026-10-04 17:35,2026-10-01,1,win,115.0
2026-10-04,2026020036,UTA @ NYR,8483431,Logan Cooley,UTA,NYR,C,shots,1.5,-135,-105,0.5287,1.899,0.566,Over,-135,-0.0085,-1.5,0.566,Over,2,1,,2026-10-04T17:22:16.848882-04:00,2026-10-04 17:22,2026-10-04 17:35,2026-10-01,0,loss,-100
2026-10-04,2026020036,UTA @ NYR,8476459,Mika Zibanejad,NYR,UTA,C,shots,2.5,120,-160,0.4248,2.436,0.4396,Over,120,-0.0149,-3.3,0.4396,Over,1,1,,2026-10-04T17:22:16.848882-04:00,2026-10-04 17:22,2026-10-04 17:35,2026-10-01,0,loss,-100
2026-10-04,2026020036,UTA @ NYR,8479410,Mikhail Sergachev,UTA,NYR,D,shots,1.5,-150,100,0.5455,1.842,0.5494,Over,-150,-0.0506,-8.4,0.5494,Over,1,1,,2026-10-04T17:22:16.848882-04:00,2026-10-04 17:22,2026-10-04 17:35,2026-10-01,3,win,66.7
2026-10-04,2026020036,UTA @ NYR,8477951,Nick Schmaltz,UTA,NYR,C,shots,2.5,110,-145,0.4459,2.419,0.4352,Under,-145,-0.027,-4.6,0.4352,Under,1,1,,2026-10-04T17:22:16.848882-04:00,2026-10-04 17:22,2026-10-04 17:35,2026-10-01,3,loss,-100
2026-10-04,2026020036,UTA @ NYR,8481604,Pavel Dorofeyev,NYR,UTA,R,shots,2.5,-155,115,0.5665,2.656,0.4956,Under,115,0.0393,8.4,0.4956,Under,2,1,,2026-10-04T17:22:16.848882-04:00,2026-10-04 17:22,2026-10-04 17:35,2026-10-01,3,loss,-100
2026-10-04,2026020036,UTA @ NYR,8482157,Will Cuylle,NYR,UTA,L,shots,1.5,-125,-110,0.5147,1.641,0.4883,Under,-110,-0.0121,-2.3,0.4883,Under,3,2,,2026-10-04T17:22:16.848882-04:00,2026-10-04 17:22,2026-10-04 17:35,2026-10-01,2,loss,-100
2026-10-04,2026020037,FLA @ ANA,8477932,Aaron Ekblad,FLA,ANA,D,points,0.5,180,-250,0.3333,0.493,0.3891,Over,180,0.0319,8.9,0.3891,Over,1,2,,2026-10-04T17:22:16.848882-04:00,2026-10-04 17:22,2026-10-04 17:35,2026-10-01,,,
2026-10-04,2026020037,FLA @ ANA,8473986,Alex Killorn,ANA,FLA,L,points,0.5,145,-195,0.3818,0.577,0.4386,Over,145,0.0305,7.5,0.4386,Over,2,2,,2026-10-04T17:22:16.848882-04:00,2026-10-04 17:22,2026-10-04 17:35,2026-10-01,0,loss,-100
2026-10-04,2026020037,FLA @ ANA,8482113,Anton Lundell,FLA,ANA,C,points,0.5,-120,-150,0.4762,0.719,0.5126,Over,-120,-0.0328,-6.0,0.5126,Over,3,2,,2026-10-04T17:22:16.848882-04:00,2026-10-04 17:22,2026-10-04 17:35,2026-10-01,0,loss,-100
2026-10-04,2026020037,FLA @ ANA,8484762,Beckett Sennecke,ANA,FLA,R,points,0.5,-115,-115,0.5,0.76,0.5321,Over,-115,-0.0027,-0.5,0.5321,Over,2,1,,2026-10-04T17:22:16.848882-04:00,2026-10-04 17:22,2026-10-04 17:35,2026-10-01,1,win,87.0
2026-10-04,2026020037,FLA @ ANA,8480801,Brady Tkachuk,FLA,ANA,L,points,0.5,-155,115,0.5665,0.907,0.5963,Over,-155,-0.0115,-1.9,0.5963,Over,1,1,,2026-10-04T17:22:16.848882-04:00,2026-10-04 17:22,2026-10-04 17:35,2026-10-01,0,loss,-100
2026-10-04,2026020037,FLA @ ANA,8477409,Carter Verhaeghe,FLA,ANA,C,points,0.5,105,-135,0.4592,0.789,0.5456,Over,105,0.0578,11.8,0.5456,Over,2,2,,2026-10-04T17:22:16.848882-04:00,2026-10-04 17:22,2026-10-04 17:35,2026-10-01,1,win,105.0
2026-10-04,2026020037,FLA @ ANA,8483445,Cutter Gauthier,ANA,FLA,L,points,0.5,-150,110,0.5575,0.853,0.5737,Over,-150,-0.0263,-4.4,0.5737,Over,1,1,,2026-10-04T17:22:16.848882-04:00,2026-10-04 17:22,2026-10-04 17:35,2026-10-01,3,win,66.7
2026-10-04,2026020037,FLA @ ANA,8481605,Jackson LaCombe,ANA,FLA,D,points,0.5,-140,105,0.5446,0.752,0.5286,Under,105,-0.0164,-3.4,0.5286,Under,1,1,,2026-10-04T17:22:16.848882-04:00,2026-10-04 17:22,2026-10-04 17:35,2026-10-01,1,loss,-100
2026-10-04,2026020037,FLA @ ANA,8484153,Leo Carlsson,ANA,FLA,C,points,0.5,-135,105,0.5408,0.91,0.5974,Over,-135,0.023,4.0,0.5974,Over,1,1,,2026-10-04T17:22:16.848882-04:00,2026-10-04 17:22,2026-10-04 17:35,2026-10-01,3,win,74.1
2026-10-04,2026020037,FLA @ ANA,8479314,Matthew Tkachuk,FLA,ANA,L,points,0.5,-185,135,0.604,1.058,0.6528,Over,-185,0.0037,0.6,0.6528,Over,2,1,,2026-10-04T17:22:16.848882-04:00,2026-10-04 17:22,2026-10-04 17:35,2026-10-01,1,win,54.1
2026-10-04,2026020037,FLA @ ANA,8475798,Mikael Granlund,ANA,FLA,C,points,0.5,-115,-115,0.5,0.824,0.5612,Over,-115,0.0263,4.9,0.5612,Over,2,1,,2026-10-04T17:22:16.848882-04:00,2026-10-04 17:22,2026-10-04 17:35,2026-10-01,1,win,87.0
2026-10-04,2026020037,FLA @ ANA,8483490,Pavel Mintyukov,ANA,FLA,D,points,0.5,230,-325,0.2838,0.353,0.2973,Over,230,-0.0057,-1.9,0.2973,Over,2,2,,2026-10-04T17:22:16.848882-04:00,2026-10-04 17:22,2026-10-04 17:35,2026-10-01,0,loss,-100
2026-10-04,2026020037,FLA @ ANA,8477935,Sam Bennett,FLA,ANA,C,points,0.5,-130,100,0.5306,0.891,0.59,Over,-130,0.0247,4.4,0.59,Over,2,1,,2026-10-04T17:22:16.848882-04:00,2026-10-04 17:22,2026-10-04 17:35,2026-10-01,1,win,76.9
2026-10-04,2026020037,FLA @ ANA,8477933,Sam Reinhart,FLA,ANA,C,points,0.5,-210,120,0.5984,1.046,0.6486,Over,-210,-0.0288,-4.3,0.6486,Over,1,1,,2026-10-04T17:22:16.848882-04:00,2026-10-04 17:22,2026-10-04 17:35,2026-10-01,0,loss,-100
2026-10-04,2026020037,FLA @ ANA,8477495,Seth Jones,FLA,ANA,D,points,0.5,100,-135,0.4653,0.738,0.5218,Over,100,0.0218,4.4,0.5218,Over,2,1,,2026-10-04T17:22:16.848882-04:00,2026-10-04 17:22,2026-10-04 17:35,2026-10-01,0,loss,-100
2026-10-04,2026020037,FLA @ ANA,8483482,Tristan Luneau,ANA,FLA,D,points,0.5,225,-325,0.2869,0.475,0.3782,Over,225,0.0705,22.9,0.3782,Over,1,2,,2026-10-04T17:22:16.848882-04:00,2026-10-04 17:22,2026-10-04 17:35,2026-10-01,0,loss,-100
2026-10-04,2026020037,FLA @ ANA,8477932,Aaron Ekblad,FLA,ANA,D,shots,1.5,115,-200,0.411,1.482,0.4361,Over,115,-0.0291,-6.2,0.4361,Over,1,2,,2026-10-04T17:22:16.848882-04:00,2026-10-04 17:22,2026-10-04 17:35,2026-10-01,,,
2026-10-04,2026020037,FLA @ ANA,8473986,Alex Killorn,ANA,FLA,L,shots,1.5,105,-140,0.4554,1.817,0.5421,Over,105,0.0543,11.1,0.5421,Over,2,2,,2026-10-04T17:22:16.848882-04:00,2026-10-04 17:22,2026-10-04 17:35,2026-10-01,0,loss,-100
2026-10-04,2026020037,FLA @ ANA,8482113,Anton Lundell,FLA,ANA,C,shots,1.5,-175,130,0.5941,2.159,0.6353,Over,-175,-0.001,-0.2,0.6353,Over,3,2,,2026-10-04T17:22:16.848882-04:00,2026-10-04 17:22,2026-10-04 17:35,2026-10-01,1,loss,-100
2026-10-04,2026020037,FLA @ ANA,8484762,Beckett Sennecke,ANA,FLA,R,shots,2.5,145,-195,0.3818,2.466,0.4476,Over,145,0.0394,9.7,0.4476,Over,2,1,,2026-10-04T17:22:16.848882-04:00,2026-10-04 17:22,2026-10-04 17:35,2026-10-01,3,win,145.0
2026-10-04,2026020037,FLA @ ANA,8480801,Brady Tkachuk,FLA,ANA,L,shots,3.5,105,-140,0.4554,3.484,0.4599,Over,105,-0.0279,-5.7,0.4599,Over,1,1,,2026-10-04T17:22:16.848882-04:00,2026-10-04 17:22,2026-10-04 17:35,2026-10-01,4,win,105.0
2026-10-04,2026020037,FLA @ ANA,8477409,Carter Verhaeghe,FLA,ANA,C,shots,2.5,140,-190,0.3887,2.615,0.4855,Over,140,0.0688,16.5,0.4855,Over,2,2,,2026-10-04T17:22:16.848882-04:00,2026-10-04 17:22,2026-10-04 17:35,2026-10-01,3,win,140.0
2026-10-04,2026020037,FLA @ ANA,8483445,Cutter Gauthier,ANA,FLA,L,shots,3.5,115,-155,0.4335,3.692,0.5042,Over,115,0.0391,8.4,0.5042,Over,1,1,,2026-10-04T17:22:16.848882-04:00,2026-10-04 17:22,2026-10-04 17:35,2026-10-01,4,win,115.0
2026-10-04,2026020037,FLA @ ANA,8481605,Jackson LaCombe,ANA,FLA,D,shots,1.5,-110,-125,0.4853,1.918,0.5714,Over,-110,0.0476,9.1,0.5714,Over,1,1,,2026-10-04T17:22:16.848882-04:00,2026-10-04 17:22,2026-10-04 17:35,2026-10-01,0,loss,-100
2026-10-04,2026020037,FLA @ ANA,8484153,Leo Carlsson,ANA,FLA,C,shots,2.5,130,-175,0.4059,2.501,0.4564,Over,130,0.0216,5.0,0.4564,Over,1,1,,2026-10-04T17:22:16.848882-04:00,2026-10-04 17:22,2026-10-04 17:35,2026-10-01,1,loss,-100
2026-10-04,2026020037,FLA @ ANA,8479314,Matthew Tkachuk,FLA,ANA,L,shots,2.5,-170,-120,0.5358,3.286,0.6378,Over,-170,0.0081,1.3,0.6378,Over,2,1,,2026-10-04T17:22:16.848882-04:00,2026-10-04 17:22,2026-10-04 17:35,2026-10-01,1,loss,-100
2026-10-04,2026020037,FLA @ ANA,8475798,Mikael Granlund,ANA,FLA,C,shots,1.5,-110,-120,0.4899,2.08,0.6151,Over,-110,0.0913,17.4,0.6151,Over,2,1,,2026-10-04T17:22:16.848882-04:00,2026-10-04 17:22,2026-10-04 17:35,2026-10-01,2,win,90.9
2026-10-04,2026020037,FLA @ ANA,8477935,Sam Bennett,FLA,ANA,C,shots,2.5,100,-135,0.4653,3.038,0.5854,Over,100,0.0854,17.1,0.5854,Over,2,1,,2026-10-04T17:22:16.848882-04:00,2026-10-04 17:22,2026-10-04 17:35,2026-10-01,4,win,100.0
2026-10-04,2026020037,FLA @ ANA,8477933,Sam Reinhart,FLA,ANA,C,shots,2.5,-125,-150,0.4808,2.829,0.5375,Over,-125,-0.018,-3.2,0.5375,Over,1,1,,2026-10-04T17:22:16.848882-04:00,2026-10-04 17:22,2026-10-04 17:35,2026-10-01,3,win,80.0
2026-10-04,2026020037,FLA @ ANA,8477495,Seth Jones,FLA,ANA,D,shots,1.5,-105,-130,0.4754,2.102,0.621,Over,-105,0.1088,21.2,0.621,Over,2,1,,2026-10-04T17:22:16.848882-04:00,2026-10-04 17:22,2026-10-04 17:35,2026-10-01,4,win,95.2
2026-10-04,2026020038,CGY @ SEA,8482259,Bobby McMann,SEA,CGY,C,points,0.5,-110,-120,0.4899,0.735,0.5204,Over,-110,-0.0035,-0.7,0.5204,Over,2,1,,2026-10-04T17:22:16.848882-04:00,2026-10-04 17:22,2026-10-04 17:35,2026-10-01,1,win,90.9
2026-10-04,2026020038,CGY @ SEA,8477986,Brandon Montour,SEA,CGY,D,points,0.5,145,-195,0.3818,0.497,0.3914,Over,145,-0.0168,-4.1,0.3914,Over,2,2,,2026-10-04T17:22:16.848882-04:00,2026-10-04 17:22,2026-10-04 17:35,2026-10-01,2,win,145.0
2026-10-04,2026020038,CGY @ SEA,8476905,Chandler Stephenson,SEA,CGY,C,points,0.5,-120,-110,0.5101,0.71,0.5085,Under,-110,-0.0323,-6.2,0.5085,Under,2,1,,2026-10-04T17:22:16.848882-04:00,2026-10-04 17:22,2026-10-04 17:35,2026-10-01,2,loss,-100
2026-10-04,2026020038,CGY @ SEA,8477955,Jared McCann,SEA,CGY,L,points,0.5,-155,115,0.5665,0.81,0.5553,Under,115,-0.0204,-4.4,0.5553,Under,1,1,,2026-10-04T17:22:16.848882-04:00,2026-10-04 17:22,2026-10-04 17:35,2026-10-01,1,loss,-100
2026-10-04,2026020038,CGY @ SEA,8480797,Joel Farabee,CGY,SEA,L,points,0.5,130,-175,0.4059,0.577,0.4382,Over,130,0.0034,0.8,0.4382,Over,2,1,,2026-10-04T17:22:16.848882-04:00,2026-10-04 17:22,2026-10-04 17:35,2026-10-01,1,win,130.0
2026-10-04,2026020038,CGY @ SEA,8474586,Jordan Eberle,SEA,CGY,R,points,0.5,-115,-115,0.5,0.746,0.5256,Over,-115,-0.0093,-1.7,0.5256,Over,2,1,,2026-10-04T17:22:16.848882-04:00,2026-10-04 17:22,2026-10-04 17:35,2026-10-01,1,win,87.0
2026-10-04,2026020038,CGY @ SEA,8481554,Kaapo Kakko,SEA,CGY,R,points,0.5,140,-185,0.3909,0.655,0.4805,Over,140,0.0638,15.3,0.4805,Over,1,2,,2026-10-04T17:22:16.848882-04:00,2026-10-04 17:22,2026-10-04 17:35,2026-10-01,0,loss,-100
2026-10-04,2026020038,CGY @ SEA,8482679,Matt Coronato,CGY,SEA,R,points,0.5,110,-155,0.4393,0.638,0.4717,Over,110,-0.0045,-0.9,0.4717,Over,1,1,,2026-10-04T17:22:16.848882-04:00,2026-10-04 17:22,2026-10-04 17:35,2026-10-01,0,loss,-100
2026-10-04,2026020038,CGY @ SEA,8482665,Matty Beniers,SEA,CGY,C,points,0.5,-120,-110,0.5101,0.65,0.478,Under,-110,-0.0018,-0.3,0.478,Under,1,2,,2026-10-04T17:22:16.848882-04:00,2026-10-04 17:22,2026-10-04 17:35,2026-10-01,1,loss,-100
2026-10-04,2026020038,CGY @ SEA,8484860,Matvei Gridin,CGY,SEA,R,points,0.5,125,-170,0.4138,0.661,0.4838,Over,125,0.0394,8.9,0.4838,Over,1,1,,2026-10-04T17:22:16.848882-04:00,2026-10-04 17:22,2026-10-04 17:35,2026-10-01,1,win,125.0
2026-10-04,2026020038,CGY @ SEA,8480028,Morgan Frost,CGY,SEA,C,points,0.5,115,-155,0.4335,0.591,0.4463,Over,115,-0.0188,-4.0,0.4463,Over,1,1,,2026-10-04T17:22:16.848882-04:00,2026-10-04 17:22,2026-10-04 17:35,2026-10-01,1,win,115.0
2026-10-04,2026020038,CGY @ SEA,8483495,Simon Nemec,CGY,SEA,D,points,0.5,220,-300,0.2941,0.376,0.3131,Over,220,0.0006,0.2,0.3131,Over,2,2,,2026-10-04T17:22:16.848882-04:00,2026-10-04 17:22,2026-10-04 17:35,2026-10-01,0,loss,-100
2026-10-04,2026020038,CGY @ SEA,8478407,Vince Dunn,SEA,CGY,D,points,0.5,-110,-120,0.4899,0.599,0.4507,Under,-120,0.0039,0.7,0.4507,Under,1,1,,2026-10-04T17:22:16.848882-04:00,2026-10-04 17:22,2026-10-04 17:35,2026-10-01,1,loss,-100
2026-10-04,2026020038,CGY @ SEA,8484768,Zayne Parekh,CGY,SEA,D,points,0.5,135,-180,0.3983,0.381,0.3168,Under,-180,0.0403,6.3,0.3168,Under,3,1,,2026-10-04T17:22:16.848882-04:00,2026-10-04 17:22,2026-10-04 17:35,2026-10-01,0,win,55.6
2026-10-04,2026020038,CGY @ SEA,8482259,Bobby McMann,SEA,CGY,C,shots,2.5,-135,105,0.5408,2.711,0.509,Under,105,0.0032,0.7,0.509,Under,2,1,,2026-10-04T17:22:16.848882-04:00,2026-10-04 17:22,2026-10-04 17:35,2026-10-01,6,loss,-100
2026-10-04,2026020038,CGY @ SEA,8477986,Brandon Montour,SEA,CGY,D,shots,2.5,105,-140,0.4554,2.369,0.4223,Under,-140,-0.0056,-1.0,0.4223,Under,2,2,,2026-10-04T17:22:16.848882-04:00,2026-10-04 17:22,2026-10-04 17:35,2026-10-01,3,loss,-100
2026-10-04,2026020038,CGY @ SEA,8477955,Jared McCann,SEA,CGY,L,shots,2.5,125,-165,0.4165,2.522,0.4617,Over,125,0.0173,3.9,0.4617,Over,1,1,,2026-10-04T17:22:16.848882-04:00,2026-10-04 17:22,2026-10-04 17:35,2026-10-01,2,loss,-100
2026-10-04,2026020038,CGY @ SEA,8480797,Joel Farabee,CGY,SEA,L,shots,1.5,-120,-120,0.5,1.879,0.5604,Over,-120,0.0149,2.7,0.5604,Over,2,1,,2026-10-04T17:22:16.848882-04:00,2026-10-04 17:22,2026-10-04 17:35,2026-10-01,4,win,83.3
2026-10-04,2026020038,CGY @ SEA,8474586,Jordan Eberle,SEA,CGY,R,shots,1.5,-175,130,0.5941,2.048,0.6068,Over,-175,-0.0295,-4.6,0.6068,Over,2,1,,2026-10-04T17:22:16.848882-04:00,2026-10-04 17:22,2026-10-04 17:35,2026-10-01,2,win,57.1
2026-10-04,2026020038,CGY @ SEA,8482679,Matt Coronato,CGY,SEA,R,shots,1.5,-175,130,0.5941,2.421,0.696,Over,-175,0.0596,9.4,0.696,Over,1,1,,2026-10-04T17:22:16.848882-04:00,2026-10-04 17:22,2026-10-04 17:35,2026-10-01,5,win,57.1
2026-10-04,2026020038,CGY @ SEA,8482665,Matty Beniers,SEA,CGY,C,shots,1.5,-160,120,0.5752,1.756,0.524,Under,120,0.0215,4.7,0.524,Under,1,2,,2026-10-04T17:22:16.848882-04:00,2026-10-04 17:22,2026-10-04 17:35,2026-10-01,0,win,120.0
2026-10-04,2026020038,CGY @ SEA,8484860,Matvei Gridin,CGY,SEA,R,shots,1.5,-180,135,0.6017,2.24,0.6552,Over,-180,0.0123,1.9,0.6552,Over,1,1,,2026-10-04T17:22:16.848882-04:00,2026-10-04 17:22,2026-10-04 17:35,2026-10-01,1,loss,-100
2026-10-04,2026020038,CGY @ SEA,8474150,Mikael Backlund,CGY,SEA,C,shots,1.5,-120,-110,0.5101,1.805,0.5386,Over,-120,-0.0069,-1.3,0.5386,Over,2,,,2026-10-04T17:22:16.848882-04:00,2026-10-04 17:22,2026-10-04 17:35,2026-10-01,5,win,83.3
2026-10-04,2026020038,CGY @ SEA,8480028,Morgan Frost,CGY,SEA,C,shots,1.5,-150,-105,0.5395,1.869,0.5573,Over,-150,-0.0427,-7.1,0.5573,Over,1,1,,2026-10-04T17:22:16.848882-04:00,2026-10-04 17:22,2026-10-04 17:35,2026-10-01,3,win,66.7
2026-10-04,2026020038,CGY @ SEA,8478407,Vince Dunn,SEA,CGY,D,shots,1.5,-195,145,0.6182,2.085,0.6166,Under,145,-0.0248,-6.1,0.6166,Under,1,1,,2026-10-04T17:22:16.848882-04:00,2026-10-04 17:22,2026-10-04 17:35,2026-10-01,0,win,145.0
2026-10-04,2026020038,CGY @ SEA,8484768,Zayne Parekh,CGY,SEA,D,shots,1.5,105,-140,0.4554,1.599,0.4749,Over,105,-0.0129,-2.7,0.4749,Over,3,1,,2026-10-04T17:22:16.848882-04:00,2026-10-04 17:22,2026-10-04 17:35,2026-10-01,2,win,105.0
2026-10-04,2026020039,VGK @ VAN,8479353,Brett Howden,VGK,VAN,C,points,0.5,155,-210,0.3666,0.593,0.4473,Over,155,0.0551,14.1,0.4473,Over,2,,,2026-10-04T17:22:16.848882-04:00,2026-10-04 17:22,2026-10-04 20:28,2026-10-01,0,loss,-100
2026-10-04,2026020039,VGK @ VAN,8478444,Brock Boeser,VAN,VGK,R,points,0.5,-110,-120,0.4899,0.661,0.4837,Under,-120,-0.0291,-5.3,0.4837,Under,2,1,,2026-10-04T17:22:16.848882-04:00,2026-10-04 17:22,2026-10-04 20:28,2026-10-01,0,win,83.3
2026-10-04,2026020039,VGK @ VAN,8480012,Elias Pettersson,VAN,VGK,C,points,0.5,-125,-105,0.5203,0.761,0.5327,Over,-125,-0.0228,-4.1,0.5327,Over,1,1,,2026-10-04T17:22:16.848882-04:00,2026-10-04 17:22,2026-10-04 20:28,2026-10-01,1,win,80.0
2026-10-04,2026020039,VGK @ VAN,8483678,Elias Pettersson,VAN,VGK,D,points,0.5,-125,-105,0.5203,0.294,0.2546,Under,-105,0.2332,45.5,0.2546,Under,1,1,,2026-10-04T17:22:16.848882-04:00,2026-10-04 17:22,2026-10-04 20:28,2026-10-01,0,win,95.2
2026-10-04,2026020039,VGK @ VAN,8479425,Filip Hronek,VAN,VGK,D,points,0.5,100,-155,0.4513,0.638,0.4719,Over,100,-0.0281,-5.6,0.4719,Over,1,1,,2026-10-04T17:22:16.848882-04:00,2026-10-04 17:22,2026-10-04 20:28,2026-10-01,1,win,100.0
2026-10-04,2026020039,VGK @ VAN,8477964,Ivan Barbashev,VGK,VAN,L,points,0.5,-110,-150,0.4661,0.783,0.5431,Over,-110,0.0193,3.7,0.5431,Over,1,,,2026-10-04T17:22:16.848882-04:00,2026-10-04 17:22,2026-10-04 20:28,2026-10-01,0,loss,-100
2026-10-04,2026020039,VGK @ VAN,8478403,Jack Eichel,VGK,VAN,C,points,1.5,140,-185,0.3909,1.28,0.3662,Under,-185,-0.0153,-2.4,0.3662,Under,1,1,,2026-10-04T17:22:16.848882-04:00,2026-10-04 17:22,2026-10-04 20:28,2026-10-01,1,win,54.1
2026-10-04,2026020039,VGK @ VAN,8481024,Linus Karlsson,VAN,VGK,C,points,0.5,195,-260,0.3194,0.566,0.4324,Over,195,0.0935,27.6,0.4324,Over,1,2,,2026-10-04T17:22:16.848882-04:00,2026-10-04 17:22,2026-10-04 20:28,2026-10-01,1,win,195.0
2026-10-04,2026020039,VGK @ VAN,8482079,Marco Rossi,VAN,VGK,C,points,0.5,105,-135,0.4592,0.714,0.5105,Over,105,0.0227,4.7,0.5105,Over,1,1,,2026-10-04T17:22:16.848882-04:00,2026-10-04 17:22,2026-10-04 20:28,2026-10-01,0,loss,-100
2026-10-04,2026020039,VGK @ VAN,8475913,Mark Stone,VGK,VAN,R,points,0.5,-200,150,0.625,1.156,0.6852,Over,-200,0.0185,2.8,0.6852,Over,1,1,,2026-10-04T17:22:16.848882-04:00,2026-10-04 17:22,2026-10-04 20:28,2026-10-01,1,win,50.0
2026-10-04,2026020039,VGK @ VAN,8478483,Mitch Marner,VGK,VAN,R,points,0.5,-250,180,0.6667,1.107,0.6696,Over,-250,-0.0447,-6.3,0.6696,Over,2,1,,2026-10-04T17:22:16.848882-04:00,2026-10-04 17:22,2026-10-04 20:28,2026-10-01,1,win,40.0
2026-10-04,2026020039,VGK @ VAN,8478397,Rasmus Andersson,VGK,VAN,D,points,0.5,115,-155,0.4335,0.498,0.3922,Under,-155,-0.0,-0.0,0.3922,Under,2,2,,2026-10-04T17:22:16.848882-04:00,2026-10-04 17:22,2026-10-04 20:28,2026-10-01,0,win,64.5
2026-10-04,2026020039,VGK @ VAN,8477447,Shea Theodore,VGK,VAN,D,points,0.5,-125,-105,0.5203,0.775,0.5393,Over,-125,-0.0163,-2.9,0.5393,Over,1,1,,2026-10-04T17:22:16.848882-04:00,2026-10-04 17:22,2026-10-04 20:28,2026-10-01,0,loss,-100
2026-10-04,2026020039,VGK @ VAN,8484240,Tom Willander,VAN,VGK,D,points,0.5,325,-475,0.2217,0.392,0.3245,Over,325,0.0892,37.9,0.3245,Over,2,2,,2026-10-04T17:22:16.848882-04:00,2026-10-04 17:22,2026-10-04 20:28,2026-10-01,0,loss,-100
2026-10-04,2026020039,VGK @ VAN,8476881,Tomas Hertl,VGK,VAN,C,points,0.5,-135,105,0.5408,0.764,0.5342,Under,105,-0.022,-4.5,0.5342,Under,3,1,,2026-10-04T17:22:16.848882-04:00,2026-10-04 17:22,2026-10-04 20:28,2026-10-01,0,win,105.0
2026-10-04,2026020039,VGK @ VAN,8476448,William Karlsson,VGK,VAN,C,points,0.5,125,-165,0.4165,0.656,0.4809,Over,125,0.0364,8.2,0.4809,Over,2,2,,2026-10-04T17:22:16.848882-04:00,2026-10-04 17:22,2026-10-04 20:28,2026-10-01,0,loss,-100
2026-10-04,2026020039,VGK @ VAN,8484798,Zeev Buium,VAN,VGK,D,points,0.5,220,-300,0.2941,0.347,0.2935,Under,-300,-0.0435,-5.8,0.2935,Under,1,2,,2026-10-04T17:22:16.848882-04:00,2026-10-04 17:22,2026-10-04 20:28,2026-10-01,0,win,33.3
2026-10-04,2026020039,VGK @ VAN,8478444,Brock Boeser,VAN,VGK,R,shots,2.5,130,-170,0.4085,1.964,0.3135,Under,-170,0.0569,9.0,0.3135,Under,2,1,,2026-10-04T17:22:16.848882-04:00,2026-10-04 17:22,2026-10-04 20:28,2026-10-01,0,win,58.8
2026-10-04,2026020039,VGK @ VAN,8480012,Elias Pettersson,VAN,VGK,C,shots,1.5,-105,-125,0.4797,1.871,0.558,Over,-105,0.0458,8.9,0.558,Over,1,1,,2026-10-04T17:22:16.848882-04:00,2026-10-04 17:22,2026-10-04 20:28,2026-10-01,3,win,95.2
2026-10-04,2026020039,VGK @ VAN,8483678,Elias Pettersson,VAN,VGK,D,shots,1.5,-105,-125,0.4797,1.052,0.2835,Under,-125,0.1609,29.0,0.2835,Under,1,1,,2026-10-04T17:22:16.848882-04:00,2026-10-04 17:22,2026-10-04 20:28,2026-10-01,0,win,80.0
2026-10-04,2026020039,VGK @ VAN,8479425,Filip Hronek,VAN,VGK,D,shots,2.5,170,-230,0.347,1.584,0.2124,Under,-230,0.0906,13.0,0.2124,Under,1,1,,2026-10-04T17:22:16.848882-04:00,2026-10-04 17:22,2026-10-04 20:28,2026-10-01,1,win,43.5
2026-10-04,2026020039,VGK @ VAN,8478403,Jack Eichel,VGK,VAN,C,shots,3.5,125,-165,0.4165,3.194,0.3961,Under,-165,-0.0188,-3.0,0.3961,Under,1,1,,2026-10-04T17:22:16.848882-04:00,2026-10-04 17:22,2026-10-04 20:28,2026-10-01,2,win,60.6
2026-10-04,2026020039,VGK @ VAN,8483499,Liam Ohgren,VAN,VGK,L,shots,1.5,110,-150,0.4425,1.64,0.4878,Over,110,0.0116,2.4,0.4878,Over,2,2,,2026-10-04T17:22:16.848882-04:00,2026-10-04 17:22,2026-10-04 20:28,2026-10-01,2,win,110.0
2026-10-04,2026020039,VGK @ VAN,8481024,Linus Karlsson,VAN,VGK,C,shots,1.5,-115,-115,0.5,1.578,0.468,Under,-115,-0.0028,-0.5,0.468,Under,1,2,,2026-10-04T17:22:16.848882-04:00,2026-10-04 17:22,2026-10-04 20:28,2026-10-01,2,loss,-100
2026-10-04,2026020039,VGK @ VAN,8475913,Mark Stone,VGK,VAN,R,shots,2.5,100,-130,0.4694,2.203,0.378,Under,-130,0.0567,10.0,0.378,Under,1,1,,2026-10-04T17:22:16.848882-04:00,2026-10-04 17:22,2026-10-04 20:28,2026-10-01,3,loss,-100
2026-10-04,2026020039,VGK @ VAN,8478483,Mitch Marner,VGK,VAN,R,shots,1.5,-195,145,0.6182,2.272,0.6625,Over,-195,0.0015,0.2,0.6625,Over,2,1,,2026-10-04T17:22:16.848882-04:00,2026-10-04 17:22,2026-10-04 20:28,2026-10-01,3,win,51.3
2026-10-04,2026020039,VGK @ VAN,8478397,Rasmus Andersson,VGK,VAN,D,shots,1.5,-170,130,0.5915,1.772,0.5288,Under,130,0.0364,8.4,0.5288,Under,2,2,,2026-10-04T17:22:16.848882-04:00,2026-10-04 17:22,2026-10-04 20:28,2026-10-01,1,win,130.0
2026-10-04,2026020039,VGK @ VAN,8477447,Shea Theodore,VGK,VAN,D,shots,1.5,-165,125,0.5835,2.089,0.6174,Over,-165,-0.0052,-0.8,0.6174,Over,1,1,,2026-10-04T17:22:16.848882-04:00,2026-10-04 17:22,2026-10-04 20:28,2026-10-01,2,win,60.6
2026-10-04,2026020039,VGK @ VAN,8476881,Tomas Hertl,VGK,VAN,C,shots,2.5,140,-190,0.3887,2.354,0.4181,Over,140,0.0015,0.3,0.4181,Over,3,1,,2026-10-04T17:22:16.848882-04:00,2026-10-04 17:22,2026-10-04 20:28,2026-10-01,2,loss,-100
2026-10-04,2026020039,VGK @ VAN,8476448,William Karlsson,VGK,VAN,C,shots,1.5,-170,125,0.5862,2.081,0.6155,Over,-170,-0.0142,-2.2,0.6155,Over,2,2,,2026-10-04T17:22:16.848882-04:00,2026-10-04 17:22,2026-10-04 20:28,2026-10-01,2,win,58.8
2026-10-05,2026020040,PHI @ TBL,8478519,Anthony Cirelli,TBL,PHI,C,points,0.5,-115,-170,0.4593,0.774,0.5388,Over,-115,0.004,0.7,0.5388,Over,2,2,,2026-10-05T13:38:58.487267-04:00,2026-10-05 13:39,2026-10-05 17:32,2026-10-01,0,loss,-100
2026-10-05,2026020040,PHI @ TBL,8479542,Brandon Hagel,TBL,PHI,L,points,0.5,-185,135,0.604,1.086,0.6624,Over,-185,0.0133,2.0,0.6624,Over,2,1,,2026-10-05T13:38:58.487267-04:00,2026-10-05 13:39,2026-10-05 17:32,2026-10-01,1,win,54.1
2026-10-05,2026020040,PHI @ TBL,8478010,Brayden Point,TBL,PHI,C,points,0.5,-170,130,0.5915,0.954,0.615,Over,-170,-0.0147,-2.3,0.615,Over,1,1,,2026-10-05T13:38:58.487267-04:00,2026-10-05 13:39,2026-10-05 17:32,2026-10-01,1,win,58.8
2026-10-05,2026020040,PHI @ TBL,8482201,Gage Goncalves,TBL,PHI,C,points,0.5,130,-175,0.4059,0.595,0.4484,Over,130,0.0136,3.1,0.4484,Over,1,2,,2026-10-05T13:38:58.487267-04:00,2026-10-05 13:39,2026-10-05 17:32,2026-10-01,0,loss,-100
2026-10-05,2026020040,PHI @ TBL,8477404,Jake Guentzel,TBL,PHI,C,points,1.5,185,-250,0.3294,1.066,0.2886,Under,-250,-0.0029,-0.4,0.2886,Under,2,1,,2026-10-05T13:38:58.487267-04:00,2026-10-05 13:39,2026-10-05 17:32,2026-10-01,0,win,40.0
2026-10-05,2026020040,PHI @ TBL,8482142,Jamie Drysdale,PHI,TBL,D,points,0.5,195,-275,0.3161,0.403,0.3314,Over,195,-0.0076,-2.3,0.3314,Over,2,1,,2026-10-05T13:38:58.487267-04:00,2026-10-05 13:39,2026-10-05 17:32,2026-10-01,0,loss,-100
2026-10-05,2026020040,PHI @ TBL,8474590,John Carlson,TBL,PHI,D,points,0.5,-175,130,0.5941,0.787,0.545,Under,130,0.0202,4.7,0.545,Under,1,1,,2026-10-05T13:38:58.487267-04:00,2026-10-05 13:39,2026-10-05 17:32,2026-10-01,1,loss,-100
2026-10-05,2026020040,PHI @ TBL,8484387,Matvei Michkov,PHI,TBL,R,points,0.5,140,-185,0.3909,0.635,0.4702,Over,140,0.0535,12.8,0.4702,Over,1,1,,2026-10-05T13:38:58.487267-04:00,2026-10-05 13:39,2026-10-05 17:32,2026-10-01,0,loss,-100
2026-10-05,2026020040,PHI @ TBL,8476453,Nikita Kucherov,TBL,PHI,R,points,1.5,-110,-125,0.4853,1.444,0.4234,Under,-125,0.021,3.8,0.4234,Under,1,1,,2026-10-05T13:38:58.487267-04:00,2026-10-05 13:39,2026-10-05 17:32,2026-10-01,2,loss,-100
2026-10-05,2026020040,PHI @ TBL,8480220,Noah Cates,PHI,TBL,L,points,0.5,185,-260,0.327,0.404,0.3322,Over,185,-0.0187,-5.3,0.3322,Over,3,2,,2026-10-05T13:38:58.487267-04:00,2026-10-05 13:39,2026-10-05 17:32,2026-10-01,0,loss,-100
2026-10-05,2026020040,PHI @ TBL,8480015,Owen Tippett,PHI,TBL,R,points,0.5,165,-225,0.3528,0.531,0.4121,Over,165,0.0347,9.2,0.4121,Over,2,2,,2026-10-05T13:38:58.487267-04:00,2026-10-05 13:39,2026-10-05 17:32,2026-10-01,0,loss,-100
2026-10-05,2026020040,PHI @ TBL,8485406,Porter Martone,PHI,TBL,R,points,0.5,145,-195,0.3818,0.399,0.3287,Under,-195,0.0103,1.6,0.3287,Under,3,2,,2026-10-05T13:38:58.487267-04:00,2026-10-05 13:39,2026-10-05 17:32,2026-10-01,0,win,51.3
2026-10-05,2026020040,PHI @ TBL,8478439,Travis Konecny,PHI,TBL,R,points,0.5,120,-160,0.4248,0.7,0.5032,Over,120,0.0487,10.7,0.5032,Over,1,1,,2026-10-05T13:38:58.487267-04:00,2026-10-05 13:39,2026-10-05 17:32,2026-10-01,0,loss,-100
2026-10-05,2026020040,PHI @ TBL,8481533,Trevor Zegras,PHI,TBL,C,points,0.5,125,-170,0.4138,0.674,0.4905,Over,125,0.046,10.4,0.4905,Over,2,1,,2026-10-05T13:38:58.487267-04:00,2026-10-05 13:39,2026-10-05 17:32,2026-10-01,0,loss,-100
2026-10-05,2026020040,PHI @ TBL,8482159,Tyson Foerster,PHI,TBL,R,points,0.5,170,-230,0.347,0.554,0.4254,Over,170,0.055,14.9,0.4254,Over,3,1,,2026-10-05T13:38:58.487267-04:00,2026-10-05 13:39,2026-10-05 17:32,2026-10-01,1,win,170.0
2026-10-05,2026020040,PHI @ TBL,8479542,Brandon Hagel,TBL,PHI,L,shots,2.5,-175,130,0.5941,3.417,0.6635,Over,-175,0.0272,4.3,0.6635,Over,2,1,,2026-10-05T13:38:58.487267-04:00,2026-10-05 13:39,2026-10-05 17:32,2026-10-01,8,win,57.1
2026-10-05,2026020040,PHI @ TBL,8478010,Brayden Point,TBL,PHI,C,shots,2.5,120,-160,0.4248,2.459,0.4455,Over,120,-0.009,-2.0,0.4455,Over,1,1,,2026-10-05T13:38:58.487267-04:00,2026-10-05 13:39,2026-10-05 17:32,2026-10-01,3,win,120.0
2026-10-05,2026020040,PHI @ TBL,8477989,Christian Dvorak,PHI,TBL,C,shots,1.5,120,-165,0.422,1.498,0.4417,Over,120,-0.0129,-2.8,0.4417,Over,1,,,2026-10-05T13:38:58.487267-04:00,2026-10-05 13:39,2026-10-05 17:32,2026-10-01,1,loss,-100
2026-10-05,2026020040,PHI @ TBL,8477404,Jake Guentzel,TBL,PHI,C,shots,2.5,-150,-110,0.5339,2.667,0.4982,Under,-110,-0.022,-4.2,0.4982,Under,2,1,,2026-10-05T13:38:58.487267-04:00,2026-10-05 13:39,2026-10-05 17:32,2026-10-01,5,loss,-100
2026-10-05,2026020040,PHI @ TBL,8484387,Matvei Michkov,PHI,TBL,R,shots,1.5,-130,100,0.5306,2.221,0.6505,Over,-130,0.0853,15.1,0.6505,Over,1,1,,2026-10-05T13:38:58.487267-04:00,2026-10-05 13:39,2026-10-05 17:32,2026-10-01,1,loss,-100
2026-10-05,2026020040,PHI @ TBL,8476453,Nikita Kucherov,TBL,PHI,R,shots,3.5,135,-180,0.3983,3.28,0.4153,Over,135,-0.0102,-2.4,0.4153,Over,1,1,,2026-10-05T13:38:58.487267-04:00,2026-10-05 13:39,2026-10-05 17:32,2026-10-01,1,loss,-100
2026-10-05,2026020040,PHI @ TBL,8480015,Owen Tippett,PHI,TBL,R,shots,1.5,-180,135,0.6017,2.234,0.6537,Over,-180,0.0108,1.7,0.6537,Over,2,2,,2026-10-05T13:38:58.487267-04:00,2026-10-05 13:39,2026-10-05 17:32,2026-10-01,0,loss,-100
2026-10-05,2026020040,PHI @ TBL,8485406,Porter Martone,PHI,TBL,R,shots,1.5,-160,-125,0.5255,1.457,0.4276,Under,-125,0.0168,3.0,0.4276,Under,3,2,,2026-10-05T13:38:58.487267-04:00,2026-10-05 13:39,2026-10-05 17:32,2026-10-01,0,win,80.0
2026-10-05,2026020040,PHI @ TBL,8478439,Travis Konecny,PHI,TBL,R,shots,1.5,-120,-110,0.5101,2.01,0.5966,Over,-120,0.0512,9.4,0.5966,Over,1,1,,2026-10-05T13:38:58.487267-04:00,2026-10-05 13:39,2026-10-05 17:32,2026-10-01,2,win,83.3
2026-10-05,2026020040,PHI @ TBL,8481533,Trevor Zegras,PHI,TBL,C,shots,1.5,115,-155,0.4335,1.918,0.5713,Over,115,0.1062,22.8,0.5713,Over,2,1,,2026-10-05T13:38:58.487267-04:00,2026-10-05 13:39,2026-10-05 17:32,2026-10-01,0,loss,-100
2026-10-05,2026020040,PHI @ TBL,8482159,Tyson Foerster,PHI,TBL,R,shots,1.5,-150,-115,0.5287,1.891,0.5637,Over,-150,-0.0363,-6.0,0.5637,Over,3,1,,2026-10-05T13:38:58.487267-04:00,2026-10-05 13:39,2026-10-05 17:32,2026-10-01,4,win,66.7
2026-10-05,2026020041,OTT @ BOS,8479999,Casey Mittelstadt,BOS,OTT,C,points,0.5,150,-200,0.375,0.52,0.4054,Over,150,0.0054,1.3,0.4054,Over,2,2,,2026-10-05T13:38:58.487267-04:00,2026-10-05 13:39,2026-10-05 17:32,2026-10-01,0,loss,-100
2026-10-05,2026020041,OTT @ BOS,8473512,Claude Giroux,OTT,BOS,R,points,0.5,125,-175,0.4112,0.534,0.4136,Over,125,-0.0309,-6.9,0.4136,Over,3,2,,2026-10-05T13:38:58.487267-04:00,2026-10-05 13:39,2026-10-05 17:32,2026-10-01,0,loss,-100
2026-10-05,2026020041,OTT @ BOS,8477956,David Pastrnak,BOS,OTT,R,points,0.5,-210,155,0.6334,1.064,0.655,Over,-210,-0.0224,-3.3,0.655,Over,1,1,,2026-10-05T13:38:58.487267-04:00,2026-10-05 13:39,2026-10-05 17:32,2026-10-01,0,loss,-100
2026-10-05,2026020041,OTT @ BOS,8477496,Elias Lindholm,BOS,OTT,C,points,0.5,115,-155,0.4335,0.593,0.4475,Over,115,-0.0176,-3.8,0.4475,Over,1,2,,2026-10-05T13:38:58.487267-04:00,2026-10-05 13:39,2026-10-05 17:32,2026-10-01,0,loss,-100
2026-10-05,2026020041,OTT @ BOS,8476854,Hampus Lindholm,BOS,OTT,D,points,0.5,160,-210,0.3621,0.476,0.3787,Over,160,-0.0059,-1.5,0.3787,Over,1,1,,2026-10-05T13:38:58.487267-04:00,2026-10-05 13:39,2026-10-05 17:32,2026-10-01,0,loss,-100
2026-10-05,2026020041,OTT @ BOS,8482175,JJ Peterka,BOS,OTT,R,points,0.5,-105,-145,0.4639,0.765,0.5349,Over,-105,0.0227,4.4,0.5349,Over,1,1,,2026-10-05T13:38:58.487267-04:00,2026-10-05 13:39,2026-10-05 17:32,2026-10-01,0,loss,-100
2026-10-05,2026020041,OTT @ BOS,8482511,Mason Lohrei,BOS,OTT,D,points,0.5,175,-240,0.34,0.362,0.3034,Under,-240,-0.0093,-1.3,0.3034,Under,3,2,,2026-10-05T13:38:58.487267-04:00,2026-10-05 13:39,2026-10-05 17:32,2026-10-01,0,win,41.7
2026-10-05,2026020041,OTT @ BOS,8479987,Morgan Geekie,BOS,OTT,C,points,0.5,100,-130,0.4694,0.74,0.5231,Over,100,0.0231,4.6,0.5231,Over,2,1,,2026-10-05T13:38:58.487267-04:00,2026-10-05 13:39,2026-10-05 17:32,2026-10-01,0,loss,-100
2026-10-05,2026020041,OTT @ BOS,8478401,Pavel Zacha,BOS,OTT,C,points,0.5,110,-150,0.4425,0.683,0.495,Over,110,0.0188,3.9,0.495,Over,2,1,,2026-10-05T13:38:58.487267-04:00,2026-10-05 13:39,2026-10-05 17:32,2026-10-01,0,loss,-100
2026-10-05,2026020041,OTT @ BOS,8481596,Shane Pinto,OTT,BOS,C,points,0.5,140,-230,0.3741,0.624,0.4643,Over,140,0.0476,11.4,0.4643,Over,3,2,,2026-10-05T13:38:58.487267-04:00,2026-10-05 13:39,2026-10-05 17:32,2026-10-01,1,win,140.0
2026-10-05,2026020041,OTT @ BOS,8477956,David Pastrnak,BOS,OTT,R,shots,2.5,-200,130,0.6053,3.23,0.6263,Over,-200,-0.0403,-6.1,0.6263,Over,1,1,,2026-10-05T13:38:58.487267-04:00,2026-10-05 13:39,2026-10-05 17:32,2026-10-01,2,loss,-100
2026-10-05,2026020041,OTT @ BOS,8477496,Elias Lindholm,BOS,OTT,C,shots,1.5,-105,-145,0.4639,1.658,0.4937,Over,-105,-0.0185,-3.6,0.4937,Over,1,2,,2026-10-05T13:38:58.487267-04:00,2026-10-05 13:39,2026-10-05 17:32,2026-10-01,2,win,95.2
2026-10-05,2026020041,OTT @ BOS,8480188,Fabian Zetterlund,OTT,BOS,L,shots,1.5,-125,-105,0.5203,1.842,0.5496,Over,-125,-0.006,-1.1,0.5496,Over,2,2,,2026-10-05T13:38:58.487267-04:00,2026-10-05 13:39,2026-10-05 17:32,2026-10-01,2,win,80.0
2026-10-05,2026020041,OTT @ BOS,8476854,Hampus Lindholm,BOS,OTT,D,shots,1.5,100,-155,0.4513,1.64,0.4878,Over,100,-0.0122,-2.4,0.4878,Over,1,1,,2026-10-05T13:38:58.487267-04:00,2026-10-05 13:39,2026-10-05 17:32,2026-10-01,2,win,100.0
2026-10-05,2026020041,OTT @ BOS,8482175,JJ Peterka,BOS,OTT,R,shots,1.5,-200,140,0.6154,2.442,0.7007,Over,-200,0.034,5.1,0.7007,Over,1,1,,2026-10-05T13:38:58.487267-04:00,2026-10-05 13:39,2026-10-05 17:32,2026-10-01,0,loss,-100
2026-10-05,2026020041,OTT @ BOS,8479987,Morgan Geekie,BOS,OTT,C,shots,1.5,-155,115,0.5665,2.067,0.6117,Over,-155,0.0039,0.6,0.6117,Over,2,1,,2026-10-05T13:38:58.487267-04:00,2026-10-05 13:39,2026-10-05 17:32,2026-10-01,3,win,64.5
2026-10-05,2026020041,OTT @ BOS,8481596,Shane Pinto,OTT,BOS,C,shots,1.5,-190,115,0.5848,2.212,0.6483,Over,-190,-0.0068,-1.0,0.6483,Over,3,2,,2026-10-05T13:38:58.487267-04:00,2026-10-05 13:39,2026-10-05 17:32,2026-10-01,2,win,52.6
2026-10-05,2026020041,OTT @ BOS,8477998,Warren Foegele,OTT,BOS,L,shots,1.5,-110,-125,0.4853,1.782,0.5317,Over,-110,0.0079,1.5,0.5317,Over,1,,,2026-10-05T13:38:58.487267-04:00,2026-10-05 13:39,2026-10-05 17:32,2026-10-01,0,loss,-100
2026-10-05,2026020042,WPG @ PIT,8483808,Andrei Kuzmenko,PIT,WPG,L,points,0.5,145,-200,0.3797,0.432,0.351,Under,-200,-0.0177,-2.6,0.351,Under,3,2,,2026-10-05T13:38:58.487267-04:00,2026-10-05 13:39,2026-10-05 17:32,2026-10-01,0,win,50.0
2026-10-05,2026020042,WPG @ PIT,8485414,Ben Kindel,PIT,WPG,C,points,0.5,120,-160,0.4248,0.536,0.4147,Under,-160,-0.0301,-4.9,0.4147,Under,3,1,,2026-10-05T13:38:58.487267-04:00,2026-10-05 13:39,2026-10-05 17:32,2026-10-01,2,loss,-100
2026-10-05,2026020042,WPG @ PIT,8482149,Cole Perfetti,WPG,PIT,C,points,0.5,100,-130,0.4694,0.732,0.5189,Over,100,0.0189,3.8,0.5189,Over,1,1,,2026-10-05T13:38:58.487267-04:00,2026-10-05 13:39,2026-10-05 17:32,2026-10-01,1,win,100.0
2026-10-05,2026020042,WPG @ PIT,8474578,Erik Karlsson,PIT,WPG,D,points,0.5,-140,105,0.5446,0.762,0.5333,Under,105,-0.0211,-4.3,0.5333,Under,1,1,,2026-10-05T13:38:58.487267-04:00,2026-10-05 13:39,2026-10-05 17:32,2026-10-01,1,loss,-100
2026-10-05,2026020042,WPG @ PIT,8471215,Evgeni Malkin,PIT,WPG,C,points,0.5,-150,115,0.5633,0.839,0.5676,Over,-150,-0.0324,-5.4,0.5676,Over,2,2,,2026-10-05T13:38:58.487267-04:00,2026-10-05 13:39,2026-10-05 17:32,2026-10-01,0,loss,-100
2026-10-05,2026020042,WPG @ PIT,8480014,Gabriel Vilardi,WPG,PIT,C,points,0.5,-105,-130,0.4754,0.75,0.5277,Over,-105,0.0155,3.0,0.5277,Over,2,1,,2026-10-05T13:38:58.487267-04:00,2026-10-05 13:39,2026-10-05 17:32,2026-10-01,0,loss,-100
2026-10-05,2026020042,WPG @ PIT,8477504,Josh Morrissey,WPG,PIT,D,points,0.5,-120,-110,0.5101,0.692,0.4992,Under,-110,-0.023,-4.4,0.4992,Under,1,1,,2026-10-05T13:38:58.487267-04:00,2026-10-05 13:39,2026-10-05 17:32,2026-10-01,1,loss,-100
2026-10-05,2026020042,WPG @ PIT,8471724,Kris Letang,PIT,WPG,D,points,0.5,155,-210,0.3666,0.388,0.3219,Under,-210,0.0007,0.1,0.3219,Under,3,2,,2026-10-05T13:38:58.487267-04:00,2026-10-05 13:39,2026-10-05 17:32,2026-10-01,0,win,47.6
2026-10-05,2026020042,WPG @ PIT,8478398,Kyle Connor,WPG,PIT,L,points,0.5,-200,145,0.6203,1.076,0.6591,Over,-200,-0.0075,-1.1,0.6591,Over,1,1,,2026-10-05T13:38:58.487267-04:00,2026-10-05 13:39,2026-10-05 17:32,2026-10-01,0,loss,-100
2026-10-05,2026020042,WPG @ PIT,8476460,Mark Scheifele,WPG,PIT,C,points,0.5,-210,155,0.6334,1.06,0.6536,Over,-210,-0.0238,-3.5,0.6536,Over,1,1,,2026-10-05T13:38:58.487267-04:00,2026-10-05 13:39,2026-10-05 17:32,2026-10-01,0,loss,-100
2026-10-05,2026020042,WPG @ PIT,8481582,Nick Robertson,PIT,WPG,L,points,0.5,145,-200,0.3797,0.519,0.4047,Over,145,-0.0035,-0.8,0.4047,Over,1,,,2026-10-05T13:38:58.487267-04:00,2026-10-05 13:39,2026-10-05 17:32,2026-10-01,0,loss,-100
2026-10-05,2026020042,WPG @ PIT,8476483,Rickard Rakell,PIT,WPG,R,points,0.5,-155,115,0.5665,0.871,0.5813,Over,-155,-0.0266,-4.4,0.5813,Over,1,1,,2026-10-05T13:38:58.487267-04:00,2026-10-05 13:39,2026-10-05 17:32,2026-10-01,0,loss,-100
2026-10-05,2026020042,WPG @ PIT,8471675,Sidney Crosby,PIT,WPG,C,points,0.5,-240,175,0.66,1.003,0.6332,Under,175,0.0031,0.9,0.6332,Under,1,1,,2026-10-05T13:38:58.487267-04:00,2026-10-05 13:39,2026-10-05 17:32,2026-10-01,0,win,175.0
2026-10-05,2026020042,WPG @ PIT,8478438,Tommy Novak,PIT,WPG,C,points,0.5,100,-135,0.4653,0.714,0.5101,Over,100,0.0101,2.0,0.5101,Over,2,1,,2026-10-05T13:38:58.487267-04:00,2026-10-05 13:39,2026-10-05 17:32,2026-10-01,0,loss,-100
2026-10-05,2026020042,WPG @ PIT,8485414,Ben Kindel,PIT,WPG,C,shots,1.5,-180,135,0.6017,1.991,0.5916,Under,135,-0.0172,-4.0,0.5913,Under,3,1,,2026-10-05T13:38:58.487267-04:00,2026-10-05 13:39,2026-10-05 17:32,2026-10-01,2,loss,-100
2026-10-05,2026020042,WPG @ PIT,8482149,Cole Perfetti,WPG,PIT,C,shots,2.5,105,-195,0.4246,2.383,0.4257,Over,105,-0.0621,-12.7,0.4257,Over,1,1,,2026-10-05T13:38:58.487267-04:00,2026-10-05 13:39,2026-10-05 17:32,2026-10-01,4,win,105.0
2026-10-05,2026020042,WPG @ PIT,8474578,Erik Karlsson,PIT,WPG,D,shots,2.5,-135,-140,0.4962,2.374,0.4235,Under,-140,-0.0068,-1.2,0.4231,Under,1,1,,2026-10-05T13:38:58.487267-04:00,2026-10-05 13:39,2026-10-05 17:32,2026-10-01,1,win,71.4
2026-10-05,2026020042,WPG @ PIT,8471215,Evgeni Malkin,PIT,WPG,C,shots,2.5,110,-160,0.4362,2.077,0.3442,Under,-160,0.0404,6.6,0.3439,Under,2,2,,2026-10-05T13:38:58.487267-04:00,2026-10-05 13:39,2026-10-05 17:32,2026-10-01,4,loss,-100
2026-10-05,2026020042,WPG @ PIT,8477504,Josh Morrissey,WPG,PIT,D,shots,1.5,-170,125,0.5862,1.871,0.5578,Under,125,-0.0023,-0.5,0.5569,Under,1,1,,2026-10-05T13:38:58.487267-04:00,2026-10-05 13:39,2026-10-05 17:32,2026-10-01,0,win,125.0
2026-10-05,2026020042,WPG @ PIT,8478398,Kyle Connor,WPG,PIT,L,shots,2.5,-160,120,0.5752,2.988,0.574,Under,120,-0.0286,-6.3,0.574,Under,1,1,,2026-10-05T13:38:58.487267-04:00,2026-10-05 13:39,2026-10-05 17:32,2026-10-01,6,loss,-100
2026-10-05,2026020042,WPG @ PIT,8476460,Mark Scheifele,WPG,PIT,C,shots,1.5,-130,-105,0.5246,1.982,0.5891,Over,-130,0.0239,4.2,0.5891,Over,1,1,,2026-10-05T13:38:58.487267-04:00,2026-10-05 13:39,2026-10-05 17:32,2026-10-01,3,win,76.9
2026-10-05,2026020042,WPG @ PIT,8481582,Nick Robertson,PIT,WPG,L,shots,1.5,-105,-130,0.4754,1.765,0.5268,Over,-105,0.0146,2.8,0.5265,Over,1,,,2026-10-05T13:38:58.487267-04:00,2026-10-05 13:39,2026-10-05 17:32,2026-10-01,1,loss,-100
2026-10-05,2026020042,WPG @ PIT,8476483,Rickard Rakell,PIT,WPG,R,shots,2.5,-135,105,0.5408,2.677,0.5007,Under,105,0.0115,2.4,0.5003,Under,1,1,,2026-10-05T13:38:58.487267-04:00,2026-10-05 13:39,2026-10-05 17:32,2026-10-01,2,win,105.0
2026-10-05,2026020042,WPG @ PIT,8471675,Sidney Crosby,PIT,WPG,C,shots,2.5,-130,100,0.5306,2.461,0.4462,Under,100,0.0538,10.8,0.4458,Under,1,1,,2026-10-05T13:38:58.487267-04:00,2026-10-05 13:39,2026-10-05 17:32,2026-10-01,5,loss,-100
2026-10-05,2026020042,WPG @ PIT,8478438,Tommy Novak,PIT,WPG,C,shots,1.5,-125,-105,0.5203,2.185,0.6417,Over,-125,0.0862,15.5,0.6414,Over,2,1,,2026-10-05T13:38:58.487267-04:00,2026-10-05 13:39,2026-10-05 17:32,2026-10-01,2,win,80.0
2026-10-05,2026020043,SJS @ DAL,8477505,Alexander Wennberg,SJS,DAL,C,points,0.5,125,-165,0.4165,0.653,0.4793,Over,125,0.0349,7.8,0.4793,Over,2,1,,2026-10-05T13:38:58.487267-04:00,2026-10-05 13:39,2026-10-05 17:32,2026-10-01,0,loss,-100
2026-10-05,2026020043,SJS @ DAL,8477498,Darnell Nurse,SJS,DAL,D,points,0.5,230,-325,0.2838,0.318,0.2723,Under,-325,-0.037,-4.8,0.2723,Under,1,,,2026-10-05T13:38:58.487267-04:00,2026-10-05 13:39,2026-10-05 17:32,2026-10-01,0,win,30.8
2026-10-05,2026020043,SJS @ DAL,8475200,Dmitry Orlov,SJS,DAL,D,points,0.5,195,-275,0.3161,0.307,0.2644,Under,-275,0.0022,0.3,0.2644,Under,3,2,,2026-10-05T13:38:58.487267-04:00,2026-10-05 13:39,2026-10-05 17:32,2026-10-01,0,win,36.4
2026-10-05,2026020043,SJS @ DAL,8476902,Esa Lindell,DAL,SJS,D,points,0.5,180,-250,0.3333,0.444,0.3583,Over,180,0.0012,0.3,0.3583,Over,1,2,,2026-10-05T13:38:58.487267-04:00,2026-10-05 13:39,2026-10-05 17:32,2026-10-01,0,loss,-100
2026-10-05,2026020043,SJS @ DAL,8484994,Igor Chernyshov,SJS,DAL,L,points,0.5,160,-220,0.3587,0.593,0.4472,Over,160,0.0626,16.3,0.4472,Over,3,1,,2026-10-05T13:38:58.487267-04:00,2026-10-05 13:39,2026-10-05 17:32,2026-10-01,0,loss,-100
2026-10-05,2026020043,SJS @ DAL,8473994,Jamie Benn,DAL,SJS,L,points,0.5,140,-190,0.3887,0.613,0.4584,Over,140,0.0418,10.0,0.4584,Over,1,2,,2026-10-05T13:38:58.487267-04:00,2026-10-05 13:39,2026-10-05 17:32,2026-10-01,2,win,140.0
2026-10-05,2026020043,SJS @ DAL,8480027,Jason Robertson,DAL,SJS,L,points,1.5,175,-240,0.34,1.15,0.3193,Under,-240,-0.0252,-3.6,0.3193,Under,1,1,,2026-10-05T13:38:58.487267-04:00,2026-10-05 13:39,2026-10-05 17:32,2026-10-01,2,loss,-100
2026-10-05,2026020043,SJS @ DAL,8484801,Macklin Celebrini,SJS,DAL,C,points,0.5,-230,170,0.653,1.104,0.6685,Over,-230,-0.0285,-4.1,0.6685,Over,1,1,,2026-10-05T13:38:58.487267-04:00,2026-10-05 13:39,2026-10-05 17:32,2026-10-01,,,
2026-10-05,2026020043,SJS @ DAL,8478975,Mason Marchment,SJS,DAL,L,points,0.5,-105,-150,0.4605,0.653,0.4794,Over,-105,-0.0328,-6.4,0.4794,Over,1,2,,2026-10-05T13:38:58.487267-04:00,2026-10-05 13:39,2026-10-05 17:32,2026-10-01,0,loss,-100
2026-10-05,2026020043,SJS @ DAL,8478420,Mikko Rantanen,DAL,SJS,R,points,0.5,-220,160,0.6413,1.157,0.6856,Over,-220,-0.0019,-0.3,0.6856,Over,2,1,,2026-10-05T13:38:58.487267-04:00,2026-10-05 13:39,2026-10-05 17:32,2026-10-01,1,win,45.5
2026-10-05,2026020043,SJS @ DAL,8480036,Miro Heiskanen,DAL,SJS,D,points,0.5,-160,120,0.5752,0.746,0.5259,Under,120,0.0195,4.3,0.5259,Under,1,1,,2026-10-05T13:38:58.487267-04:00,2026-10-05 13:39,2026-10-05 17:32,2026-10-01,1,loss,-100
2026-10-05,2026020043,SJS @ DAL,8478449,Roope Hintz,DAL,SJS,C,points,0.5,-140,105,0.5446,0.892,0.5902,Over,-140,0.0069,1.2,0.5902,Over,1,1,,2026-10-05T13:38:58.487267-04:00,2026-10-05 13:39,2026-10-05 17:32,2026-10-01,2,win,71.4
2026-10-05,2026020043,SJS @ DAL,8479351,Sam Steel,DAL,SJS,C,points,0.5,155,-210,0.3666,0.497,0.3915,Over,155,-0.0007,-0.2,0.3915,Over,2,,,2026-10-05T13:38:58.487267-04:00,2026-10-05 13:39,2026-10-05 17:32,2026-10-01,1,win,155.0
2026-10-05,2026020043,SJS @ DAL,8481581,Thomas Harley,DAL,SJS,D,points,0.5,-105,-195,0.4366,0.592,0.4469,Over,-105,-0.0652,-12.7,0.4469,Over,2,2,,2026-10-05T13:38:58.487267-04:00,2026-10-05 13:39,2026-10-05 17:32,2026-10-01,0,loss,-100
2026-10-05,2026020043,SJS @ DAL,8484227,Will Smith,SJS,DAL,C,points,0.5,-135,100,0.5347,0.811,0.5555,Over,-135,-0.019,-3.3,0.5555,Over,1,1,,2026-10-05T13:38:58.487267-04:00,2026-10-05 13:39,2026-10-05 17:32,2026-10-01,0,loss,-100
2026-10-05,2026020043,SJS @ DAL,8482740,Wyatt Johnston,DAL,SJS,C,points,0.5,-190,140,0.6113,1.077,0.6596,Over,-190,0.0044,0.7,0.6596,Over,2,1,,2026-10-05T13:38:58.487267-04:00,2026-10-05 13:39,2026-10-05 17:32,2026-10-01,0,loss,-100
2026-10-05,2026020043,SJS @ DAL,8477498,Darnell Nurse,SJS,DAL,D,shots,1.5,-130,-105,0.5246,1.652,0.4918,Under,-105,-0.004,-0.8,0.4918,Under,1,,,2026-10-05T13:38:58.487267-04:00,2026-10-05 13:39,2026-10-05 17:32,2026-10-01,3,loss,-100
2026-10-05,2026020043,SJS @ DAL,8473994,Jamie Benn,DAL,SJS,L,shots,1.5,-120,-110,0.5101,1.439,0.4215,Under,-110,0.0547,10.4,0.4215,Under,1,2,,2026-10-05T13:38:58.487267-04:00,2026-10-05 13:39,2026-10-05 17:32,2026-10-01,4,loss,-100
2026-10-05,2026020043,SJS @ DAL,8480027,Jason Robertson,DAL,SJS,L,shots,2.5,-165,125,0.5835,3.285,0.6375,Over,-165,0.0149,2.4,0.6375,Over,1,1,,2026-10-05T13:38:58.487267-04:00,2026-10-05 13:39,2026-10-05 17:32,2026-10-01,4,win,60.6
2026-10-05,2026020043,SJS @ DAL,8478975,Mason Marchment,SJS,DAL,L,shots,1.5,-120,-130,0.4911,1.892,0.5639,Over,-120,0.0185,3.4,0.5639,Over,1,2,,2026-10-05T13:38:58.487267-04:00,2026-10-05 13:39,2026-10-05 17:32,2026-10-01,1,loss,-100
2026-10-05,2026020043,SJS @ DAL,8478420,Mikko Rantanen,DAL,SJS,R,shots,1.5,-165,125,0.5835,2.484,0.7094,Over,-165,0.0867,13.9,0.7094,Over,2,1,,2026-10-05T13:38:58.487267-04:00,2026-10-05 13:39,2026-10-05 17:32,2026-10-01,3,win,60.6
2026-10-05,2026020043,SJS @ DAL,8480036,Miro Heiskanen,DAL,SJS,D,shots,1.5,-175,130,0.5941,1.928,0.5742,Under,130,-0.0089,-2.1,0.5742,Under,1,1,,2026-10-05T13:38:58.487267-04:00,2026-10-05 13:39,2026-10-05 17:32,2026-10-01,2,loss,-100
2026-10-05,2026020043,SJS @ DAL,8478449,Roope Hintz,DAL,SJS,C,shots,1.5,-185,125,0.5936,2.312,0.6719,Over,-185,0.0228,3.5,0.6719,Over,1,1,,2026-10-05T13:38:58.487267-04:00,2026-10-05 13:39,2026-10-05 17:32,2026-10-01,1,loss,-100
2026-10-05,2026020043,SJS @ DAL,8475726,Tyler Toffoli,SJS,DAL,C,shots,1.5,-105,-130,0.4754,1.662,0.4948,Over,-105,-0.0174,-3.4,0.4948,Over,3,2,,2026-10-05T13:38:58.487267-04:00,2026-10-05 13:39,2026-10-05 17:32,2026-10-01,3,win,95.2
2026-10-05,2026020043,SJS @ DAL,8484227,Will Smith,SJS,DAL,C,shots,1.5,-200,135,0.6104,2.355,0.6816,Over,-200,0.0149,2.2,0.6816,Over,1,1,,2026-10-05T13:38:58.487267-04:00,2026-10-05 13:39,2026-10-05 17:32,2026-10-01,0,loss,-100
2026-10-05,2026020043,SJS @ DAL,8482740,Wyatt Johnston,DAL,SJS,C,shots,2.5,-105,-125,0.4797,2.664,0.4975,Over,-105,-0.0147,-2.9,0.4975,Over,2,1,,2026-10-05T13:38:58.487267-04:00,2026-10-05 13:39,2026-10-05 17:32,2026-10-01,3,win,95.2
2026-10-06,2026020044,NSH @ TOR,8477021,Alexander Kerfoot,NSH,TOR,C,points,0.5,165,-225,0.3528,0.538,0.4161,Over,165,0.0388,10.3,0.4161,Over,1,2,,2026-10-06T14:55:44.518015-04:00,2026-10-06 14:55,2026-10-06 17:18,2026-10-01,0,loss,-100
2026-10-06,2026020044,NSH @ TOR,8479318,Auston Matthews,TOR,NSH,C,points,0.5,-200,145,0.6203,0.994,0.6299,Over,-200,-0.0368,-5.5,0.6299,Over,1,1,,2026-10-06T14:55:44.518015-04:00,2026-10-06 14:55,2026-10-06 17:18,2026-10-01,4,win,50.0
2026-10-06,2026020044,NSH @ TOR,8478178,Darren Raddysh,TOR,NSH,D,points,0.5,-110,-120,0.4899,0.781,0.5421,Over,-110,0.0182,3.5,0.5421,Over,2,1,,2026-10-06T14:55:44.518015-04:00,2026-10-06 14:55,2026-10-06 17:18,2026-10-01,0,loss,-100
2026-10-06,2026020044,NSH @ TOR,8484158,Easton Cowan,TOR,NSH,R,points,0.5,190,-260,0.3232,0.517,0.4038,Over,190,0.0589,17.1,0.4038,Over,3,2,,2026-10-06T14:55:44.518015-04:00,2026-10-06 14:55,2026-10-06 17:18,2026-10-01,0,loss,-100
2026-10-06,2026020044,NSH @ TOR,8476887,Filip Forsberg,NSH,TOR,L,points,0.5,-140,105,0.5446,0.866,0.5793,Over,-140,-0.004,-0.7,0.5793,Over,2,1,,2026-10-06T14:55:44.518015-04:00,2026-10-06 14:55,2026-10-06 17:18,2026-10-01,2,win,71.4
2026-10-06,2026020044,NSH @ TOR,8486067,Gavin McKenna,TOR,NSH,L,points,0.5,-120,-165,0.467,0.569,0.4336,Under,-165,-0.0563,-9.0,0.4336,Under,2,2,,2026-10-06T14:55:44.518015-04:00,2026-10-06 14:55,2026-10-06 17:18,2026-10-01,2,loss,-100
2026-10-06,2026020044,NSH @ TOR,8478458,Jack Roslovic,TOR,NSH,C,points,0.5,135,-185,0.396,0.635,0.4703,Over,135,0.0448,10.5,0.4703,Over,1,2,,2026-10-06T14:55:44.518015-04:00,2026-10-06 14:55,2026-10-06 17:18,2026-10-01,2,win,135.0
2026-10-06,2026020044,NSH @ TOR,8475166,John Tavares,TOR,NSH,C,points,0.5,-130,100,0.5306,0.884,0.5867,Over,-130,0.0215,3.8,0.5867,Over,2,1,,2026-10-06T14:55:44.518015-04:00,2026-10-06 14:55,2026-10-06 17:18,2026-10-01,1,win,76.9
2026-10-06,2026020044,NSH @ TOR,8476539,Jonathan Marchessault,NSH,TOR,C,points,0.5,135,-180,0.3983,0.526,0.4089,Over,135,-0.0167,-3.9,0.4089,Over,3,2,,2026-10-06T14:55:44.518015-04:00,2026-10-06 14:55,2026-10-06 17:18,2026-10-01,0,loss,-100
2026-10-06,2026020044,NSH @ TOR,8480893,Kirill Marchenko,TOR,NSH,R,points,0.5,-150,115,0.5633,0.955,0.6153,Over,-150,0.0153,2.6,0.6153,Over,1,1,,2026-10-06T14:55:44.518015-04:00,2026-10-06 14:55,2026-10-06 17:18,2026-10-01,1,win,66.7
2026-10-06,2026020044,NSH @ TOR,8484241,Matthew Wood,NSH,TOR,R,points,0.5,135,-180,0.3983,0.561,0.4294,Over,135,0.0039,0.9,0.4294,Over,2,1,,2026-10-06T14:55:44.518015-04:00,2026-10-06 14:55,2026-10-06 17:18,2026-10-01,1,win,135.0
2026-10-06,2026020044,NSH @ TOR,8476853,Morgan Rielly,TOR,NSH,D,points,0.5,155,-210,0.3666,0.461,0.3692,Over,155,-0.0229,-5.8,0.3692,Over,2,2,,2026-10-06T14:55:44.518015-04:00,2026-10-06 14:55,2026-10-06 17:18,2026-10-01,0,loss,-100
2026-10-06,2026020044,NSH @ TOR,8477426,Nick Paul,TOR,NSH,L,points,0.5,195,-275,0.3161,0.483,0.3829,Over,195,0.0439,13.0,0.3829,Over,3,2,,2026-10-06T14:55:44.518015-04:00,2026-10-06 14:55,2026-10-06 17:18,2026-10-01,0,loss,-100
2026-10-06,2026020044,NSH @ TOR,8474600,Roman Josi,NSH,TOR,D,points,0.5,-140,105,0.5446,0.711,0.509,Under,105,0.0032,0.7,0.509,Under,1,1,,2026-10-06T14:55:44.518015-04:00,2026-10-06 14:55,2026-10-06 17:18,2026-10-01,1,loss,-100
2026-10-06,2026020044,NSH @ TOR,8475158,Ryan O'Reilly,NSH,TOR,C,points,0.5,-130,-105,0.5246,0.891,0.5898,Over,-130,0.0246,4.3,0.5898,Over,1,1,,2026-10-06T14:55:44.518015-04:00,2026-10-06 14:55,2026-10-06 17:18,2026-10-01,1,win,76.9
2026-10-06,2026020044,NSH @ TOR,8474564,Steven Stamkos,NSH,TOR,C,points,0.5,-125,-105,0.5203,0.833,0.5654,Over,-125,0.0098,1.8,0.5654,Over,1,1,,2026-10-06T14:55:44.518015-04:00,2026-10-06 14:55,2026-10-06 17:18,2026-10-01,2,win,80.0
2026-10-06,2026020044,NSH @ TOR,8477939,William Nylander,TOR,NSH,R,points,0.5,-200,150,0.625,1.062,0.6543,Over,-200,-0.0124,-1.9,0.6543,Over,2,1,,2026-10-06T14:55:44.518015-04:00,2026-10-06 14:55,2026-10-06 17:18,2026-10-01,3,win,50.0
2026-10-06,2026020044,NSH @ TOR,8479318,Auston Matthews,TOR,NSH,C,shots,3.5,105,-140,0.4554,3.794,0.5252,Over,105,0.0374,7.7,0.5252,Over,1,1,,2026-10-06T14:55:44.518015-04:00,2026-10-06 14:55,2026-10-06 17:18,2026-10-01,4,win,105.0
2026-10-06,2026020044,NSH @ TOR,8478178,Darren Raddysh,TOR,NSH,D,shots,2.5,105,-135,0.4592,2.629,0.4888,Over,105,0.001,0.2,0.4888,Over,2,1,,2026-10-06T14:55:44.518015-04:00,2026-10-06 14:55,2026-10-06 17:18,2026-10-01,2,loss,-100
2026-10-06,2026020044,NSH @ TOR,8476887,Filip Forsberg,NSH,TOR,L,shots,3.5,-115,-130,0.4862,3.398,0.4412,Under,-130,-0.0065,-1.1,0.4412,Under,2,1,,2026-10-06T14:55:44.518015-04:00,2026-10-06 14:55,2026-10-06 17:18,2026-10-01,2,win,76.9
2026-10-06,2026020044,NSH @ TOR,8486067,Gavin McKenna,TOR,NSH,L,shots,1.5,100,-135,0.4653,1.796,0.536,Over,100,0.036,7.2,0.536,Over,2,2,,2026-10-06T14:55:44.518015-04:00,2026-10-06 14:55,2026-10-06 17:18,2026-10-01,4,win,100.0
2026-10-06,2026020044,NSH @ TOR,8478458,Jack Roslovic,TOR,NSH,C,shots,1.5,-170,125,0.5862,2.421,0.6961,Over,-170,0.0665,10.6,0.6961,Over,1,2,,2026-10-06T14:55:44.518015-04:00,2026-10-06 14:55,2026-10-06 17:18,2026-10-01,4,win,58.8
2026-10-06,2026020044,NSH @ TOR,8475166,John Tavares,TOR,NSH,C,shots,2.5,125,-200,0.4,2.622,0.4871,Over,125,0.0427,9.6,0.4871,Over,2,1,,2026-10-06T14:55:44.518015-04:00,2026-10-06 14:55,2026-10-06 17:18,2026-10-01,6,win,125.0
2026-10-06,2026020044,NSH @ TOR,8476539,Jonathan Marchessault,NSH,TOR,C,shots,1.5,-145,-105,0.5361,2.131,0.6283,Over,-145,0.0365,6.2,0.6283,Over,3,2,,2026-10-06T14:55:44.518015-04:00,2026-10-06 14:55,2026-10-06 17:18,2026-10-01,2,win,69.0
2026-10-06,2026020044,NSH @ TOR,8480893,Kirill Marchenko,TOR,NSH,R,shots,2.5,-115,-115,0.5,3.235,0.6272,Over,-115,0.0924,17.3,0.6272,Over,1,1,,2026-10-06T14:55:44.518015-04:00,2026-10-06 14:55,2026-10-06 17:18,2026-10-01,3,win,87.0
2026-10-06,2026020044,NSH @ TOR,8484241,Matthew Wood,NSH,TOR,R,shots,1.5,-140,105,0.5446,2.178,0.6399,Over,-140,0.0566,9.7,0.6399,Over,2,1,,2026-10-06T14:55:44.518015-04:00,2026-10-06 14:55,2026-10-06 17:18,2026-10-01,1,loss,-100
2026-10-06,2026020044,NSH @ TOR,8476853,Morgan Rielly,TOR,NSH,D,shots,1.5,125,-170,0.4138,1.565,0.4637,Over,125,0.0192,4.3,0.4637,Over,2,2,,2026-10-06T14:55:44.518015-04:00,2026-10-06 14:55,2026-10-06 17:18,2026-10-01,2,win,125.0
2026-10-06,2026020044,NSH @ TOR,8477426,Nick Paul,TOR,NSH,L,shots,1.5,120,-160,0.4248,1.687,0.5026,Over,120,0.048,10.6,0.5026,Over,3,2,,2026-10-06T14:55:44.518015-04:00,2026-10-06 14:55,2026-10-06 17:18,2026-10-01,2,win,120.0
2026-10-06,2026020044,NSH @ TOR,8481535,Nils Hoglander,NSH,TOR,L,shots,1.5,105,-140,0.4554,1.534,0.4534,Under,-140,-0.0368,-6.3,0.4534,Under,2,2,,2026-10-06T14:55:44.518015-04:00,2026-10-06 14:55,2026-10-06 17:18,2026-10-01,2,loss,-100
2026-10-06,2026020044,NSH @ TOR,8474600,Roman Josi,NSH,TOR,D,shots,2.5,100,-185,0.4351,2.648,0.4935,Over,100,-0.0065,-1.3,0.4935,Over,1,1,,2026-10-06T14:55:44.518015-04:00,2026-10-06 14:55,2026-10-06 17:18,2026-10-01,1,loss,-100
2026-10-06,2026020044,NSH @ TOR,8479525,Ross Colton,NSH,TOR,C,shots,1.5,-135,100,0.5347,1.893,0.5641,Over,-135,-0.0103,-1.8,0.5641,Over,3,,,2026-10-06T14:55:44.518015-04:00,2026-10-06 14:55,2026-10-06 17:18,2026-10-01,2,win,74.1
2026-10-06,2026020044,NSH @ TOR,8475158,Ryan O'Reilly,NSH,TOR,C,shots,1.5,-185,140,0.6091,2.189,0.6426,Over,-185,-0.0065,-1.0,0.6426,Over,1,1,,2026-10-06T14:55:44.518015-04:00,2026-10-06 14:55,2026-10-06 17:18,2026-10-01,1,loss,-100
2026-10-06,2026020044,NSH @ TOR,8474564,Steven Stamkos,NSH,TOR,C,shots,2.5,-110,-120,0.4899,2.909,0.5562,Over,-110,0.0324,6.2,0.5562,Over,1,1,,2026-10-06T14:55:44.518015-04:00,2026-10-06 14:55,2026-10-06 17:18,2026-10-01,3,win,90.9
2026-10-06,2026020044,NSH @ TOR,8477939,William Nylander,TOR,NSH,R,shots,2.5,-110,-120,0.4899,2.797,0.5299,Over,-110,0.0061,1.2,0.5299,Over,2,1,,2026-10-06T14:55:44.518015-04:00,2026-10-06 14:55,2026-10-06 17:18,2026-10-01,1,loss,-100
2026-10-06,2026020045,CAR @ MTL,8480830,Andrei Svechnikov,CAR,MTL,R,points,0.5,-170,125,0.5862,0.864,0.5786,Under,125,-0.0231,-5.2,0.5786,Under,1,1,,2026-10-06T14:55:44.518015-04:00,2026-10-06 14:55,2026-10-06 17:18,2026-10-01,1,loss,-100
2026-10-06,2026020045,CAR @ MTL,8475184,Chris Kreider,MTL,CAR,L,points,0.5,120,-160,0.4248,0.597,0.4497,Over,120,-0.0048,-1.1,0.4497,Over,1,2,,2026-10-06T14:55:44.518015-04:00,2026-10-06 14:55,2026-10-06 17:18,2026-10-01,2,win,120.0
2026-10-06,2026020045,CAR @ MTL,8481540,Cole Caufield,MTL,CAR,R,points,0.5,-195,145,0.6182,0.985,0.6264,Over,-195,-0.0346,-5.2,0.6264,Over,1,1,,2026-10-06T14:55:44.518015-04:00,2026-10-06 14:55,2026-10-06 17:18,2026-10-01,0,loss,-100
2026-10-06,2026020045,CAR @ MTL,8482809,Jackson Blake,CAR,MTL,R,points,0.5,-130,-105,0.5246,0.764,0.5343,Over,-130,-0.0309,-5.5,0.5343,Over,2,1,,2026-10-06T14:55:44.518015-04:00,2026-10-06 14:55,2026-10-06 17:18,2026-10-01,1,win,76.9
2026-10-06,2026020045,CAR @ MTL,8476921,Jordan Martinook,CAR,MTL,L,points,0.5,210,-300,0.3008,0.402,0.3308,Over,210,0.0082,2.6,0.3308,Over,3,,,2026-10-06T14:55:44.518015-04:00,2026-10-06 14:55,2026-10-06 17:18,2026-10-01,0,loss,-100
2026-10-06,2026020045,CAR @ MTL,8473533,Jordan Staal,CAR,MTL,C,points,0.5,150,-200,0.375,0.532,0.4125,Over,150,0.0125,3.1,0.4125,Over,3,2,,2026-10-06T14:55:44.518015-04:00,2026-10-06 14:55,2026-10-06 17:18,2026-10-01,0,loss,-100
2026-10-06,2026020045,CAR @ MTL,8483515,Juraj Slafkovský,MTL,CAR,L,points,0.5,-135,100,0.5347,0.787,0.5447,Over,-135,-0.0298,-5.2,0.5447,Over,2,1,,2026-10-06T14:55:44.518015-04:00,2026-10-06 14:55,2026-10-06 17:18,2026-10-01,1,win,74.1
2026-10-06,2026020045,CAR @ MTL,8483457,Lane Hutson,MTL,CAR,D,points,0.5,-140,-110,0.5269,0.839,0.568,Over,-140,-0.0153,-2.6,0.568,Over,2,1,,2026-10-06T14:55:44.518015-04:00,2026-10-06 14:55,2026-10-06 17:18,2026-10-01,1,win,71.4
2026-10-06,2026020045,CAR @ MTL,8482702,Logan Stankoven,CAR,MTL,C,points,0.5,120,-160,0.4248,0.64,0.4727,Over,120,0.0182,4.0,0.4727,Over,2,2,,2026-10-06T14:55:44.518015-04:00,2026-10-06 14:55,2026-10-06 17:18,2026-10-01,0,loss,-100
2026-10-06,2026020045,CAR @ MTL,8480018,Nick Suzuki,MTL,CAR,C,points,1.5,185,-250,0.3294,1.094,0.2989,Under,-250,-0.0132,-1.8,0.2989,Under,1,1,,2026-10-06T14:55:44.518015-04:00,2026-10-06 14:55,2026-10-06 17:18,2026-10-01,2,loss,-100
2026-10-06,2026020045,CAR @ MTL,8477940,Nikolaj Ehlers,CAR,MTL,L,points,0.5,-170,-110,0.5459,0.786,0.5444,Under,-110,-0.0682,-13.0,0.5444,Under,3,1,,2026-10-06T14:55:44.518015-04:00,2026-10-06 14:55,2026-10-06 17:18,2026-10-01,1,loss,-100
2026-10-06,2026020045,CAR @ MTL,8480865,Noah Dobson,MTL,CAR,D,points,0.5,160,-220,0.3587,0.52,0.4057,Over,160,0.0211,5.5,0.4057,Over,1,2,,2026-10-06T14:55:44.518015-04:00,2026-10-06 14:55,2026-10-06 17:18,2026-10-01,0,loss,-100
2026-10-06,2026020045,CAR @ MTL,8478427,Sebastian Aho,CAR,MTL,C,points,0.5,-230,130,0.6158,0.963,0.6181,Over,-230,-0.0789,-11.3,0.6181,Over,1,1,,2026-10-06T14:55:44.518015-04:00,2026-10-06 14:55,2026-10-06 17:18,2026-10-01,3,win,43.5
2026-10-06,2026020045,CAR @ MTL,8476906,Shayne Gostisbehere,CAR,MTL,D,points,0.5,-110,-120,0.4899,0.66,0.483,Under,-120,-0.0285,-5.2,0.483,Under,3,1,,2026-10-06T14:55:44.518015-04:00,2026-10-06 14:55,2026-10-06 17:18,2026-10-01,1,loss,-100
2026-10-06,2026020045,CAR @ MTL,8475791,Taylor Hall,CAR,MTL,L,points,0.5,130,-175,0.4059,0.588,0.4444,Over,130,0.0096,2.2,0.4444,Over,2,2,,2026-10-06T14:55:44.518015-04:00,2026-10-06 14:55,2026-10-06 17:18,2026-10-01,2,win,130.0
2026-10-06,2026020045,CAR @ MTL,8481618,Alex Newhook,MTL,CAR,C,shots,1.5,-135,105,0.5408,1.458,0.4281,Under,105,0.0841,17.2,0.4281,Under,2,2,,2026-10-06T14:55:44.518015-04:00,2026-10-06 14:55,2026-10-06 17:18,2026-10-01,0,win,105.0
2026-10-06,2026020045,CAR @ MTL,8480074,Alexandre Texier,MTL,CAR,L,shots,1.5,115,-150,0.4367,1.277,0.365,Under,-150,0.035,5.8,0.365,Under,3,2,,2026-10-06T14:55:44.518015-04:00,2026-10-06 14:55,2026-10-06 17:18,2026-10-01,0,win,66.7
2026-10-06,2026020045,CAR @ MTL,8480830,Andrei Svechnikov,CAR,MTL,R,shots,3.5,135,-240,0.3761,2.935,0.3382,Under,-240,-0.044,-6.2,0.3382,Under,1,1,,2026-10-06T14:55:44.518015-04:00,2026-10-06 14:55,2026-10-06 17:18,2026-10-01,3,win,41.7
2026-10-06,2026020045,CAR @ MTL,8481540,Cole Caufield,MTL,CAR,R,shots,2.5,-155,-115,0.5319,2.867,0.5464,Over,-155,-0.0615,-10.1,0.5464,Over,1,1,,2026-10-06T14:55:44.518015-04:00,2026-10-06 14:55,2026-10-06 17:18,2026-10-01,1,loss,-100
2026-10-06,2026020045,CAR @ MTL,8482809,Jackson Blake,CAR,MTL,R,shots,2.5,100,-145,0.4579,2.68,0.5014,Over,100,0.0014,0.3,0.5014,Over,2,1,,2026-10-06T14:55:44.518015-04:00,2026-10-06 14:55,2026-10-06 17:18,2026-10-01,2,loss,-100
2026-10-06,2026020045,CAR @ MTL,8476921,Jordan Martinook,CAR,MTL,L,shots,1.5,-105,-125,0.4797,1.48,0.4354,Under,-125,0.0091,1.6,0.4354,Under,3,,,2026-10-06T14:55:44.518015-04:00,2026-10-06 14:55,2026-10-06 17:18,2026-10-01,3,loss,-100
2026-10-06,2026020045,CAR @ MTL,8473533,Jordan Staal,CAR,MTL,C,shots,1.5,-155,105,0.5548,1.649,0.4908,Under,105,0.0214,4.4,0.4908,Under,3,2,,2026-10-06T14:55:44.518015-04:00,2026-10-06 14:55,2026-10-06 17:18,2026-10-01,1,win,105.0
2026-10-06,2026020045,CAR @ MTL,8483515,Juraj Slafkovský,MTL,CAR,L,shots,1.5,-145,110,0.5541,1.975,0.5872,Over,-145,-0.0047,-0.8,0.5872,Over,2,1,,2026-10-06T14:55:44.518015-04:00,2026-10-06 14:55,2026-10-06 17:18,2026-10-01,2,win,69.0
2026-10-06,2026020045,CAR @ MTL,8482702,Logan Stankoven,CAR,MTL,C,shots,1.5,-190,145,0.6161,2.365,0.6838,Over,-190,0.0286,4.4,0.6838,Over,2,2,,2026-10-06T14:55:44.518015-04:00,2026-10-06 14:55,2026-10-06 17:18,2026-10-01,1,loss,-100
2026-10-06,2026020045,CAR @ MTL,8476875,Mike Matheson,MTL,CAR,D,shots,1.5,-140,-105,0.5325,1.354,0.3923,Under,-105,0.0955,18.6,0.3923,Under,1,,,2026-10-06T14:55:44.518015-04:00,2026-10-06 14:55,2026-10-06 17:18,2026-10-01,2,loss,-100
2026-10-06,2026020045,CAR @ MTL,8480018,Nick Suzuki,MTL,CAR,C,shots,1.5,-175,130,0.5941,2.177,0.6398,Over,-175,0.0034,0.5,0.6398,Over,1,1,,2026-10-06T14:55:44.518015-04:00,2026-10-06 14:55,2026-10-06 17:18,2026-10-01,2,win,57.1
2026-10-06,2026020045,CAR @ MTL,8477940,Nikolaj Ehlers,CAR,MTL,L,shots,2.5,-140,-120,0.5168,2.655,0.4953,Under,-120,-0.0407,-7.5,0.4953,Under,3,1,,2026-10-06T14:55:44.518015-04:00,2026-10-06 14:55,2026-10-06 17:18,2026-10-01,3,loss,-100
2026-10-06,2026020045,CAR @ MTL,8480336,Sean Walker,CAR,MTL,D,shots,1.5,-110,-120,0.4899,2.162,0.6359,Over,-110,0.1121,21.4,0.6359,Over,2,2,,2026-10-06T14:55:44.518015-04:00,2026-10-06 14:55,2026-10-06 17:18,2026-10-01,1,loss,-100
2026-10-06,2026020045,CAR @ MTL,8478427,Sebastian Aho,CAR,MTL,C,shots,2.5,-170,-105,0.5514,2.751,0.5189,Under,-105,-0.0311,-6.1,0.5189,Under,1,1,,2026-10-06T14:55:44.518015-04:00,2026-10-06 14:55,2026-10-06 17:18,2026-10-01,3,loss,-100
2026-10-06,2026020045,CAR @ MTL,8476906,Shayne Gostisbehere,CAR,MTL,D,shots,1.5,-145,100,0.5421,1.996,0.5928,Over,-145,0.0009,0.2,0.5928,Over,3,1,,2026-10-06T14:55:44.518015-04:00,2026-10-06 14:55,2026-10-06 17:18,2026-10-01,1,loss,-100
2026-10-06,2026020045,CAR @ MTL,8475791,Taylor Hall,CAR,MTL,L,shots,1.5,-165,125,0.5835,1.92,0.5719,Under,125,-0.0163,-3.7,0.5719,Under,2,2,,2026-10-06T14:55:44.518015-04:00,2026-10-06 14:55,2026-10-06 17:18,2026-10-01,4,loss,-100
2026-10-06,2026020046,OTT @ DET,8479337,Alex DeBrincat,DET,OTT,R,points,0.5,-230,170,0.653,0.946,0.6118,Under,170,0.0178,4.8,0.6118,Under,2,1,,2026-10-06T14:55:44.518015-04:00,2026-10-06 14:55,2026-10-06 17:18,2026-10-01,3,loss,-100
2026-10-06,2026020046,OTT @ DET,8484759,Carter Yakemchuk,OTT,DET,D,points,0.5,110,-145,0.4459,0.426,0.3471,Under,-145,0.061,10.3,0.3471,Under,2,1,,2026-10-06T14:55:44.518015-04:00,2026-10-06 14:55,2026-10-06 17:18,2026-10-01,1,loss,-100
2026-10-06,2026020046,OTT @ DET,8473512,Claude Giroux,OTT,DET,R,points,0.5,-115,-115,0.5,0.573,0.4361,Under,-115,0.0291,5.4,0.4361,Under,3,1,,2026-10-06T14:55:44.518015-04:00,2026-10-06 14:55,2026-10-06 17:18,2026-10-01,0,win,87.0
2026-10-06,2026020046,OTT @ DET,8480208,Drake Batherson,OTT,DET,R,points,0.5,-130,-105,0.5246,0.747,0.5261,Over,-130,-0.0391,-6.9,0.5261,Over,1,1,,2026-10-06T14:55:44.518015-04:00,2026-10-06 14:55,2026-10-06 17:18,2026-10-01,2,win,76.9
2026-10-06,2026020046,OTT @ DET,8481528,Dylan Cozens,OTT,DET,C,points,0.5,-115,-115,0.5,0.645,0.4754,Under,-115,-0.0103,-1.9,0.4754,Under,2,1,,2026-10-06T14:55:44.518015-04:00,2026-10-06 14:55,2026-10-06 17:18,2026-10-01,0,win,87.0
2026-10-06,2026020046,OTT @ DET,8477946,Dylan Larkin,DET,OTT,C,points,0.5,-195,145,0.6182,0.861,0.5773,Under,145,0.0145,3.6,0.5773,Under,1,1,out,2026-10-06T14:55:44.518015-04:00,2026-10-06 14:55,2026-10-06 17:18,2026-10-01,2,loss,-100
2026-10-06,2026020046,OTT @ DET,8481606,Jordan Spence,OTT,DET,D,points,0.5,165,-225,0.3528,0.48,0.3812,Over,165,0.0038,1.0,0.3812,Over,1,2,,2026-10-06T14:55:44.518015-04:00,2026-10-06 14:55,2026-10-06 17:18,2026-10-01,0,loss,-100
2026-10-06,2026020046,OTT @ DET,8482078,Lucas Raymond,DET,OTT,L,points,0.5,-210,155,0.6334,0.96,0.6172,Under,155,-0.0093,-2.4,0.6172,Under,1,1,,2026-10-06T14:55:44.518015-04:00,2026-10-06 14:55,2026-10-06 17:18,2026-10-01,3,loss,-100
2026-10-06,2026020046,OTT @ DET,8481542,Moritz Seider,DET,OTT,D,points,0.5,-115,-120,0.4951,0.666,0.4862,Under,-120,-0.0316,-5.8,0.4862,Under,1,1,,2026-10-06T14:55:44.518015-04:00,2026-10-06 14:55,2026-10-06 17:18,2026-10-01,0,win,83.3
2026-10-06,2026020046,OTT @ DET,8481596,Shane Pinto,OTT,DET,C,points,0.5,140,-190,0.3887,0.619,0.4615,Over,140,0.0449,10.8,0.4615,Over,3,2,,2026-10-06T14:55:44.518015-04:00,2026-10-06 14:55,2026-10-06 17:18,2026-10-01,0,loss,-100
2026-10-06,2026020046,OTT @ DET,8478469,Thomas Chabot,OTT,DET,D,points,0.5,-120,-175,0.4615,0.553,0.4245,Under,-175,-0.0609,-9.6,0.4245,Under,1,2,,2026-10-06T14:55:44.518015-04:00,2026-10-06 14:55,2026-10-06 17:18,2026-10-01,0,win,57.1
2026-10-06,2026020046,OTT @ DET,8482116,Tim Stützle,OTT,DET,C,points,0.5,-195,145,0.6182,0.908,0.5967,Under,145,-0.0048,-1.2,0.5967,Under,1,1,,2026-10-06T14:55:44.518015-04:00,2026-10-06 14:55,2026-10-06 17:18,2026-10-01,2,loss,-100
2026-10-06,2026020046,OTT @ DET,8478042,Viktor Arvidsson,DET,OTT,L,points,0.5,-130,-115,0.5138,0.821,0.5599,Over,-130,-0.0053,-0.9,0.5599,Over,1,1,,2026-10-06T14:55:44.518015-04:00,2026-10-06 14:55,2026-10-06 17:18,2026-10-01,2,win,76.9
2026-10-06,2026020046,OTT @ DET,8477998,Warren Foegele,OTT,DET,L,points,0.5,160,-210,0.3621,0.371,0.31,Under,-210,0.0126,1.9,0.31,Under,1,,,2026-10-06T14:55:44.518015-04:00,2026-10-06 14:55,2026-10-06 17:18,2026-10-01,0,win,47.6
2026-10-06,2026020046,OTT @ DET,8482667,William Eklund,OTT,DET,L,points,0.5,115,-155,0.4335,0.547,0.4216,Under,-155,-0.0294,-4.8,0.4216,Under,2,2,,2026-10-06T14:55:44.518015-04:00,2026-10-06 14:55,2026-10-06 17:18,2026-10-01,2,loss,-100
2026-10-06,2026020046,OTT @ DET,8479337,Alex DeBrincat,DET,OTT,R,shots,2.5,-175,-105,0.5541,3.137,0.6068,Over,-175,-0.0295,-4.6,0.6068,Over,2,1,,2026-10-06T14:55:44.518015-04:00,2026-10-06 14:55,2026-10-06 17:18,2026-10-01,3,win,57.1
2026-10-06,2026020046,OTT @ DET,8484223,Axel Sandin-Pellikka,DET,OTT,D,shots,1.5,110,-145,0.4459,1.179,0.3299,Under,-145,0.0782,13.2,0.3299,Under,2,2,,2026-10-06T14:55:44.518015-04:00,2026-10-06 14:55,2026-10-06 17:18,2026-10-01,1,win,69.0
2026-10-06,2026020046,OTT @ DET,8484759,Carter Yakemchuk,OTT,DET,D,shots,1.5,-130,-125,0.5043,1.398,0.4075,Under,-125,0.037,6.7,0.4075,Under,2,1,,2026-10-06T14:55:44.518015-04:00,2026-10-06 14:55,2026-10-06 17:18,2026-10-01,2,loss,-100
2026-10-06,2026020046,OTT @ DET,8473512,Claude Giroux,OTT,DET,R,shots,1.5,-145,110,0.5541,1.607,0.4774,Under,110,0.0464,9.7,0.4774,Under,3,1,,2026-10-06T14:55:44.518015-04:00,2026-10-06 14:55,2026-10-06 17:18,2026-10-01,0,win,110.0
2026-10-06,2026020046,OTT @ DET,8480208,Drake Batherson,OTT,DET,R,shots,2.5,120,-160,0.4248,2.063,0.3404,Under,-160,0.0442,7.2,0.3404,Under,1,1,,2026-10-06T14:55:44.518015-04:00,2026-10-06 14:55,2026-10-06 17:18,2026-10-01,2,win,62.5
2026-10-06,2026020046,OTT @ DET,8481528,Dylan Cozens,OTT,DET,C,shots,2.5,115,-150,0.4367,2.236,0.387,Under,-150,0.013,2.2,0.387,Under,2,1,,2026-10-06T14:55:44.518015-04:00,2026-10-06 14:55,2026-10-06 17:18,2026-10-01,1,win,66.7
2026-10-06,2026020046,OTT @ DET,8477946,Dylan Larkin,DET,OTT,C,shots,2.5,-145,110,0.5541,2.718,0.5107,Under,110,0.0131,2.8,0.5107,Under,1,1,out,2026-10-06T14:55:44.518015-04:00,2026-10-06 14:55,2026-10-06 17:18,2026-10-01,4,loss,-100
2026-10-06,2026020046,OTT @ DET,8480188,Fabian Zetterlund,OTT,DET,L,shots,1.5,-115,-115,0.5,1.713,0.5107,Over,-115,-0.0242,-4.5,0.5107,Over,2,2,,2026-10-06T14:55:44.518015-04:00,2026-10-06 14:55,2026-10-06 17:18,2026-10-01,0,loss,-100
2026-10-06,2026020046,OTT @ DET,8481606,Jordan Spence,OTT,DET,D,shots,1.5,-125,-105,0.5203,1.663,0.4951,Under,-105,-0.0073,-1.4,0.4951,Under,1,2,,2026-10-06T14:55:44.518015-04:00,2026-10-06 14:55,2026-10-06 17:18,2026-10-01,1,win,95.2
2026-10-06,2026020046,OTT @ DET,8475753,Justin Faulk,DET,OTT,D,shots,1.5,105,-140,0.4554,1.308,0.3761,Under,-140,0.0406,7.0,0.3761,Under,3,2,,2026-10-06T14:55:44.518015-04:00,2026-10-06 14:55,2026-10-06 17:18,2026-10-01,3,loss,-100
2026-10-06,2026020046,OTT @ DET,8482078,Lucas Raymond,DET,OTT,L,shots,1.5,-220,135,0.6177,2.475,0.7076,Over,-220,0.0201,2.9,0.7076,Over,1,1,,2026-10-06T14:55:44.518015-04:00,2026-10-06 14:55,2026-10-06 17:18,2026-10-01,6,win,45.5
2026-10-06,2026020046,OTT @ DET,8481542,Moritz Seider,DET,OTT,D,shots,1.5,-185,140,0.6091,1.962,0.5837,Under,140,-0.0003,-0.1,0.5837,Under,1,1,,2026-10-06T14:55:44.518015-04:00,2026-10-06 14:55,2026-10-06 17:18,2026-10-01,3,loss,-100
2026-10-06,2026020046,OTT @ DET,8481596,Shane Pinto,OTT,DET,C,shots,1.5,-160,120,0.5752,1.925,0.5732,Under,120,-0.0277,-6.1,0.5732,Under,3,2,,2026-10-06T14:55:44.518015-04:00,2026-10-06 14:55,2026-10-06 17:18,2026-10-01,1,win,120.0
2026-10-06,2026020046,OTT @ DET,8478469,Thomas Chabot,OTT,DET,D,shots,1.5,-195,110,0.5813,1.811,0.5405,Under,110,-0.0167,-3.5,0.5405,Under,1,2,,2026-10-06T14:55:44.518015-04:00,2026-10-06 14:55,2026-10-06 17:18,2026-10-01,5,loss,-100
2026-10-06,2026020046,OTT @ DET,8482116,Tim Stützle,OTT,DET,C,shots,1.5,-185,120,0.5882,2.077,0.6145,Over,-185,-0.0346,-5.3,0.6145,Over,1,1,,2026-10-06T14:55:44.518015-04:00,2026-10-06 14:55,2026-10-06 17:18,2026-10-01,2,win,54.1
2026-10-06,2026020046,OTT @ DET,8478042,Viktor Arvidsson,DET,OTT,L,shots,3.5,110,-150,0.4425,3.05,0.3639,Under,-150,0.0361,6.0,0.3639,Under,1,1,,2026-10-06T14:55:44.518015-04:00,2026-10-06 14:55,2026-10-06 17:18,2026-10-01,3,win,66.7
2026-10-06,2026020046,OTT @ DET,8477998,Warren Foegele,OTT,DET,L,shots,1.5,-150,115,0.5633,1.571,0.4656,Under,115,0.0693,14.9,0.4656,Under,1,,,2026-10-06T14:55:44.518015-04:00,2026-10-06 14:55,2026-10-06 17:18,2026-10-01,0,win,115.0
2026-10-06,2026020046,OTT @ DET,8482667,William Eklund,OTT,DET,L,shots,1.5,-165,-115,0.5379,1.618,0.4809,Under,-115,-0.0157,-2.9,0.4809,Under,2,2,,2026-10-06T14:55:44.518015-04:00,2026-10-06 14:55,2026-10-06 17:18,2026-10-01,3,loss,-100
2026-10-06,2026020047,UTA @ NJD,8477511,Anthony Mantha,NJD,UTA,R,points,0.5,100,-175,0.44,0.796,0.5489,Over,100,0.0489,9.8,0.5489,Over,1,2,,2026-10-06T14:55:44.518015-04:00,2026-10-06 14:55,2026-10-06 17:18,2026-10-01,0,loss,-100
2026-10-06,2026020047,UTA @ NJD,8479343,Clayton Keller,UTA,NJD,R,points,0.5,-240,175,0.66,0.967,0.6199,Under,175,0.0164,4.5,0.6199,Under,1,1,,2026-10-06T14:55:44.518015-04:00,2026-10-06 14:55,2026-10-06 17:18,2026-10-01,2,loss,-100
2026-10-06,2026020047,UTA @ NJD,8476462,Dougie Hamilton,NJD,UTA,D,points,0.5,130,-175,0.4059,0.525,0.4083,Over,130,-0.0265,-6.1,0.4083,Over,2,2,,2026-10-06T14:55:44.518015-04:00,2026-10-06 14:55,2026-10-06 17:18,2026-10-01,1,win,130.0
2026-10-06,2026020047,UTA @ NJD,8482699,Dylan Guenther,UTA,NJD,R,points,0.5,-160,120,0.5752,0.803,0.5521,Under,120,-0.0067,-1.5,0.5521,Under,2,1,,2026-10-06T14:55:44.518015-04:00,2026-10-06 14:55,2026-10-06 17:18,2026-10-01,1,loss,-100
2026-10-06,2026020047,UTA @ NJD,8478542,Evan Rodrigues,NJD,UTA,C,points,0.5,150,-200,0.375,0.483,0.3833,Over,150,-0.0167,-4.2,0.3833,Over,3,2,,2026-10-06T14:55:44.518015-04:00,2026-10-06 14:55,2026-10-06 17:18,2026-10-01,0,loss,-100
2026-10-06,2026020047,UTA @ NJD,8481559,Jack Hughes,NJD,UTA,C,points,1.5,170,-230,0.347,1.283,0.367,Over,170,-0.0034,-0.9,0.367,Over,1,1,,2026-10-06T14:55:44.518015-04:00,2026-10-06 14:55,2026-10-06 17:18,2026-10-01,1,loss,-100
2026-10-06,2026020047,UTA @ NJD,8479407,Jesper Bratt,NJD,UTA,L,points,0.5,-165,125,0.5835,0.988,0.6278,Over,-165,0.0051,0.8,0.6278,Over,1,1,,2026-10-06T14:55:44.518015-04:00,2026-10-06 14:55,2026-10-06 17:18,2026-10-01,1,win,60.6
2026-10-06,2026020047,UTA @ NJD,8483431,Logan Cooley,UTA,NJD,C,points,0.5,-120,-110,0.5101,0.771,0.5375,Over,-120,-0.0079,-1.5,0.5375,Over,2,1,,2026-10-06T14:55:44.518015-04:00,2026-10-06 14:55,2026-10-06 17:18,2026-10-01,1,win,83.3
2026-10-06,2026020047,UTA @ NJD,8482146,Luke Evangelista,NJD,UTA,R,points,0.5,-115,-115,0.5,0.779,0.5413,Over,-115,0.0064,1.2,0.5413,Over,2,1,,2026-10-06T14:55:44.518015-04:00,2026-10-06 14:55,2026-10-06 17:18,2026-10-01,2,win,87.0
2026-10-06,2026020047,UTA @ NJD,8482684,Luke Hughes,NJD,UTA,D,points,0.5,-105,-125,0.4797,0.694,0.5006,Over,-105,-0.0116,-2.3,0.5006,Over,1,1,,2026-10-06T14:55:44.518015-04:00,2026-10-06 14:55,2026-10-06 17:18,2026-10-01,0,loss,-100
2026-10-06,2026020047,UTA @ NJD,8479410,Mikhail Sergachev,UTA,NJD,D,points,0.5,-125,-105,0.5203,0.645,0.4753,Under,-105,0.0125,2.4,0.4753,Under,1,1,,2026-10-06T14:55:44.518015-04:00,2026-10-06 14:55,2026-10-06 17:18,2026-10-01,3,loss,-100
2026-10-06,2026020047,UTA @ NJD,8477951,Nick Schmaltz,UTA,NJD,C,points,0.5,-165,125,0.5835,0.837,0.5669,Under,125,-0.0114,-2.6,0.5669,Under,1,1,,2026-10-06T14:55:44.518015-04:00,2026-10-06 14:55,2026-10-06 17:18,2026-10-01,3,loss,-100
2026-10-06,2026020047,UTA @ NJD,8480002,Nico Hischier,NJD,UTA,C,points,0.5,-145,110,0.5541,0.872,0.582,Over,-145,-0.0098,-1.7,0.582,Over,2,1,,2026-10-06T14:55:44.518015-04:00,2026-10-06 14:55,2026-10-06 17:18,2026-10-01,0,loss,-100
2026-10-06,2026020047,UTA @ NJD,8478414,Timo Meier,NJD,UTA,R,points,0.5,-110,-120,0.4899,0.654,0.4798,Under,-120,-0.0253,-4.6,0.4798,Under,2,2,,2026-10-06T14:55:44.518015-04:00,2026-10-06 14:55,2026-10-06 17:18,2026-10-01,1,loss,-100
2026-10-06,2026020047,UTA @ NJD,8476389,Vincent Trocheck,UTA,NJD,C,points,0.5,110,-145,0.4459,0.676,0.4915,Over,110,0.0153,3.2,0.4915,Over,1,2,,2026-10-06T14:55:44.518015-04:00,2026-10-06 14:55,2026-10-06 17:18,2026-10-01,1,win,110.0
2026-10-06,2026020047,UTA @ NJD,8475314,Anders Lee,UTA,NJD,L,shots,1.5,-155,115,0.5665,2.003,0.5947,Over,-155,-0.0131,-2.2,0.5947,Over,2,2,,2026-10-06T14:55:44.518015-04:00,2026-10-06 14:55,2026-10-06 17:18,2026-10-01,2,win,64.5
2026-10-06,2026020047,UTA @ NJD,8477511,Anthony Mantha,NJD,UTA,R,shots,1.5,-110,-120,0.4899,1.893,0.5641,Over,-110,0.0403,7.7,0.5641,Over,1,2,,2026-10-06T14:55:44.518015-04:00,2026-10-06 14:55,2026-10-06 17:18,2026-10-01,2,win,90.9
2026-10-06,2026020047,UTA @ NJD,8481721,Arseny Gritsyuk,NJD,UTA,R,shots,1.5,-135,100,0.5347,2.051,0.6077,Over,-135,0.0332,5.8,0.6077,Over,3,2,,2026-10-06T14:55:44.518015-04:00,2026-10-06 14:55,2026-10-06 17:18,2026-10-01,2,win,74.1
2026-10-06,2026020047,UTA @ NJD,8479343,Clayton Keller,UTA,NJD,R,shots,2.5,110,-175,0.428,2.539,0.4663,Over,110,-0.0099,-2.1,0.4663,Over,1,1,,2026-10-06T14:55:44.518015-04:00,2026-10-06 14:55,2026-10-06 17:18,2026-10-01,3,win,110.0
2026-10-06,2026020047,UTA @ NJD,8482110,Dawson Mercer,NJD,UTA,C,shots,1.5,100,-135,0.4653,1.469,0.4316,Under,-135,-0.0061,-1.1,0.4316,Under,3,,,2026-10-06T14:55:44.518015-04:00,2026-10-06 14:55,2026-10-06 17:18,2026-10-01,2,loss,-100
2026-10-06,2026020047,UTA @ NJD,8476462,Dougie Hamilton,NJD,UTA,D,shots,2.5,135,-180,0.3983,2.339,0.4142,Over,135,-0.0113,-2.7,0.4142,Over,2,2,,2026-10-06T14:55:44.518015-04:00,2026-10-06 14:55,2026-10-06 17:18,2026-10-01,1,loss,-100
2026-10-06,2026020047,UTA @ NJD,8482699,Dylan Guenther,UTA,NJD,R,shots,2.5,-130,100,0.5306,2.903,0.5547,Over,-130,-0.0106,-1.9,0.5547,Over,2,1,,2026-10-06T14:55:44.518015-04:00,2026-10-06 14:55,2026-10-06 17:18,2026-10-01,5,win,76.9
2026-10-06,2026020047,UTA @ NJD,8478542,Evan Rodrigues,NJD,UTA,C,shots,1.5,-190,125,0.5958,1.96,0.583,Under,125,-0.0275,-6.2,0.583,Under,3,2,,2026-10-06T14:55:44.518015-04:00,2026-10-06 14:55,2026-10-06 17:18,2026-10-01,0,win,125.0
2026-10-06,2026020047,UTA @ NJD,8481559,Jack Hughes,NJD,UTA,C,shots,3.5,110,-145,0.4459,3.911,0.549,Over,110,0.0728,15.3,0.549,Over,1,1,,2026-10-06T14:55:44.518015-04:00,2026-10-06 14:55,2026-10-06 17:18,2026-10-01,5,win,110.0
2026-10-06,2026020047,UTA @ NJD,8479407,Jesper Bratt,NJD,UTA,L,shots,1.5,-165,125,0.5835,2.505,0.7137,Over,-165,0.0911,14.6,0.7137,Over,1,1,,2026-10-06T14:55:44.518015-04:00,2026-10-06 14:55,2026-10-06 17:18,2026-10-01,2,win,60.6
2026-10-06,2026020047,UTA @ NJD,8483431,Logan Cooley,UTA,NJD,C,shots,1.5,-155,115,0.5665,1.898,0.5657,Under,115,-0.0308,-6.6,0.5657,Under,2,1,,2026-10-06T14:55:44.518015-04:00,2026-10-06 14:55,2026-10-06 17:18,2026-10-01,1,win,115.0
2026-10-06,2026020047,UTA @ NJD,8482146,Luke Evangelista,NJD,UTA,R,shots,1.5,-180,135,0.6017,2.403,0.6922,Over,-180,0.0493,7.7,0.6922,Over,2,1,,2026-10-06T14:55:44.518015-04:00,2026-10-06 14:55,2026-10-06 17:18,2026-10-01,2,win,55.6
2026-10-06,2026020047,UTA @ NJD,8482684,Luke Hughes,NJD,UTA,D,shots,1.5,-180,135,0.6017,2.443,0.7009,Over,-180,0.0581,9.0,0.7009,Over,1,1,,2026-10-06T14:55:44.518015-04:00,2026-10-06 14:55,2026-10-06 17:18,2026-10-01,3,win,55.6
2026-10-06,2026020047,UTA @ NJD,8477346,MacKenzie Weegar,UTA,NJD,D,shots,1.5,100,-135,0.4653,1.586,0.4704,Over,100,-0.0296,-5.9,0.4704,Over,1,,,2026-10-06T14:55:44.518015-04:00,2026-10-06 14:55,2026-10-06 17:18,2026-10-01,3,win,100.0
2026-10-06,2026020047,UTA @ NJD,8479410,Mikhail Sergachev,UTA,NJD,D,shots,1.5,-185,125,0.5936,1.844,0.5502,Under,125,0.0053,1.2,0.5502,Under,1,1,,2026-10-06T14:55:44.518015-04:00,2026-10-06 14:55,2026-10-06 17:18,2026-10-01,2,loss,-100
2026-10-06,2026020047,UTA @ NJD,8477951,Nick Schmaltz,UTA,NJD,C,shots,2.5,140,-190,0.3887,2.381,0.4254,Over,140,0.0088,2.1,0.4254,Over,1,1,,2026-10-06T14:55:44.518015-04:00,2026-10-06 14:55,2026-10-06 17:18,2026-10-01,4,win,140.0
2026-10-06,2026020047,UTA @ NJD,8480002,Nico Hischier,NJD,UTA,C,shots,2.5,130,-170,0.4085,2.424,0.4365,Over,130,0.0018,0.4,0.4365,Over,2,1,,2026-10-06T14:55:44.518015-04:00,2026-10-06 14:55,2026-10-06 17:18,2026-10-01,0,loss,-100
2026-10-06,2026020047,UTA @ NJD,8478414,Timo Meier,NJD,UTA,R,shots,2.5,-145,100,0.5421,3.017,0.5806,Over,-145,-0.0112,-1.9,0.5806,Over,2,2,,2026-10-06T14:55:44.518015-04:00,2026-10-06 14:55,2026-10-06 17:18,2026-10-01,8,win,69.0
2026-10-06,2026020048,NYI @ NYR,8479323,Adam Fox,NYR,NYI,D,points,0.5,-170,125,0.5862,0.794,0.548,Under,125,0.0076,1.7,0.548,Under,1,1,,2026-10-06T14:55:44.518015-04:00,2026-10-06 14:55,2026-10-06 17:18,2026-10-01,1,loss,-100
2026-10-06,2026020048,NYI @ NYR,8482109,Alexis Lafrenière,NYR,NYI,L,points,0.5,-135,100,0.5347,0.822,0.5605,Over,-135,-0.014,-2.4,0.5605,Over,1,1,,2026-10-06T14:55:44.518015-04:00,2026-10-06 14:55,2026-10-06 17:18,2026-10-01,4,win,74.1
2026-10-06,2026020048,NYI @ NYR,8477500,Bo Horvat,NYI,NYR,C,points,0.5,-125,-105,0.5203,0.792,0.5472,Over,-125,-0.0083,-1.5,0.5472,Over,1,1,,2026-10-06T14:55:44.518015-04:00,2026-10-06 14:55,2026-10-06 17:18,2026-10-01,1,win,80.0
2026-10-06,2026020048,NYI @ NYR,8475170,Brayden Schenn,NYI,NYR,C,points,0.5,140,-185,0.3909,0.585,0.4427,Over,140,0.026,6.2,0.4427,Over,2,1,,2026-10-06T14:55:44.518015-04:00,2026-10-06 14:55,2026-10-06 17:18,2026-10-01,2,win,140.0
2026-10-06,2026020048,NYI @ NYR,8480009,Eeli Tolvanen,NYR,NYI,R,points,0.5,180,-250,0.3333,0.43,0.3495,Over,180,-0.0077,-2.1,0.3495,Over,3,2,,2026-10-06T14:55:44.518015-04:00,2026-10-06 14:55,2026-10-06 17:18,2026-10-01,0,loss,-100
2026-10-06,2026020048,NYI @ NYR,8484210,Gabe Perreault,NYR,NYI,R,points,0.5,145,-195,0.3818,0.613,0.4582,Over,145,0.0501,12.3,0.4582,Over,1,2,,2026-10-06T14:55:44.518015-04:00,2026-10-06 14:55,2026-10-06 17:18,2026-10-01,1,win,145.0
2026-10-06,2026020048,NYI @ NYR,8476468,J.T. Miller,NYR,NYI,C,points,0.5,-175,130,0.5941,0.771,0.5374,Under,130,0.0278,6.4,0.5374,Under,2,1,,2026-10-06T14:55:44.518015-04:00,2026-10-06 14:55,2026-10-06 17:18,2026-10-01,1,loss,-100
2026-10-06,2026020048,NYI @ NYR,8475151,Kyle Palmieri,NYI,NYR,C,points,0.5,125,-165,0.4165,0.632,0.4685,Over,125,0.0241,5.4,0.4685,Over,1,1,,2026-10-06T14:55:44.518015-04:00,2026-10-06 14:55,2026-10-06 17:18,2026-10-01,0,loss,-100
2026-10-06,2026020048,NYI @ NYR,8481711,Matias Maccelli,NYI,NYR,L,points,0.5,165,-220,0.3544,0.478,0.3803,Over,165,0.0029,0.8,0.3803,Over,4,1,,2026-10-06T14:55:44.518015-04:00,2026-10-06 14:55,2026-10-06 17:18,2026-10-01,1,win,165.0
2026-10-06,2026020048,NYI @ NYR,8485366,Matthew Schaefer,NYI,NYR,D,points,0.5,-135,-120,0.513,0.666,0.4861,Under,-120,-0.0315,-5.8,0.4861,Under,1,1,,2026-10-06T14:55:44.518015-04:00,2026-10-06 14:55,2026-10-06 17:18,2026-10-01,0,win,83.3
2026-10-06,2026020048,NYI @ NYR,8476459,Mika Zibanejad,NYR,NYI,C,points,0.5,-200,150,0.625,0.97,0.621,Under,150,-0.021,-5.2,0.621,Under,1,1,,2026-10-06T14:55:44.518015-04:00,2026-10-06 14:55,2026-10-06 17:18,2026-10-01,2,loss,-100
2026-10-06,2026020048,NYI @ NYR,8481604,Pavel Dorofeyev,NYR,NYI,R,points,0.5,-125,-105,0.5203,0.734,0.5199,Under,-105,-0.0321,-6.3,0.5199,Under,2,1,,2026-10-06T14:55:44.518015-04:00,2026-10-06 14:55,2026-10-06 17:18,2026-10-01,0,win,95.2
2026-10-06,2026020048,NYI @ NYR,8477950,Tony DeAngelo,NYI,NYR,D,points,0.5,210,-300,0.3008,0.364,0.305,Over,210,-0.0175,-5.4,0.305,Over,3,2,,2026-10-06T14:55:44.518015-04:00,2026-10-06 14:55,2026-10-06 17:18,2026-10-01,0,loss,-100
2026-10-06,2026020048,NYI @ NYR,8478882,Vladislav Gavrikov,NYR,NYI,D,points,0.5,195,-275,0.3161,0.388,0.3216,Over,195,-0.0174,-5.1,0.3216,Over,1,,,2026-10-06T14:55:44.518015-04:00,2026-10-06 14:55,2026-10-06 17:18,2026-10-01,2,win,195.0
2026-10-06,2026020048,NYI @ NYR,8482157,Will Cuylle,NYR,NYI,L,points,0.5,190,-260,0.3232,0.465,0.3717,Over,190,0.0269,7.8,0.3717,Over,3,2,,2026-10-06T14:55:44.518015-04:00,2026-10-06 14:55,2026-10-06 17:18,2026-10-01,1,win,190.0
2026-10-06,2026020048,NYI @ NYR,8479323,Adam Fox,NYR,NYI,D,shots,1.5,-150,-115,0.5287,1.815,0.5417,Over,-150,-0.0583,-9.7,0.5417,Over,1,1,,2026-10-06T14:55:44.518015-04:00,2026-10-06 14:55,2026-10-06 17:18,2026-10-01,0,loss,-100
2026-10-06,2026020048,NYI @ NYR,8482109,Alexis Lafrenière,NYR,NYI,L,shots,2.5,130,-175,0.4059,2.478,0.4504,Over,130,0.0156,3.6,0.4504,Over,1,1,,2026-10-06T14:55:44.518015-04:00,2026-10-06 14:55,2026-10-06 17:18,2026-10-01,3,win,130.0
2026-10-06,2026020048,NYI @ NYR,8477500,Bo Horvat,NYI,NYR,C,shots,2.5,-165,125,0.5835,3.034,0.5845,Over,-165,-0.0382,-6.1,0.5845,Over,1,1,,2026-10-06T14:55:44.518015-04:00,2026-10-06 14:55,2026-10-06 17:18,2026-10-01,2,loss,-100
2026-10-06,2026020048,NYI @ NYR,8475170,Brayden Schenn,NYI,NYR,C,shots,1.5,-110,-170,0.4541,1.827,0.5452,Over,-110,0.0214,4.1,0.5452,Over,2,1,,2026-10-06T14:55:44.518015-04:00,2026-10-06 14:55,2026-10-06 17:18,2026-10-01,2,win,90.9
2026-10-06,2026020048,NYI @ NYR,8480009,Eeli Tolvanen,NYR,NYI,R,shots,1.5,-110,-120,0.4899,1.584,0.4698,Under,-120,-0.0152,-2.8,0.4698,Under,3,2,,2026-10-06T14:55:44.518015-04:00,2026-10-06 14:55,2026-10-06 17:18,2026-10-01,0,win,83.3
2026-10-06,2026020048,NYI @ NYR,8484210,Gabe Perreault,NYR,NYI,R,shots,1.5,-105,-125,0.4797,1.615,0.4799,Over,-105,-0.0323,-6.3,0.4799,Over,1,2,,2026-10-06T14:55:44.518015-04:00,2026-10-06 14:55,2026-10-06 17:18,2026-10-01,1,loss,-100
2026-10-06,2026020048,NYI @ NYR,8476468,J.T. Miller,NYR,NYI,C,shots,1.5,-170,130,0.5915,1.98,0.5886,Under,130,-0.0233,-5.4,0.5886,Under,2,1,,2026-10-06T14:55:44.518015-04:00,2026-10-06 14:55,2026-10-06 17:18,2026-10-01,3,loss,-100
2026-10-06,2026020048,NYI @ NYR,8475151,Kyle Palmieri,NYI,NYR,C,shots,2.5,-115,-165,0.4621,2.449,0.443,Under,-165,-0.0656,-10.5,0.443,Under,1,1,,2026-10-06T14:55:44.518015-04:00,2026-10-06 14:55,2026-10-06 17:18,2026-10-01,2,win,60.6
2026-10-06,2026020048,NYI @ NYR,8485366,Matthew Schaefer,NYI,NYR,D,shots,2.5,110,-145,0.4459,2.587,0.4783,Over,110,0.0021,0.4,0.4783,Over,1,1,,2026-10-06T14:55:44.518015-04:00,2026-10-06 14:55,2026-10-06 17:18,2026-10-01,2,loss,-100
2026-10-06,2026020048,NYI @ NYR,8476459,Mika Zibanejad,NYR,NYI,C,shots,2.5,-120,-135,0.487,2.628,0.4885,Over,-120,-0.057,-10.4,0.4885,Over,1,1,,2026-10-06T14:55:44.518015-04:00,2026-10-06 14:55,2026-10-06 17:18,2026-10-01,3,win,83.3
2026-10-06,2026020048,NYI @ NYR,8481604,Pavel Dorofeyev,NYR,NYI,R,shots,2.5,-165,120,0.578,2.85,0.5424,Under,120,0.0031,0.7,0.5424,Under,2,1,,2026-10-06T14:55:44.518015-04:00,2026-10-06 14:55,2026-10-06 17:18,2026-10-01,0,win,120.0
2026-10-06,2026020048,NYI @ NYR,8482157,Will Cuylle,NYR,NYI,L,shots,1.5,-105,-130,0.4754,1.728,0.5153,Over,-105,0.0031,0.6,0.5153,Over,3,2,,2026-10-06T14:55:44.518015-04:00,2026-10-06 14:55,2026-10-06 17:18,2026-10-01,4,win,95.2
2026-10-06,2026020049,MIN @ BUF,8476399,Blake Coleman,MIN,BUF,L,points,0.5,130,-175,0.4059,0.589,0.4452,Over,130,0.0104,2.4,0.4452,Over,1,2,,2026-10-06T14:55:44.518015-04:00,2026-10-06 14:55,2026-10-06 17:18,2026-10-01,1,win,130.0
2026-10-06,2026020049,MIN @ BUF,8482097,Jack Quinn,BUF,MIN,R,points,0.5,-110,-120,0.4899,0.737,0.5212,Over,-110,-0.0026,-0.5,0.5212,Over,2,1,,2026-10-06T14:55:44.518015-04:00,2026-10-06 14:55,2026-10-06 17:18,2026-10-01,0,loss,-100
2026-10-06,2026020049,MIN @ BUF,8478493,Joel Eriksson Ek,MIN,BUF,C,points,0.5,-130,100,0.5306,0.757,0.5309,Over,-130,-0.0343,-6.1,0.5309,Over,1,1,,2026-10-06T14:55:44.518015-04:00,2026-10-06 14:55,2026-10-06 17:18,2026-10-01,0,loss,-100
2026-10-06,2026020049,MIN @ BUF,8482659,Josh Doan,BUF,MIN,R,points,0.5,120,-160,0.4248,0.612,0.4575,Over,120,0.0029,0.6,0.4575,Over,1,2,,2026-10-06T14:55:44.518015-04:00,2026-10-06 14:55,2026-10-06 17:18,2026-10-01,0,loss,-100
2026-10-06,2026020049,MIN @ BUF,8480064,Josh Norris,BUF,MIN,C,points,0.5,115,-155,0.4335,0.642,0.4739,Over,115,0.0088,1.9,0.4739,Over,1,2,,2026-10-06T14:55:44.518015-04:00,2026-10-06 14:55,2026-10-06 17:18,2026-10-01,0,loss,-100
2026-10-06,2026020049,MIN @ BUF,8478864,Kirill Kaprizov,MIN,BUF,L,points,1.5,180,-250,0.3333,0.968,0.2523,Under,-250,0.0334,4.7,0.2523,Under,2,1,,2026-10-06T14:55:44.518015-04:00,2026-10-06 14:55,2026-10-06 17:18,2026-10-01,0,win,40.0
2026-10-06,2026020049,MIN @ BUF,8481557,Matt Boldy,MIN,BUF,L,points,0.5,-250,180,0.6667,0.929,0.6051,Under,180,0.0378,10.6,0.6051,Under,1,1,,2026-10-06T14:55:44.518015-04:00,2026-10-06 14:55,2026-10-06 17:18,2026-10-01,0,win,180.0
2026-10-06,2026020049,MIN @ BUF,8485702,Maxim Shabanov,MIN,BUF,R,points,0.5,125,-165,0.4165,0.554,0.4255,Over,125,-0.0189,-4.3,0.4255,Over,2,1,,2026-10-06T14:55:44.518015-04:00,2026-10-06 14:55,2026-10-06 17:18,2026-10-01,1,win,125.0
2026-10-06,2026020049,MIN @ BUF,8483500,Noah Ostlund,BUF,MIN,C,points,0.5,125,-170,0.4138,0.622,0.4629,Over,125,0.0184,4.1,0.4629,Over,2,1,,2026-10-06T14:55:44.518015-04:00,2026-10-06 14:55,2026-10-06 17:18,2026-10-01,1,win,125.0
2026-10-06,2026020049,MIN @ BUF,8480800,Quinn Hughes,MIN,BUF,D,points,0.5,-220,160,0.6413,0.884,0.5868,Under,160,0.0286,7.4,0.5868,Under,1,1,,2026-10-06T14:55:44.518015-04:00,2026-10-06 14:55,2026-10-06 17:18,2026-10-01,1,loss,-100
2026-10-06,2026020049,MIN @ BUF,8480839,Rasmus Dahlin,BUF,MIN,D,points,0.5,-175,130,0.5941,0.818,0.5588,Under,130,0.0064,1.5,0.5588,Under,1,1,,2026-10-06T14:55:44.518015-04:00,2026-10-06 14:55,2026-10-06 17:18,2026-10-01,1,loss,-100
2026-10-06,2026020049,MIN @ BUF,8477451,Ryan Hartman,MIN,BUF,R,points,0.5,150,-200,0.375,0.467,0.3729,Under,-200,-0.0396,-5.9,0.3729,Under,3,2,,2026-10-06T14:55:44.518015-04:00,2026-10-06 14:55,2026-10-06 17:18,2026-10-01,0,win,50.0
2026-10-06,2026020049,MIN @ BUF,8480802,Ryan McLeod,BUF,MIN,C,points,0.5,145,-195,0.3818,0.565,0.4314,Over,145,0.0232,5.7,0.4314,Over,3,2,,2026-10-06T14:55:44.518015-04:00,2026-10-06 14:55,2026-10-06 17:18,2026-10-01,0,loss,-100
2026-10-06,2026020049,MIN @ BUF,8479420,Tage Thompson,BUF,MIN,C,points,0.5,-195,145,0.6182,0.927,0.6044,Under,145,-0.0126,-3.1,0.6044,Under,1,1,,2026-10-06T14:55:44.518015-04:00,2026-10-06 14:55,2026-10-06 17:18,2026-10-01,2,loss,-100
2026-10-06,2026020049,MIN @ BUF,8484145,Zach Benson,BUF,MIN,L,points,0.5,-105,-130,0.4754,0.712,0.5091,Over,-105,-0.0031,-0.6,0.5091,Over,2,1,,2026-10-06T14:55:44.518015-04:00,2026-10-06 14:55,2026-10-06 17:18,2026-10-01,0,loss,-100
2026-10-06,2026020049,MIN @ BUF,8476399,Blake Coleman,MIN,BUF,L,shots,2.5,125,-185,0.4064,2.341,0.4148,Over,125,-0.0297,-6.7,0.4148,Over,1,2,,2026-10-06T14:55:44.518015-04:00,2026-10-06 14:55,2026-10-06 17:18,2026-10-01,1,loss,-100
2026-10-06,2026020049,MIN @ BUF,8482097,Jack Quinn,BUF,MIN,R,shots,2.5,-110,-120,0.4899,2.948,0.5651,Over,-110,0.0413,7.9,0.5651,Over,2,1,,2026-10-06T14:55:44.518015-04:00,2026-10-06 14:55,2026-10-06 17:18,2026-10-01,2,loss,-100
2026-10-06,2026020049,MIN @ BUF,8478493,Joel Eriksson Ek,MIN,BUF,C,shots,2.5,-115,-115,0.5,2.619,0.4862,Under,-115,-0.0211,-3.9,0.4862,Under,1,1,,2026-10-06T14:55:44.518015-04:00,2026-10-06 14:55,2026-10-06 17:18,2026-10-01,0,win,87.0
2026-10-06,2026020049,MIN @ BUF,8482659,Josh Doan,BUF,MIN,R,shots,1.5,-155,105,0.5548,2.204,0.6464,Over,-155,0.0385,6.3,0.6464,Over,1,2,,2026-10-06T14:55:44.518015-04:00,2026-10-06 14:55,2026-10-06 17:18,2026-10-01,0,loss,-100
2026-10-06,2026020049,MIN @ BUF,8480064,Josh Norris,BUF,MIN,C,shots,1.5,-110,-120,0.4899,1.673,0.4982,Over,-110,-0.0256,-4.9,0.4982,Over,1,2,,2026-10-06T14:55:44.518015-04:00,2026-10-06 14:55,2026-10-06 17:18,2026-10-01,0,loss,-100
2026-10-06,2026020049,MIN @ BUF,8478864,Kirill Kaprizov,MIN,BUF,L,shots,3.5,105,-145,0.4518,2.928,0.3367,Under,-145,0.0715,12.1,0.3367,Under,2,1,,2026-10-06T14:55:44.518015-04:00,2026-10-06 14:55,2026-10-06 17:18,2026-10-01,3,win,69.0
2026-10-06,2026020049,MIN @ BUF,8481557,Matt Boldy,MIN,BUF,L,shots,3.5,120,-155,0.4279,3.118,0.3792,Under,-155,0.0129,2.1,0.3792,Under,1,1,,2026-10-06T14:55:44.518015-04:00,2026-10-06 14:55,2026-10-06 17:18,2026-10-01,7,loss,-100
2026-10-06,2026020049,MIN @ BUF,8485702,Maxim Shabanov,MIN,BUF,R,shots,1.5,100,-130,0.4694,1.749,0.5218,Over,100,0.0218,4.4,0.5218,Over,2,1,,2026-10-06T14:55:44.518015-04:00,2026-10-06 14:55,2026-10-06 17:18,2026-10-01,2,win,100.0
2026-10-06,2026020049,MIN @ BUF,8480800,Quinn Hughes,MIN,BUF,D,shots,2.5,-105,-130,0.4754,2.448,0.4429,Under,-130,-0.0081,-1.4,0.4429,Under,1,1,,2026-10-06T14:55:44.518015-04:00,2026-10-06 14:55,2026-10-06 17:18,2026-10-01,1,win,76.9
2026-10-06,2026020049,MIN @ BUF,8480839,Rasmus Dahlin,BUF,MIN,D,shots,2.5,-110,-120,0.4899,2.545,0.4677,Under,-120,-0.0132,-2.4,0.4677,Under,1,1,,2026-10-06T14:55:44.518015-04:00,2026-10-06 14:55,2026-10-06 17:18,2026-10-01,3,loss,-100
2026-10-06,2026020049,MIN @ BUF,8477451,Ryan Hartman,MIN,BUF,R,shots,1.5,-145,-120,0.5204,1.755,0.5238,Over,-145,-0.0681,-11.5,0.5238,Over,3,2,,2026-10-06T14:55:44.518015-04:00,2026-10-06 14:55,2026-10-06 17:18,2026-10-01,0,loss,-100
2026-10-06,2026020049,MIN @ BUF,8480802,Ryan McLeod,BUF,MIN,C,shots,0.5,-180,135,0.6017,1.225,0.7062,Over,-180,0.0633,9.9,0.7062,Over,3,2,,2026-10-06T14:55:44.518015-04:00,2026-10-06 14:55,2026-10-06 17:18,2026-10-01,1,win,55.6
2026-10-06,2026020049,MIN @ BUF,8479420,Tage Thompson,BUF,MIN,C,shots,3.5,110,-145,0.4459,3.49,0.4613,Over,110,-0.0149,-3.1,0.4613,Over,1,1,,2026-10-06T14:55:44.518015-04:00,2026-10-06 14:55,2026-10-06 17:18,2026-10-01,9,win,110.0
2026-10-06,2026020049,MIN @ BUF,8478508,Yakov Trenin,MIN,BUF,C,shots,1.5,115,-150,0.4367,1.337,0.3864,Under,-150,0.0136,2.3,0.3864,Under,3,,,2026-10-06T14:55:44.518015-04:00,2026-10-06 14:55,2026-10-06 17:18,2026-10-01,0,win,66.7
2026-10-06,2026020049,MIN @ BUF,8484145,Zach Benson,BUF,MIN,L,shots,1.5,-155,115,0.5665,2.214,0.6489,Over,-155,0.0411,6.8,0.6489,Over,2,1,,2026-10-06T14:55:44.518015-04:00,2026-10-06 14:55,2026-10-06 17:18,2026-10-01,2,win,64.5
2026-10-06,2026020050,STL @ CHI,8485391,Anton Frondell,CHI,STL,C,points,0.5,110,-150,0.4425,0.64,0.473,Over,110,-0.0032,-0.7,0.473,Over,2,2,,2026-10-06T14:55:44.518015-04:00,2026-10-06 14:55,2026-10-06 17:18,2026-10-01,2,win,110.0
2026-10-06,2026020050,STL @ CHI,8481524,Bowen Byram,CHI,STL,D,points,0.5,115,-155,0.4335,0.571,0.435,Over,115,-0.0301,-6.5,0.435,Over,1,1,,2026-10-06T14:55:44.518015-04:00,2026-10-06 14:55,2026-10-06 17:18,2026-10-01,0,loss,-100
2026-10-06,2026020050,STL @ CHI,8475764,Cam Fowler,STL,CHI,D,points,0.5,120,-160,0.4248,0.503,0.395,Under,-160,-0.0104,-1.7,0.395,Under,2,1,,2026-10-06T14:55:44.518015-04:00,2026-10-06 14:55,2026-10-06 17:18,2026-10-01,0,win,62.5
2026-10-06,2026020050,STL @ CHI,8482077,Dylan Holloway,STL,CHI,L,points,0.5,-195,110,0.5813,0.911,0.5978,Over,-195,-0.0633,-9.6,0.5978,Over,1,1,,2026-10-06T14:55:44.518015-04:00,2026-10-06 14:55,2026-10-06 17:18,2026-10-01,0,loss,-100
2026-10-06,2026020050,STL @ CHI,8483493,Frank Nazar,CHI,STL,C,points,0.5,-120,-110,0.5101,0.697,0.5021,Under,-110,-0.0259,-5.0,0.5021,Under,1,1,,2026-10-06T14:55:44.518015-04:00,2026-10-06 14:55,2026-10-06 17:18,2026-10-01,2,loss,-100
2026-10-06,2026020050,STL @ CHI,8483516,Jimmy Snuggerud,STL,CHI,R,points,0.5,-155,115,0.5665,0.847,0.5714,Over,-155,-0.0364,-6.0,0.5714,Over,1,1,,2026-10-06T14:55:44.518015-04:00,2026-10-06 14:55,2026-10-06 17:18,2026-10-01,0,loss,-100
2026-10-06,2026020050,STL @ CHI,8482745,Mason McTavish,STL,CHI,C,points,0.5,-125,-110,0.5147,0.632,0.4686,Under,-110,0.0076,1.5,0.4686,Under,2,1,,2026-10-06T14:55:44.518015-04:00,2026-10-06 14:55,2026-10-06 17:18,2026-10-01,1,loss,-100
2026-10-06,2026020050,STL @ CHI,8474141,Patrick Kane,CHI,STL,R,points,0.5,-170,125,0.5862,0.865,0.5791,Under,125,-0.0236,-5.3,0.5791,Under,1,1,,2026-10-06T14:55:44.518015-04:00,2026-10-06 14:55,2026-10-06 17:18,2026-10-01,0,win,125.0
2026-10-06,2026020050,STL @ CHI,8477402,Pavel Buchnevich,STL,CHI,L,points,0.5,120,-160,0.4248,0.589,0.4453,Over,120,-0.0093,-2.0,0.4453,Over,2,2,,2026-10-06T14:55:44.518015-04:00,2026-10-06 14:55,2026-10-06 17:18,2026-10-01,1,win,120.0
2026-10-06,2026020050,STL @ CHI,8480023,Robert Thomas,STL,CHI,C,points,0.5,-200,150,0.625,1.027,0.6418,Over,-200,-0.0248,-3.7,0.6418,Over,1,1,,2026-10-06T14:55:44.518015-04:00,2026-10-06 14:55,2026-10-06 17:18,2026-10-01,0,loss,-100
2026-10-06,2026020050,STL @ CHI,8484390,Roman Kantserov,CHI,STL,R,points,0.5,-105,-130,0.4754,0.821,0.5601,Over,-105,0.0479,9.4,0.5601,Over,1,1,,2026-10-06T14:55:44.518015-04:00,2026-10-06 14:55,2026-10-06 17:18,2026-10-01,0,loss,-100
2026-10-06,2026020050,STL @ CHI,8477479,Tyler Bertuzzi,CHI,STL,L,points,0.5,-105,-130,0.4754,0.694,0.5002,Over,-105,-0.012,-2.3,0.5002,Over,2,1,,2026-10-06T14:55:44.518015-04:00,2026-10-06 14:55,2026-10-06 17:18,2026-10-01,1,win,95.2
2026-10-06,2026020050,STL @ CHI,8485391,Anton Frondell,CHI,STL,C,shots,1.5,-175,130,0.5941,2.065,0.6113,Over,-175,-0.0251,-3.9,0.6113,Over,2,2,,2026-10-06T14:55:44.518015-04:00,2026-10-06 14:55,2026-10-06 17:18,2026-10-01,1,loss,-100
2026-10-06,2026020050,STL @ CHI,8481524,Bowen Byram,CHI,STL,D,shots,1.5,100,-130,0.4694,1.389,0.4045,Under,-130,0.0302,5.4,0.4045,Under,1,1,,2026-10-06T14:55:44.518015-04:00,2026-10-06 14:55,2026-10-06 17:18,2026-10-01,2,loss,-100
2026-10-06,2026020050,STL @ CHI,8475764,Cam Fowler,STL,CHI,D,shots,1.5,100,-170,0.4426,1.339,0.387,Under,-170,-0.0166,-2.6,0.387,Under,2,1,,2026-10-06T14:55:44.518015-04:00,2026-10-06 14:55,2026-10-06 17:18,2026-10-01,2,loss,-100
2026-10-06,2026020050,STL @ CHI,8481580,Connor McMichael,STL,CHI,L,shots,1.5,-130,-155,0.4818,1.714,0.511,Over,-130,-0.0542,-9.6,0.511,Over,2,2,,2026-10-06T14:55:44.518015-04:00,2026-10-06 14:55,2026-10-06 17:18,2026-10-01,5,win,76.9
2026-10-06,2026020050,STL @ CHI,8482077,Dylan Holloway,STL,CHI,L,shots,2.5,-120,-110,0.5101,2.899,0.5539,Over,-120,0.0084,1.5,0.5539,Over,1,1,,2026-10-06T14:55:44.518015-04:00,2026-10-06 14:55,2026-10-06 17:18,2026-10-01,1,loss,-100
2026-10-06,2026020050,STL @ CHI,8483493,Frank Nazar,CHI,STL,C,shots,1.5,-185,110,0.5768,2.159,0.6353,Over,-185,-0.0138,-2.1,0.6353,Over,1,1,,2026-10-06T14:55:44.518015-04:00,2026-10-06 14:55,2026-10-06 17:18,2026-10-01,3,win,54.1
2026-10-06,2026020050,STL @ CHI,8483516,Jimmy Snuggerud,STL,CHI,R,shots,2.5,-155,-145,0.5067,2.849,0.5421,Over,-155,-0.0657,-10.8,0.5421,Over,1,1,,2026-10-06T14:55:44.518015-04:00,2026-10-06 14:55,2026-10-06 17:18,2026-10-01,3,win,64.5
2026-10-06,2026020050,STL @ CHI,8482745,Mason McTavish,STL,CHI,C,shots,1.5,-210,130,0.6091,2.426,0.6972,Over,-210,0.0198,2.9,0.6972,Over,2,1,,2026-10-06T14:55:44.518015-04:00,2026-10-06 14:55,2026-10-06 17:18,2026-10-01,2,win,47.6
2026-10-06,2026020050,STL @ CHI,8474141,Patrick Kane,CHI,STL,R,shots,2.5,-105,-130,0.4754,2.517,0.4604,Under,-130,-0.0257,-4.5,0.4604,Under,1,1,,2026-10-06T14:55:44.518015-04:00,2026-10-06 14:55,2026-10-06 17:18,2026-10-01,2,win,76.9
2026-10-06,2026020050,STL @ CHI,8477402,Pavel Buchnevich,STL,CHI,L,shots,1.5,100,-130,0.4694,1.652,0.4917,Over,100,-0.0083,-1.7,0.4917,Over,2,2,,2026-10-06T14:55:44.518015-04:00,2026-10-06 14:55,2026-10-06 17:18,2026-10-01,2,win,100.0
2026-10-06,2026020050,STL @ CHI,8480023,Robert Thomas,STL,CHI,C,shots,1.5,-120,-110,0.5101,2.044,0.6058,Over,-120,0.0603,11.1,0.6058,Over,1,1,,2026-10-06T14:55:44.518015-04:00,2026-10-06 14:55,2026-10-06 17:18,2026-10-01,3,win,83.3
2026-10-06,2026020050,STL @ CHI,8484390,Roman Kantserov,CHI,STL,R,shots,2.5,115,-180,0.4198,2.275,0.3972,Under,-180,-0.0401,-6.2,0.3972,Under,1,1,,2026-10-06T14:55:44.518015-04:00,2026-10-06 14:55,2026-10-06 17:18,2026-10-01,2,win,55.6
2026-10-06,2026020050,STL @ CHI,8477479,Tyler Bertuzzi,CHI,STL,L,shots,1.5,-160,120,0.5752,1.863,0.5557,Under,120,-0.0102,-2.3,0.5557,Under,2,1,,2026-10-06T14:55:44.518015-04:00,2026-10-06 14:55,2026-10-06 17:18,2026-10-01,0,win,120.0
2026-10-06,2026020051,VGK @ SEA,8482259,Bobby McMann,SEA,VGK,C,points,0.5,115,-155,0.4335,0.603,0.4529,Over,115,-0.0122,-2.6,0.4529,Over,2,2,,2026-10-06T14:55:44.518015-04:00,2026-10-06 14:55,2026-10-06 20:28,2026-10-01,0,loss,-100
2026-10-06,2026020051,VGK @ SEA,8477986,Brandon Montour,SEA,VGK,D,points,0.5,135,-180,0.3983,0.523,0.4075,Over,135,-0.018,-4.2,0.4075,Over,2,1,,2026-10-06T14:55:44.518015-04:00,2026-10-06 14:55,2026-10-06 20:28,2026-10-01,0,loss,-100
2026-10-06,2026020051,VGK @ SEA,8476905,Chandler Stephenson,SEA,VGK,C,points,0.5,110,-145,0.4459,0.586,0.4433,Under,-145,-0.0351,-5.9,0.4433,Under,2,2,,2026-10-06T14:55:44.518015-04:00,2026-10-06 14:55,2026-10-06 20:28,2026-10-01,0,win,69.0
2026-10-06,2026020051,VGK @ SEA,8477964,Ivan Barbashev,VGK,SEA,L,points,0.5,145,-195,0.3818,0.666,0.4861,Over,145,0.078,19.1,0.4861,Over,1,,,2026-10-06T14:55:44.518015-04:00,2026-10-06 14:55,2026-10-06 20:28,2026-10-01,1,win,145.0
2026-10-06,2026020051,VGK @ SEA,8478403,Jack Eichel,VGK,SEA,C,points,1.5,160,-220,0.3587,1.148,0.3184,Under,-220,-0.0059,-0.9,0.3184,Under,1,1,,2026-10-06T14:55:44.518015-04:00,2026-10-06 14:55,2026-10-06 20:28,2026-10-01,4,loss,-100
2026-10-06,2026020051,VGK @ SEA,8477955,Jared McCann,SEA,VGK,L,points,0.5,-120,-110,0.5101,0.671,0.489,Under,-110,-0.0128,-2.4,0.489,Under,1,2,,2026-10-06T14:55:44.518015-04:00,2026-10-06 14:55,2026-10-06 20:28,2026-10-01,1,loss,-100
2026-10-06,2026020051,VGK @ SEA,8474586,Jordan Eberle,SEA,VGK,R,points,0.5,105,-140,0.4554,0.598,0.4503,Under,-140,-0.0336,-5.8,0.4503,Under,2,2,,2026-10-06T14:55:44.518015-04:00,2026-10-06 14:55,2026-10-06 20:28,2026-10-01,1,loss,-100
2026-10-06,2026020051,VGK @ SEA,8475913,Mark Stone,VGK,SEA,R,points,0.5,-190,140,0.6113,1.051,0.6505,Over,-190,-0.0047,-0.7,0.6505,Over,1,1,,2026-10-06T14:55:44.518015-04:00,2026-10-06 14:55,2026-10-06 20:28,2026-10-01,2,win,52.6
2026-10-06,2026020051,VGK @ SEA,8482665,Matty Beniers,SEA,VGK,C,points,0.5,115,-150,0.4367,0.646,0.4757,Over,115,0.0105,2.3,0.4757,Over,1,1,,2026-10-06T14:55:44.518015-04:00,2026-10-06 14:55,2026-10-06 20:28,2026-10-01,0,loss,-100
2026-10-06,2026020051,VGK @ SEA,8478483,Mitch Marner,VGK,SEA,R,points,0.5,-210,160,0.6379,1.013,0.6367,Under,160,-0.0213,-5.5,0.6367,Under,2,1,,2026-10-06T14:55:44.518015-04:00,2026-10-06 14:55,2026-10-06 20:28,2026-10-01,0,win,160.0
2026-10-06,2026020051,VGK @ SEA,8478397,Rasmus Andersson,VGK,SEA,D,points,0.5,135,-185,0.396,0.433,0.3512,Under,-185,-0.0003,-0.0,0.3512,Under,2,2,,2026-10-06T14:55:44.518015-04:00,2026-10-06 14:55,2026-10-06 20:28,2026-10-01,1,loss,-100
2026-10-06,2026020051,VGK @ SEA,8477447,Shea Theodore,VGK,SEA,D,points,0.5,-115,-115,0.5,0.695,0.5011,Over,-115,-0.0338,-6.3,0.5011,Over,1,1,,2026-10-06T14:55:44.518015-04:00,2026-10-06 14:55,2026-10-06 20:28,2026-10-01,0,loss,-100
2026-10-06,2026020051,VGK @ SEA,8476881,Tomas Hertl,VGK,SEA,C,points,0.5,-130,100,0.5306,0.69,0.4982,Under,100,0.0018,0.4,0.4982,Under,3,1,,2026-10-06T14:55:44.518015-04:00,2026-10-06 14:55,2026-10-06 20:28,2026-10-01,4,loss,-100
2026-10-06,2026020051,VGK @ SEA,8484803,Trevor Connelly,VGK,SEA,L,points,0.5,195,-275,0.3161,0.398,0.3285,Over,195,-0.0104,-3.1,0.3285,Over,3,2,,2026-10-06T14:55:44.518015-04:00,2026-10-06 14:55,2026-10-06 20:28,2026-10-01,1,win,195.0
2026-10-06,2026020051,VGK @ SEA,8478407,Vince Dunn,SEA,VGK,D,points,0.5,105,-140,0.4554,0.468,0.3736,Under,-140,0.043,7.4,0.3736,Under,1,2,,2026-10-06T14:55:44.518015-04:00,2026-10-06 14:55,2026-10-06 20:28,2026-10-01,0,win,71.4
2026-10-06,2026020051,VGK @ SEA,8476448,William Karlsson,VGK,SEA,C,points,0.5,145,-195,0.3818,0.6,0.4512,Over,145,0.043,10.5,0.4512,Over,2,2,,2026-10-06T14:55:44.518015-04:00,2026-10-06 14:55,2026-10-06 20:28,2026-10-01,0,loss,-100
2026-10-06,2026020051,VGK @ SEA,8484800,Berkly Catton,SEA,VGK,C,shots,1.5,-110,-120,0.4899,1.585,0.4701,Under,-120,-0.0156,-2.9,0.4701,Under,3,1,,2026-10-06T14:55:44.518015-04:00,2026-10-06 14:55,2026-10-06 20:28,2026-10-01,3,loss,-100
2026-10-06,2026020051,VGK @ SEA,8482259,Bobby McMann,SEA,VGK,C,shots,2.5,-130,-165,0.4758,2.179,0.3717,Under,-165,0.0056,0.9,0.3717,Under,2,2,,2026-10-06T14:55:44.518015-04:00,2026-10-06 14:55,2026-10-06 20:28,2026-10-01,3,loss,-100
2026-10-06,2026020051,VGK @ SEA,8477986,Brandon Montour,SEA,VGK,D,shots,2.5,135,-180,0.3983,2.341,0.4149,Over,135,-0.0107,-2.5,0.4149,Over,2,1,,2026-10-06T14:55:44.518015-04:00,2026-10-06 14:55,2026-10-06 20:28,2026-10-01,0,loss,-100
2026-10-06,2026020051,VGK @ SEA,8477964,Ivan Barbashev,VGK,SEA,L,shots,1.5,-120,-110,0.5101,1.517,0.4477,Under,-110,0.0285,5.4,0.4477,Under,1,,,2026-10-06T14:55:44.518015-04:00,2026-10-06 14:55,2026-10-06 20:28,2026-10-01,2,loss,-100
2026-10-06,2026020051,VGK @ SEA,8478403,Jack Eichel,VGK,SEA,C,shots,3.5,130,-210,0.3909,3.214,0.4006,Over,130,-0.0342,-7.9,0.4006,Over,1,1,,2026-10-06T14:55:44.518015-04:00,2026-10-06 14:55,2026-10-06 20:28,2026-10-01,2,loss,-100
2026-10-06,2026020051,VGK @ SEA,8477955,Jared McCann,SEA,VGK,L,shots,1.5,-140,105,0.5446,1.956,0.5818,Over,-140,-0.0015,-0.3,0.5818,Over,1,2,,2026-10-06T14:55:44.518015-04:00,2026-10-06 14:55,2026-10-06 20:28,2026-10-01,7,win,71.4
2026-10-06,2026020051,VGK @ SEA,8474586,Jordan Eberle,SEA,VGK,R,shots,1.5,-105,-125,0.4797,1.587,0.4709,Under,-125,-0.0264,-4.8,0.4709,Under,2,2,,2026-10-06T14:55:44.518015-04:00,2026-10-06 14:55,2026-10-06 20:28,2026-10-01,0,win,80.0
2026-10-06,2026020051,VGK @ SEA,8482713,Mackie Samoskevich,SEA,VGK,R,shots,1.5,-135,100,0.5347,1.76,0.5251,Under,100,-0.0251,-5.0,0.5251,Under,1,,,2026-10-06T14:55:44.518015-04:00,2026-10-06 14:55,2026-10-06 20:28,2026-10-01,3,loss,-100
2026-10-06,2026020051,VGK @ SEA,8475913,Mark Stone,VGK,SEA,R,shots,1.5,-175,130,0.5941,2.252,0.6578,Over,-175,0.0215,3.4,0.6578,Over,1,1,,2026-10-06T14:55:44.518015-04:00,2026-10-06 14:55,2026-10-06 20:28,2026-10-01,4,win,57.1
2026-10-06,2026020051,VGK @ SEA,8482665,Matty Beniers,SEA,VGK,C,shots,1.5,-110,-120,0.4899,1.687,0.5026,Over,-110,-0.0213,-4.1,0.5026,Over,1,1,,2026-10-06T14:55:44.518015-04:00,2026-10-06 14:55,2026-10-06 20:28,2026-10-01,0,loss,-100
2026-10-06,2026020051,VGK @ SEA,8478483,Mitch Marner,VGK,SEA,R,shots,2.5,140,-190,0.3887,2.352,0.4178,Over,140,0.0011,0.3,0.4178,Over,2,1,,2026-10-06T14:55:44.518015-04:00,2026-10-06 14:55,2026-10-06 20:28,2026-10-01,2,loss,-100
2026-10-06,2026020051,VGK @ SEA,8478397,Rasmus Andersson,VGK,SEA,D,shots,1.5,-155,115,0.5665,1.73,0.516,Under,115,0.0189,4.1,0.516,Under,2,2,,2026-10-06T14:55:44.518015-04:00,2026-10-06 14:55,2026-10-06 20:28,2026-10-01,0,win,115.0
2026-10-06,2026020051,VGK @ SEA,8477447,Shea Theodore,VGK,SEA,D,shots,1.5,-195,145,0.6182,2.126,0.6271,Over,-195,-0.0339,-5.1,0.6271,Over,1,1,,2026-10-06T14:55:44.518015-04:00,2026-10-06 14:55,2026-10-06 20:28,2026-10-01,4,win,51.3
2026-10-06,2026020051,VGK @ SEA,8476881,Tomas Hertl,VGK,SEA,C,shots,2.5,115,-155,0.4335,2.408,0.4323,Under,-155,-0.0402,-6.6,0.4323,Under,3,1,,2026-10-06T14:55:44.518015-04:00,2026-10-06 14:55,2026-10-06 20:28,2026-10-01,3,loss,-100
2026-10-06,2026020051,VGK @ SEA,8484803,Trevor Connelly,VGK,SEA,L,shots,1.5,-105,-125,0.4797,1.421,0.4153,Under,-125,0.0292,5.2,0.4153,Under,3,2,,2026-10-06T14:55:44.518015-04:00,2026-10-06 14:55,2026-10-06 20:28,2026-10-01,0,win,80.0
2026-10-06,2026020051,VGK @ SEA,8478109,Victor Olofsson,VGK,SEA,L,shots,1.5,-160,-110,0.5402,1.733,0.5168,Under,-110,-0.0407,-7.8,0.5168,Under,3,2,,2026-10-06T14:55:44.518015-04:00,2026-10-06 14:55,2026-10-06 20:28,2026-10-01,2,loss,-100
2026-10-06,2026020051,VGK @ SEA,8478407,Vince Dunn,SEA,VGK,D,shots,1.5,-195,145,0.6182,1.635,0.4864,Under,145,0.1055,25.8,0.4864,Under,1,2,,2026-10-06T14:55:44.518015-04:00,2026-10-06 14:55,2026-10-06 20:28,2026-10-01,1,win,145.0
2026-10-06,2026020051,VGK @ SEA,8476448,William Karlsson,VGK,SEA,C,shots,1.5,-140,105,0.5446,2.164,0.6367,Over,-140,0.0534,9.1,0.6367,Over,2,2,,2026-10-06T14:55:44.518015-04:00,2026-10-06 14:55,2026-10-06 20:28,2026-10-01,1,loss,-100
2026-10-06,2026020052,FLA @ LAK,8477960,Adrian Kempe,LAK,FLA,R,points,0.5,-175,130,0.5941,0.978,0.6239,Over,-175,-0.0125,-2.0,0.6239,Over,1,1,,2026-10-06T14:55:44.518015-04:00,2026-10-06 14:55,2026-10-06 20:28,2026-10-01,0,loss,-100
2026-10-06,2026020052,FLA @ LAK,8482155,Alex Laferriere,LAK,FLA,R,points,0.5,105,-135,0.4592,0.644,0.475,Over,105,-0.0128,-2.6,0.475,Over,2,2,,2026-10-06T14:55:44.518015-04:00,2026-10-06 14:55,2026-10-06 20:28,2026-10-01,1,win,105.0
2026-10-06,2026020052,FLA @ LAK,8482113,Anton Lundell,FLA,LAK,C,points,0.5,140,-190,0.3887,0.614,0.4587,Over,140,0.042,10.1,0.4587,Over,3,2,,2026-10-06T14:55:44.518015-04:00,2026-10-06 14:55,2026-10-06 20:28,2026-10-01,0,loss,-100
2026-10-06,2026020052,FLA @ LAK,8478550,Artemi Panarin,LAK,FLA,L,points,0.5,-220,160,0.6413,1.083,0.6615,Over,-220,-0.026,-3.8,0.6615,Over,1,1,,2026-10-06T14:55:44.518015-04:00,2026-10-06 14:55,2026-10-06 20:28,2026-10-01,0,loss,-100
2026-10-06,2026020052,FLA @ LAK,8473419,Brad Marchand,FLA,LAK,L,points,0.5,-115,-115,0.5,0.63,0.4675,Under,-115,-0.0023,-0.4,0.4675,Under,1,2,,2026-10-06T14:55:44.518015-04:00,2026-10-06 14:55,2026-10-06 20:28,2026-10-01,0,win,87.0
2026-10-06,2026020052,FLA @ LAK,8480801,Brady Tkachuk,FLA,LAK,L,points,0.5,-145,110,0.5541,0.804,0.5523,Under,110,-0.0285,-6.0,0.5523,Under,1,1,,2026-10-06T14:55:44.518015-04:00,2026-10-06 14:55,2026-10-06 20:28,2026-10-01,0,win,110.0
2026-10-06,2026020052,FLA @ LAK,8482730,Brandt Clarke,LAK,FLA,D,points,0.5,125,-165,0.4165,0.548,0.4218,Over,125,-0.0227,-5.1,0.4218,Over,2,1,,2026-10-06T14:55:44.518015-04:00,2026-10-06 14:55,2026-10-06 20:28,2026-10-01,0,loss,-100
2026-10-06,2026020052,FLA @ LAK,8477409,Carter Verhaeghe,FLA,LAK,C,points,0.5,105,-140,0.4554,0.712,0.5094,Over,105,0.0216,4.4,0.5094,Over,2,2,,2026-10-06T14:55:44.518015-04:00,2026-10-06 14:55,2026-10-06 20:28,2026-10-01,0,loss,-100
2026-10-06,2026020052,FLA @ LAK,8474563,Drew Doughty,LAK,FLA,D,points,0.5,180,-250,0.3333,0.428,0.3483,Over,180,-0.0088,-2.5,0.3483,Over,1,2,,2026-10-06T14:55:44.518015-04:00,2026-10-06 14:55,2026-10-06 20:28,2026-10-01,0,loss,-100
2026-10-06,2026020052,FLA @ LAK,8475692,Mats Zuccarello,LAK,FLA,R,points,0.5,-125,-105,0.5203,0.799,0.5503,Over,-125,-0.0053,-1.0,0.5503,Over,2,1,,2026-10-06T14:55:44.518015-04:00,2026-10-06 14:55,2026-10-06 20:28,2026-10-01,0,loss,-100
2026-10-06,2026020052,FLA @ LAK,8479314,Matthew Tkachuk,FLA,LAK,L,points,0.5,-175,130,0.5941,0.98,0.6247,Over,-175,-0.0116,-1.8,0.6247,Over,2,1,,2026-10-06T14:55:44.518015-04:00,2026-10-06 14:55,2026-10-06 20:28,2026-10-01,1,win,57.1
2026-10-06,2026020052,FLA @ LAK,8482124,Quinton Byfield,LAK,FLA,R,points,0.5,-140,105,0.5446,0.852,0.5734,Over,-140,-0.01,-1.7,0.5734,Over,1,1,,2026-10-06T14:55:44.518015-04:00,2026-10-06 14:55,2026-10-06 20:28,2026-10-01,0,loss,-100
2026-10-06,2026020052,FLA @ LAK,8477935,Sam Bennett,FLA,LAK,C,points,0.5,-135,100,0.5347,0.819,0.559,Over,-135,-0.0155,-2.7,0.559,Over,2,1,,2026-10-06T14:55:44.518015-04:00,2026-10-06 14:55,2026-10-06 20:28,2026-10-01,1,win,74.1
2026-10-06,2026020052,FLA @ LAK,8477933,Sam Reinhart,FLA,LAK,C,points,0.5,-170,130,0.5915,0.942,0.6103,Over,-170,-0.0194,-3.1,0.6103,Over,1,1,,2026-10-06T14:55:44.518015-04:00,2026-10-06 14:55,2026-10-06 20:28,2026-10-01,0,loss,-100
2026-10-06,2026020052,FLA @ LAK,8477495,Seth Jones,FLA,LAK,D,points,0.5,100,-130,0.4694,0.661,0.4839,Over,100,-0.0161,-3.2,0.4839,Over,2,1,,2026-10-06T14:55:44.518015-04:00,2026-10-06 14:55,2026-10-06 20:28,2026-10-01,1,win,100.0
2026-10-06,2026020052,FLA @ LAK,8482155,Alex Laferriere,LAK,FLA,R,shots,2.5,115,-150,0.4367,2.463,0.4468,Over,115,-0.0183,-3.9,0.4468,Over,2,2,,2026-10-06T14:55:44.518015-04:00,2026-10-06 14:55,2026-10-06 20:28,2026-10-01,3,win,115.0
2026-10-06,2026020052,FLA @ LAK,8482113,Anton Lundell,FLA,LAK,C,shots,1.5,-120,-110,0.5101,1.949,0.5799,Over,-120,0.0344,6.3,0.5799,Over,3,2,,2026-10-06T14:55:44.518015-04:00,2026-10-06 14:55,2026-10-06 20:28,2026-10-01,3,win,83.3
2026-10-06,2026020052,FLA @ LAK,8478550,Artemi Panarin,LAK,FLA,L,shots,2.5,-105,-125,0.4797,3.175,0.6149,Over,-105,0.1027,20.0,0.6149,Over,1,1,,2026-10-06T14:55:44.518015-04:00,2026-10-06 14:55,2026-10-06 20:28,2026-10-01,4,win,95.2
2026-10-06,2026020052,FLA @ LAK,8473419,Brad Marchand,FLA,LAK,L,shots,1.5,-195,145,0.6182,1.99,0.5911,Under,145,0.0007,0.2,0.5911,Under,1,2,,2026-10-06T14:55:44.518015-04:00,2026-10-06 14:55,2026-10-06 20:28,2026-10-01,2,loss,-100
2026-10-06,2026020052,FLA @ LAK,8480801,Brady Tkachuk,FLA,LAK,L,shots,2.5,-165,120,0.578,3.396,0.6594,Over,-165,0.0368,5.9,0.6594,Over,1,1,,2026-10-06T14:55:44.518015-04:00,2026-10-06 14:55,2026-10-06 20:28,2026-10-01,2,loss,-100
2026-10-06,2026020052,FLA @ LAK,8482730,Brandt Clarke,LAK,FLA,D,shots,1.5,-105,-155,0.4573,1.874,0.5589,Over,-105,0.0467,9.1,0.5589,Over,2,1,,2026-10-06T14:55:44.518015-04:00,2026-10-06 14:55,2026-10-06 20:28,2026-10-01,0,loss,-100
2026-10-06,2026020052,FLA @ LAK,8477409,Carter Verhaeghe,FLA,LAK,C,shots,2.5,140,-190,0.3887,2.437,0.44,Over,140,0.0233,5.6,0.44,Over,2,2,,2026-10-06T14:55:44.518015-04:00,2026-10-06 14:55,2026-10-06 20:28,2026-10-01,2,loss,-100
2026-10-06,2026020052,FLA @ LAK,8475692,Mats Zuccarello,LAK,FLA,R,shots,1.5,-145,110,0.5541,2.011,0.5969,Over,-145,0.0051,0.9,0.5969,Over,2,1,,2026-10-06T14:55:44.518015-04:00,2026-10-06 14:55,2026-10-06 20:28,2026-10-01,0,loss,-100
2026-10-06,2026020052,FLA @ LAK,8479314,Matthew Tkachuk,FLA,LAK,L,shots,2.5,-125,-110,0.5147,3.129,0.6051,Over,-125,0.0495,8.9,0.6051,Over,2,1,,2026-10-06T14:55:44.518015-04:00,2026-10-06 14:55,2026-10-06 20:28,2026-10-01,2,loss,-100
2026-10-06,2026020052,FLA @ LAK,8477935,Sam Bennett,FLA,LAK,C,shots,2.5,100,-135,0.4653,2.972,0.5705,Over,100,0.0705,14.1,0.5705,Over,2,1,,2026-10-06T14:55:44.518015-04:00,2026-10-06 14:55,2026-10-06 20:28,2026-10-01,1,loss,-100
2026-10-06,2026020052,FLA @ LAK,8477933,Sam Reinhart,FLA,LAK,C,shots,2.5,105,-140,0.4554,2.769,0.5232,Over,105,0.0354,7.3,0.5232,Over,1,1,,2026-10-06T14:55:44.518015-04:00,2026-10-06 14:55,2026-10-06 20:28,2026-10-01,3,win,105.0
2026-10-06,2026020052,FLA @ LAK,8477495,Seth Jones,FLA,LAK,D,shots,1.5,-105,-125,0.4797,2.035,0.6033,Over,-105,0.0911,17.8,0.6033,Over,2,1,,2026-10-06T14:55:44.518015-04:00,2026-10-06 14:55,2026-10-06 20:28,2026-10-01,2,win,95.2
2026-10-06,2026020052,FLA @ LAK,8479675,Trevor Moore,LAK,FLA,L,shots,1.5,-150,115,0.5633,1.804,0.5384,Under,115,-0.0035,-0.7,0.5384,Under,3,,,2026-10-06T14:55:44.518015-04:00,2026-10-06 14:55,2026-10-06 20:28,2026-10-01,2,loss,-100
2026-10-07,2026020053,PIT @ WSH,8471214,Alex Ovechkin,WSH,PIT,L,points,0.5,-160,120,0.5752,0.769,0.5365,Under,120,0.009,2.0,0.5365,Under,2,1,,2026-10-07T14:58:46.896706-04:00,2026-10-07 14:58,2026-10-07 17:19,2026-10-01,0,win,120.0
2026-10-07,2026020053,PIT @ WSH,8477949,Alex Tuch,WSH,PIT,R,points,0.5,-145,110,0.5541,0.891,0.59,Over,-145,-0.0019,-0.3,0.59,Over,1,2,,2026-10-07T14:58:46.896706-04:00,2026-10-07 14:58,2026-10-07 17:19,2026-10-01,1,win,69.0
2026-10-07,2026020053,PIT @ WSH,8481656,Aliaksei Protas,WSH,PIT,L,points,0.5,140,-190,0.3887,0.665,0.4857,Over,140,0.0691,16.6,0.4857,Over,3,,,2026-10-07T14:58:46.896706-04:00,2026-10-07 14:58,2026-10-07 17:19,2026-10-01,0,loss,-100
2026-10-07,2026020053,PIT @ WSH,8478463,Anthony Beauvillier,WSH,PIT,R,points,0.5,165,-220,0.3544,0.428,0.3484,Under,-220,-0.0359,-5.2,0.3484,Under,2,,,2026-10-07T14:58:46.896706-04:00,2026-10-07 14:58,2026-10-07 17:19,2026-10-01,1,loss,-100
2026-10-07,2026020053,PIT @ WSH,8485414,Ben Kindel,PIT,WSH,C,points,0.5,120,-185,0.4118,0.534,0.4135,Over,120,-0.041,-9.0,0.4135,Over,3,1,,2026-10-07T14:58:46.896706-04:00,2026-10-07 14:58,2026-10-07 17:19,2026-10-01,1,win,120.0
2026-10-07,2026020053,PIT @ WSH,8475810,Bryan Rust,PIT,WSH,R,points,0.5,-110,-125,0.4853,0.687,0.497,Over,-110,-0.0268,-5.1,0.497,Over,3,2,out,2026-10-07T14:58:46.896706-04:00,2026-10-07 14:58,2026-10-07 17:19,2026-10-01,1,win,90.9
2026-10-07,2026020053,PIT @ WSH,8484873,Cole Hutson,WSH,PIT,D,points,0.5,130,-170,0.4085,0.395,0.3266,Under,-170,0.0438,7.0,0.3266,Under,3,2,,2026-10-07T14:58:46.896706-04:00,2026-10-07 14:58,2026-10-07 17:19,2026-10-01,1,loss,-100
2026-10-07,2026020053,PIT @ WSH,8478440,Dylan Strome,WSH,PIT,C,points,0.5,-165,125,0.5835,0.773,0.5386,Under,125,0.017,3.8,0.5386,Under,2,1,,2026-10-07T14:58:46.896706-04:00,2026-10-07 14:58,2026-10-07 17:19,2026-10-01,1,loss,-100
2026-10-07,2026020053,PIT @ WSH,8474578,Erik Karlsson,PIT,WSH,D,points,0.5,-130,100,0.5306,0.696,0.5012,Under,100,-0.0012,-0.2,0.5012,Under,1,1,,2026-10-07T14:58:46.896706-04:00,2026-10-07 14:58,2026-10-07 17:19,2026-10-01,0,win,100.0
2026-10-07,2026020053,PIT @ WSH,8471215,Evgeni Malkin,PIT,WSH,C,points,0.5,-130,100,0.5306,0.743,0.5244,Under,100,-0.0244,-4.9,0.5244,Under,2,2,,2026-10-07T14:58:46.896706-04:00,2026-10-07 14:58,2026-10-07 17:19,2026-10-01,0,win,100.0
2026-10-07,2026020053,PIT @ WSH,8482148,Hendrix Lapierre,PIT,WSH,C,points,0.5,180,-240,0.336,0.422,0.3441,Over,180,-0.013,-3.6,0.3441,Over,1,2,,2026-10-07T14:58:46.896706-04:00,2026-10-07 14:58,2026-10-07 17:19,2026-10-01,0,loss,-100
2026-10-07,2026020053,PIT @ WSH,8484999,Ilya Protas,WSH,PIT,L,points,0.5,135,-180,0.3983,0.477,0.3795,Under,-180,-0.0223,-3.5,0.3795,Under,3,2,,2026-10-07T14:58:46.896706-04:00,2026-10-07 14:58,2026-10-07 17:19,2026-10-01,0,win,55.6
2026-10-07,2026020053,PIT @ WSH,8479345,Jakob Chychrun,WSH,PIT,D,points,0.5,-155,115,0.5665,0.748,0.5267,Under,115,0.0082,1.8,0.5267,Under,1,1,,2026-10-07T14:58:46.896706-04:00,2026-10-07 14:58,2026-10-07 17:19,2026-10-01,0,win,115.0
2026-10-07,2026020053,PIT @ WSH,8479385,Jordan Kyrou,WSH,PIT,R,points,0.5,-110,-135,0.4769,0.586,0.4434,Under,-135,-0.0179,-3.1,0.4434,Under,3,2,,2026-10-07T14:58:46.896706-04:00,2026-10-07 14:58,2026-10-07 17:19,2026-10-01,1,loss,-100
2026-10-07,2026020053,PIT @ WSH,8471724,Kris Letang,PIT,WSH,D,points,0.5,175,-240,0.34,0.358,0.3012,Under,-240,-0.0071,-1.0,0.3012,Under,3,2,,2026-10-07T14:58:46.896706-04:00,2026-10-07 14:58,2026-10-07 17:19,2026-10-01,0,win,41.7
2026-10-07,2026020053,PIT @ WSH,8479400,Pierre-Luc Dubois,WSH,PIT,C,points,0.5,-165,125,0.5835,0.796,0.549,Under,125,0.0066,1.5,0.549,Under,1,1,,2026-10-07T14:58:46.896706-04:00,2026-10-07 14:58,2026-10-07 17:19,2026-10-01,2,loss,-100
2026-10-07,2026020053,PIT @ WSH,8476483,Rickard Rakell,PIT,WSH,R,points,0.5,-135,100,0.5347,0.788,0.5453,Over,-135,-0.0291,-5.1,0.5453,Over,1,1,,2026-10-07T14:58:46.896706-04:00,2026-10-07 14:58,2026-10-07 17:19,2026-10-01,0,loss,-100
2026-10-07,2026020053,PIT @ WSH,8484186,Ryan Leonard,WSH,PIT,R,points,0.5,145,-200,0.3797,0.496,0.3913,Over,145,-0.0168,-4.1,0.3913,Over,4,2,,2026-10-07T14:58:46.896706-04:00,2026-10-07 14:58,2026-10-07 17:19,2026-10-01,1,win,145.0
2026-10-07,2026020053,PIT @ WSH,8471675,Sidney Crosby,PIT,WSH,C,points,0.5,-195,145,0.6182,0.897,0.5921,Under,145,-0.0002,-0.1,0.5921,Under,1,1,,2026-10-07T14:58:46.896706-04:00,2026-10-07 14:58,2026-10-07 17:19,2026-10-01,0,win,145.0
2026-10-07,2026020053,PIT @ WSH,8476880,Tom Wilson,WSH,PIT,R,points,0.5,-160,120,0.5752,0.898,0.5927,Over,-160,-0.0227,-3.7,0.5927,Over,1,1,,2026-10-07T14:58:46.896706-04:00,2026-10-07 14:58,2026-10-07 17:19,2026-10-01,3,win,62.5
2026-10-07,2026020053,PIT @ WSH,8478438,Tommy Novak,PIT,WSH,C,points,0.5,125,-165,0.4165,0.632,0.4685,Over,125,0.0241,5.4,0.4685,Over,2,1,,2026-10-07T14:58:46.896706-04:00,2026-10-07 14:58,2026-10-07 17:19,2026-10-01,1,win,125.0
2026-10-07,2026020053,PIT @ WSH,8471214,Alex Ovechkin,WSH,PIT,L,shots,3.5,120,-160,0.4248,2.738,0.2943,Under,-160,0.0903,14.7,0.2943,Under,2,1,,2026-10-07T14:58:46.896706-04:00,2026-10-07 14:58,2026-10-07 17:19,2026-10-01,2,win,62.5
2026-10-07,2026020053,PIT @ WSH,8477949,Alex Tuch,WSH,PIT,R,shots,2.5,-145,-145,0.5,2.364,0.4209,Under,-145,-0.0127,-2.1,0.4209,Under,1,2,,2026-10-07T14:58:46.896706-04:00,2026-10-07 14:58,2026-10-07 17:19,2026-10-01,6,loss,-100
2026-10-07,2026020053,PIT @ WSH,8481656,Aliaksei Protas,WSH,PIT,L,shots,1.5,-105,-125,0.4797,1.653,0.4922,Over,-105,-0.02,-3.9,0.4922,Over,3,,,2026-10-07T14:58:46.896706-04:00,2026-10-07 14:58,2026-10-07 17:19,2026-10-01,1,loss,-100
2026-10-07,2026020053,PIT @ WSH,8478463,Anthony Beauvillier,WSH,PIT,R,shots,1.5,-105,-130,0.4754,1.657,0.4933,Over,-105,-0.0189,-3.7,0.4933,Over,2,,,2026-10-07T14:58:46.896706-04:00,2026-10-07 14:58,2026-10-07 17:19,2026-10-01,1,loss,-100
2026-10-07,2026020053,PIT @ WSH,8485414,Ben Kindel,PIT,WSH,C,shots,1.5,-195,145,0.6182,2.023,0.6003,Under,145,-0.0085,-2.1,0.6003,Under,3,1,,2026-10-07T14:58:46.896706-04:00,2026-10-07 14:58,2026-10-07 17:19,2026-10-01,2,loss,-100
2026-10-07,2026020053,PIT @ WSH,8475810,Bryan Rust,PIT,WSH,R,shots,1.5,-185,140,0.6091,2.13,0.6279,Over,-185,-0.0212,-3.3,0.6279,Over,3,2,out,2026-10-07T14:58:46.896706-04:00,2026-10-07 14:58,2026-10-07 17:19,2026-10-01,3,win,54.1
2026-10-07,2026020053,PIT @ WSH,8484873,Cole Hutson,WSH,PIT,D,shots,1.5,-125,-105,0.5203,1.317,0.3791,Under,-105,0.1087,21.2,0.3791,Under,3,2,,2026-10-07T14:58:46.896706-04:00,2026-10-07 14:58,2026-10-07 17:19,2026-10-01,3,loss,-100
2026-10-07,2026020053,PIT @ WSH,8478440,Dylan Strome,WSH,PIT,C,shots,1.5,-140,-120,0.5168,1.68,0.5006,Under,-120,-0.0461,-8.5,0.5006,Under,2,1,,2026-10-07T14:58:46.896706-04:00,2026-10-07 14:58,2026-10-07 17:19,2026-10-01,1,win,83.3
2026-10-07,2026020053,PIT @ WSH,8474578,Erik Karlsson,PIT,WSH,D,shots,2.5,140,-180,0.3933,2.314,0.4077,Over,140,-0.0089,-2.1,0.4077,Over,1,1,,2026-10-07T14:58:46.896706-04:00,2026-10-07 14:58,2026-10-07 17:19,2026-10-01,4,win,140.0
2026-10-07,2026020053,PIT @ WSH,8471215,Evgeni Malkin,PIT,WSH,C,shots,1.5,-170,125,0.5862,2.015,0.598,Over,-170,-0.0316,-5.0,0.598,Over,2,2,,2026-10-07T14:58:46.896706-04:00,2026-10-07 14:58,2026-10-07 17:19,2026-10-01,1,loss,-100
2026-10-07,2026020053,PIT @ WSH,8479345,Jakob Chychrun,WSH,PIT,D,shots,2.5,-110,-125,0.4853,2.571,0.4742,Under,-125,-0.0298,-5.4,0.4742,Under,1,1,,2026-10-07T14:58:46.896706-04:00,2026-10-07 14:58,2026-10-07 17:19,2026-10-01,1,win,80.0
2026-10-07,2026020053,PIT @ WSH,8479385,Jordan Kyrou,WSH,PIT,R,shots,1.5,-170,125,0.5862,2.104,0.6214,Over,-170,-0.0082,-1.3,0.6214,Over,3,2,,2026-10-07T14:58:46.896706-04:00,2026-10-07 14:58,2026-10-07 17:19,2026-10-01,1,loss,-100
2026-10-07,2026020053,PIT @ WSH,8479400,Pierre-Luc Dubois,WSH,PIT,C,shots,1.5,-145,100,0.5421,1.851,0.5523,Over,-145,-0.0396,-6.7,0.5523,Over,1,1,,2026-10-07T14:58:46.896706-04:00,2026-10-07 14:58,2026-10-07 17:19,2026-10-01,3,win,69.0
2026-10-07,2026020053,PIT @ WSH,8476483,Rickard Rakell,PIT,WSH,R,shots,2.5,-110,-145,0.4695,2.581,0.4768,Over,-110,-0.047,-9.0,0.4768,Over,1,1,,2026-10-07T14:58:46.896706-04:00,2026-10-07 14:58,2026-10-07 17:19,2026-10-01,3,win,90.9
2026-10-07,2026020053,PIT @ WSH,8484186,Ryan Leonard,WSH,PIT,R,shots,1.5,-130,-110,0.519,1.784,0.5325,Over,-130,-0.0327,-5.8,0.5325,Over,4,2,,2026-10-07T14:58:46.896706-04:00,2026-10-07 14:58,2026-10-07 17:19,2026-10-01,2,win,76.9
2026-10-07,2026020053,PIT @ WSH,8471675,Sidney Crosby,PIT,WSH,C,shots,2.5,110,-150,0.4425,2.367,0.4217,Under,-150,-0.0217,-3.6,0.4217,Under,1,1,,2026-10-07T14:58:46.896706-04:00,2026-10-07 14:58,2026-10-07 17:19,2026-10-01,2,win,66.7
2026-10-07,2026020053,PIT @ WSH,8476880,Tom Wilson,WSH,PIT,R,shots,2.5,110,-145,0.4459,2.132,0.3591,Under,-145,0.0491,8.3,0.3591,Under,1,1,,2026-10-07T14:58:46.896706-04:00,2026-10-07 14:58,2026-10-07 17:19,2026-10-01,2,win,69.0
2026-10-07,2026020053,PIT @ WSH,8478438,Tommy Novak,PIT,WSH,C,shots,1.5,-135,100,0.5347,2.108,0.6224,Over,-135,0.0479,8.3,0.6224,Over,2,1,,2026-10-07T14:58:46.896706-04:00,2026-10-07 14:58,2026-10-07 17:19,2026-10-01,3,win,74.1
2026-10-07,2026020054,COL @ WPG,8477476,Artturi Lehkonen,COL,WPG,L,points,0.5,-135,-125,0.5084,0.789,0.5458,Over,-135,-0.0287,-5.0,0.5458,Over,1,2,,2026-10-07T14:58:46.896706-04:00,2026-10-07 14:58,2026-10-07 17:19,2026-10-01,0,loss,-100
2026-10-07,2026020054,COL @ WPG,8475754,Brock Nelson,COL,WPG,C,points,0.5,-115,-115,0.5,0.72,0.513,Over,-115,-0.0219,-4.1,0.513,Over,2,2,,2026-10-07T14:58:46.896706-04:00,2026-10-07 14:58,2026-10-07 17:19,2026-10-01,0,loss,-100
2026-10-07,2026020054,COL @ WPG,8480069,Cale Makar,COL,WPG,D,points,0.5,-200,150,0.625,0.882,0.5863,Under,150,0.0137,3.4,0.5863,Under,1,1,,2026-10-07T14:58:46.896706-04:00,2026-10-07 14:58,2026-10-07 17:19,2026-10-01,0,win,150.0
2026-10-07,2026020054,COL @ WPG,8482149,Cole Perfetti,WPG,COL,C,points,0.5,-110,-125,0.4853,0.726,0.5159,Over,-110,-0.0079,-1.5,0.5159,Over,1,1,,2026-10-07T14:58:46.896706-04:00,2026-10-07 14:58,2026-10-07 17:19,2026-10-01,1,win,90.9
2026-10-07,2026020054,COL @ WPG,8478038,Devon Toews,COL,WPG,D,points,0.5,125,-165,0.4165,0.522,0.4065,Under,-165,-0.0291,-4.7,0.4065,Under,1,2,,2026-10-07T14:58:46.896706-04:00,2026-10-07 14:58,2026-10-07 17:19,2026-10-01,0,win,60.6
2026-10-07,2026020054,COL @ WPG,8476455,Gabriel Landeskog,COL,WPG,L,points,0.5,100,-135,0.4653,0.632,0.4686,Over,100,-0.0314,-6.3,0.4686,Over,2,2,,2026-10-07T14:58:46.896706-04:00,2026-10-07 14:58,2026-10-07 17:19,2026-10-01,0,loss,-100
2026-10-07,2026020054,COL @ WPG,8480014,Gabriel Vilardi,WPG,COL,C,points,0.5,-115,-115,0.5,0.673,0.4901,Under,-115,-0.025,-4.7,0.4901,Under,2,1,,2026-10-07T14:58:46.896706-04:00,2026-10-07 14:58,2026-10-07 17:19,2026-10-01,0,win,87.0
2026-10-07,2026020054,COL @ WPG,8477504,Josh Morrissey,WPG,COL,D,points,0.5,-115,-115,0.5,0.651,0.4787,Under,-115,-0.0136,-2.5,0.4787,Under,1,1,,2026-10-07T14:58:46.896706-04:00,2026-10-07 14:58,2026-10-07 17:19,2026-10-01,0,win,87.0
2026-10-07,2026020054,COL @ WPG,8478398,Kyle Connor,WPG,COL,L,points,0.5,-230,165,0.6487,1.023,0.6405,Under,165,-0.0179,-4.7,0.6405,Under,1,1,,2026-10-07T14:58:46.896706-04:00,2026-10-07 14:58,2026-10-07 17:19,2026-10-01,2,loss,-100
2026-10-07,2026020054,COL @ WPG,8476460,Mark Scheifele,WPG,COL,C,points,0.5,-200,150,0.625,1.005,0.6341,Over,-200,-0.0326,-4.9,0.6341,Over,1,1,,2026-10-07T14:58:46.896706-04:00,2026-10-07 14:58,2026-10-07 17:19,2026-10-01,2,win,50.0
2026-10-07,2026020054,COL @ WPG,8480039,Martin Necas,COL,WPG,C,points,1.5,155,-210,0.3666,1.171,0.3267,Under,-210,-0.0041,-0.6,0.3267,Under,1,1,,2026-10-07T14:58:46.896706-04:00,2026-10-07 14:58,2026-10-07 17:19,2026-10-01,0,win,47.6
2026-10-07,2026020054,COL @ WPG,8477492,Nathan MacKinnon,COL,WPG,C,points,1.5,105,-140,0.4554,1.29,0.3698,Under,-140,0.0469,8.0,0.3698,Under,1,1,,2026-10-07T14:58:46.896706-04:00,2026-10-07 14:58,2026-10-07 17:19,2026-10-01,0,win,71.4
2026-10-07,2026020054,COL @ WPG,8475172,Nazem Kadri,COL,WPG,C,points,0.5,-130,100,0.5306,0.688,0.4974,Under,100,0.0026,0.5,0.4974,Under,2,1,,2026-10-07T14:58:46.896706-04:00,2026-10-07 14:58,2026-10-07 17:19,2026-10-01,0,win,100.0
2026-10-07,2026020054,COL @ WPG,8480145,Neal Pionk,WPG,COL,D,points,0.5,175,-240,0.34,0.38,0.3162,Under,-240,-0.0221,-3.1,0.3162,Under,1,2,,2026-10-07T14:58:46.896706-04:00,2026-10-07 14:58,2026-10-07 17:19,2026-10-01,1,loss,-100
2026-10-07,2026020054,COL @ WPG,8484258,Sam Malinski,COL,WPG,D,points,0.5,175,-240,0.34,0.385,0.3198,Under,-240,-0.0256,-3.6,0.3198,Under,2,,,2026-10-07T14:58:46.896706-04:00,2026-10-07 14:58,2026-10-07 17:19,2026-10-01,0,win,41.7
2026-10-07,2026020054,COL @ WPG,8486171,T.J. Hughes,COL,WPG,R,points,0.5,125,-165,0.4165,0.608,0.4558,Over,125,0.0113,2.6,0.4558,Over,3,1,,2026-10-07T14:58:46.896706-04:00,2026-10-07 14:58,2026-10-07 17:19,2026-10-01,0,loss,-100
2026-10-07,2026020054,COL @ WPG,8486025,Viggo Björck,WPG,COL,C,points,0.5,165,-225,0.3528,0.51,0.3994,Over,165,0.022,5.8,0.3994,Over,2,2,,2026-10-07T14:58:46.896706-04:00,2026-10-07 14:58,2026-10-07 17:19,2026-10-01,0,loss,-100
2026-10-07,2026020054,COL @ WPG,8477476,Artturi Lehkonen,COL,WPG,L,shots,1.5,-180,135,0.6017,2.17,0.6381,Over,-180,-0.0048,-0.7,0.6381,Over,1,2,,2026-10-07T14:58:46.896706-04:00,2026-10-07 14:58,2026-10-07 17:19,2026-10-01,0,loss,-100
2026-10-07,2026020054,COL @ WPG,8470613,Brent Burns,COL,WPG,D,shots,1.5,-130,-105,0.5246,1.469,0.4317,Under,-105,0.0561,11.0,0.4317,Under,3,,,2026-10-07T14:58:46.896706-04:00,2026-10-07 14:58,2026-10-07 17:19,2026-10-01,2,loss,-100
2026-10-07,2026020054,COL @ WPG,8475754,Brock Nelson,COL,WPG,C,shots,1.5,-185,140,0.6091,1.887,0.5626,Under,140,0.0207,5.0,0.5626,Under,2,2,,2026-10-07T14:58:46.896706-04:00,2026-10-07 14:58,2026-10-07 17:19,2026-10-01,0,win,140.0
2026-10-07,2026020054,COL @ WPG,8480069,Cale Makar,COL,WPG,D,shots,2.5,-110,-135,0.4769,2.586,0.478,Over,-110,-0.0458,-8.7,0.478,Over,1,1,,2026-10-07T14:58:46.896706-04:00,2026-10-07 14:58,2026-10-07 17:19,2026-10-01,4,win,90.9
2026-10-07,2026020054,COL @ WPG,8482149,Cole Perfetti,WPG,COL,C,shots,2.5,110,-150,0.4425,2.546,0.4679,Over,110,-0.0083,-1.7,0.4679,Over,1,1,,2026-10-07T14:58:46.896706-04:00,2026-10-07 14:58,2026-10-07 17:19,2026-10-01,2,loss,-100
2026-10-07,2026020054,COL @ WPG,8478038,Devon Toews,COL,WPG,D,shots,1.5,-120,-110,0.5101,1.709,0.5096,Under,-110,-0.0334,-6.4,0.5096,Under,1,2,,2026-10-07T14:58:46.896706-04:00,2026-10-07 14:58,2026-10-07 17:19,2026-10-01,2,loss,-100
2026-10-07,2026020054,COL @ WPG,8476455,Gabriel Landeskog,COL,WPG,L,shots,1.5,-175,130,0.5941,2.001,0.5941,Over,-175,-0.0422,-6.6,0.5941,Over,2,2,,2026-10-07T14:58:46.896706-04:00,2026-10-07 14:58,2026-10-07 17:19,2026-10-01,3,win,57.1
2026-10-07,2026020054,COL @ WPG,8480014,Gabriel Vilardi,WPG,COL,C,shots,1.5,-115,-115,0.5,1.573,0.4662,Under,-115,-0.0011,-0.2,0.4662,Under,2,1,,2026-10-07T14:58:46.896706-04:00,2026-10-07 14:58,2026-10-07 17:19,2026-10-01,2,loss,-100
2026-10-07,2026020054,COL @ WPG,8477504,Josh Morrissey,WPG,COL,D,shots,1.5,-180,135,0.6017,1.925,0.5734,Under,135,0.0011,0.3,0.5734,Under,1,1,,2026-10-07T14:58:46.896706-04:00,2026-10-07 14:58,2026-10-07 17:19,2026-10-01,1,win,135.0
2026-10-07,2026020054,COL @ WPG,8478398,Kyle Connor,WPG,COL,L,shots,2.5,-170,125,0.5862,3.151,0.6098,Over,-170,-0.0199,-3.2,0.6098,Over,1,1,,2026-10-07T14:58:46.896706-04:00,2026-10-07 14:58,2026-10-07 17:19,2026-10-01,4,win,58.8
2026-10-07,2026020054,COL @ WPG,8476460,Mark Scheifele,WPG,COL,C,shots,1.5,-175,130,0.5941,2.076,0.6142,Over,-175,-0.0222,-3.5,0.6142,Over,1,1,,2026-10-07T14:58:46.896706-04:00,2026-10-07 14:58,2026-10-07 17:19,2026-10-01,1,loss,-100
2026-10-07,2026020054,COL @ WPG,8480039,Martin Necas,COL,WPG,C,shots,2.5,-160,100,0.5517,2.795,0.5293,Under,100,-0.0293,-5.9,0.5293,Under,1,1,,2026-10-07T14:58:46.896706-04:00,2026-10-07 14:58,2026-10-07 17:19,2026-10-01,3,loss,-100
2026-10-07,2026020054,COL @ WPG,8477492,Nathan MacKinnon,COL,WPG,C,shots,3.5,-130,-115,0.5138,3.752,0.5166,Over,-130,-0.0487,-8.6,0.5166,Over,1,1,,2026-10-07T14:58:46.896706-04:00,2026-10-07 14:58,2026-10-07 17:19,2026-10-01,1,loss,-100
2026-10-07,2026020054,COL @ WPG,8475172,Nazem Kadri,COL,WPG,C,shots,2.5,110,-145,0.4459,2.726,0.5128,Over,110,0.0366,7.7,0.5128,Over,2,1,,2026-10-07T14:58:46.896706-04:00,2026-10-07 14:58,2026-10-07 17:19,2026-10-01,4,win,110.0
2026-10-07,2026020054,COL @ WPG,8480145,Neal Pionk,WPG,COL,D,shots,1.5,-140,105,0.5446,1.772,0.5287,Under,105,-0.0165,-3.4,0.5287,Under,1,2,,2026-10-07T14:58:46.896706-04:00,2026-10-07 14:58,2026-10-07 17:19,2026-10-01,1,win,105.0
2026-10-07,2026020054,COL @ WPG,8484258,Sam Malinski,COL,WPG,D,shots,1.5,-155,110,0.5607,1.783,0.532,Under,110,-0.0082,-1.7,0.532,Under,2,,,2026-10-07T14:58:46.896706-04:00,2026-10-07 14:58,2026-10-07 17:19,2026-10-01,1,win,110.0
2026-10-07,2026020054,COL @ WPG,8486171,T.J. Hughes,COL,WPG,R,shots,1.5,-175,130,0.5941,2.066,0.6115,Over,-175,-0.0248,-3.9,0.6115,Over,3,1,,2026-10-07T14:58:46.896706-04:00,2026-10-07 14:58,2026-10-07 17:19,2026-10-01,1,loss,-100
2026-10-07,2026020055,EDM @ ANA,8473986,Alex Killorn,ANA,EDM,L,points,0.5,120,-160,0.4248,0.578,0.4389,Over,120,-0.0157,-3.4,0.4389,Over,2,2,,2026-10-07T14:58:46.896706-04:00,2026-10-07 14:58,2026-10-07 20:27,2026-10-01,0,loss,-100
2026-10-07,2026020055,EDM @ ANA,8484762,Beckett Sennecke,ANA,EDM,R,points,0.5,-140,105,0.5446,0.828,0.5629,Over,-140,-0.0204,-3.5,0.5629,Over,2,1,,2026-10-07T14:58:46.896706-04:00,2026-10-07 14:58,2026-10-07 20:27,2026-10-01,2,win,71.4
2026-10-07,2026020055,EDM @ ANA,8478402,Connor McDavid,EDM,ANA,C,points,1.5,100,-130,0.4694,1.588,0.4713,Over,100,-0.0287,-5.7,0.4713,Over,1,1,,2026-10-07T14:58:46.896706-04:00,2026-10-07 14:58,2026-10-07 20:27,2026-10-01,3,win,100.0
2026-10-07,2026020055,EDM @ ANA,8483445,Cutter Gauthier,ANA,EDM,L,points,0.5,-190,140,0.6113,0.947,0.6119,Over,-190,-0.0433,-6.6,0.6119,Over,1,1,,2026-10-07T14:58:46.896706-04:00,2026-10-07 14:58,2026-10-07 20:27,2026-10-01,0,loss,-100
2026-10-07,2026020055,EDM @ ANA,8480803,Evan Bouchard,EDM,ANA,D,points,0.5,-225,160,0.6429,1.109,0.6699,Over,-225,-0.0224,-3.2,0.6699,Over,1,1,,2026-10-07T14:58:46.896706-04:00,2026-10-07 14:58,2026-10-07 20:27,2026-10-01,3,win,44.4
2026-10-07,2026020055,EDM @ ANA,8481605,Jackson LaCombe,ANA,EDM,D,points,0.5,-135,100,0.5347,0.785,0.5441,Over,-135,-0.0304,-5.3,0.5441,Over,1,1,,2026-10-07T14:58:46.896706-04:00,2026-10-07 14:58,2026-10-07 20:27,2026-10-01,1,win,74.1
2026-10-07,2026020055,EDM @ ANA,8477450,Jason Dickinson,EDM,ANA,C,points,0.5,190,-260,0.3232,0.368,0.3079,Under,-260,-0.0301,-4.2,0.3079,Under,2,,,2026-10-07T14:58:46.896706-04:00,2026-10-07 20:27,2026-10-07 20:27,2026-10-01,0,win,38.5
2026-10-07,2026020055,EDM @ ANA,8477953,Kasperi Kapanen,EDM,ANA,R,points,0.5,-105,-125,0.4797,0.646,0.4757,Under,-125,-0.0312,-5.6,0.4687,Under,2,1,,2026-10-07T14:58:46.896706-04:00,2026-10-07 14:58,2026-10-07 20:27,2026-10-01,1,loss,-100
2026-10-07,2026020055,EDM @ ANA,8484153,Leo Carlsson,ANA,EDM,C,points,0.5,-185,130,0.5989,0.974,0.6224,Over,-185,-0.0267,-4.1,0.6224,Over,1,1,,2026-10-07T14:58:46.896706-04:00,2026-10-07 14:58,2026-10-07 20:27,2026-10-01,2,win,54.1
2026-10-07,2026020055,EDM @ ANA,8477934,Leon Draisaitl,EDM,ANA,C,points,1.5,120,-160,0.4248,1.32,0.3802,Under,-160,0.0044,0.7,0.3802,Under,1,1,,2026-10-07T14:58:46.896706-04:00,2026-10-07 14:58,2026-10-07 20:27,2026-10-01,4,loss,-100
2026-10-07,2026020055,EDM @ ANA,8475218,Mattias Ekholm,EDM,ANA,D,points,0.5,185,-260,0.327,0.484,0.3838,Over,185,0.0329,9.4,0.3838,Over,1,,,2026-10-07T14:58:46.896706-04:00,2026-10-07 14:58,2026-10-07 20:27,2026-10-01,1,win,185.0
2026-10-07,2026020055,EDM @ ANA,8475798,Mikael Granlund,ANA,EDM,C,points,0.5,-150,110,0.5575,0.874,0.5827,Over,-150,-0.0173,-2.9,0.5827,Over,2,1,,2026-10-07T14:58:46.896706-04:00,2026-10-07 14:58,2026-10-07 20:27,2026-10-01,1,win,66.7
2026-10-07,2026020055,EDM @ ANA,8480068,Ryan Poehling,ANA,EDM,C,points,0.5,155,-210,0.3666,0.53,0.4117,Over,155,0.0195,5.0,0.4117,Over,3,2,,2026-10-07T14:58:46.896706-04:00,2026-10-07 14:58,2026-10-07 20:27,2026-10-01,0,loss,-100
2026-10-07,2026020055,EDM @ ANA,8478854,Ryan Shea,EDM,ANA,D,points,0.5,180,-250,0.3333,0.513,0.4012,Over,180,0.0441,12.3,0.3993,Over,2,2,,2026-10-07T14:58:46.896706-04:00,2026-10-07 14:58,2026-10-07 20:27,2026-10-01,0,loss,-100
2026-10-07,2026020055,EDM @ ANA,8481617,Vasily Podkolzin,EDM,ANA,R,points,0.5,-170,125,0.5862,0.859,0.5762,Under,125,-0.0207,-4.7,0.5762,Under,1,1,,2026-10-07T14:58:46.896706-04:00,2026-10-07 14:58,2026-10-07 20:27,2026-10-01,1,loss,-100
2026-10-07,2026020055,EDM @ ANA,8473986,Alex Killorn,ANA,EDM,L,shots,1.5,-105,-125,0.4797,1.729,0.5157,Over,-105,0.0035,0.7,0.5157,Over,2,2,,2026-10-07T14:58:46.896706-04:00,2026-10-07 14:58,2026-10-07 20:27,2026-10-01,2,win,95.2
2026-10-07,2026020055,EDM @ ANA,8484762,Beckett Sennecke,ANA,EDM,R,shots,2.5,120,-160,0.4248,2.561,0.4717,Over,120,0.0172,3.8,0.4717,Over,2,1,,2026-10-07T14:58:46.896706-04:00,2026-10-07 14:58,2026-10-07 20:27,2026-10-01,7,win,120.0
2026-10-07,2026020055,EDM @ ANA,8478402,Connor McDavid,EDM,ANA,C,shots,3.5,110,-150,0.4425,3.45,0.4525,Over,110,-0.0237,-5.0,0.4525,Over,1,1,,2026-10-07T14:58:46.896706-04:00,2026-10-07 14:58,2026-10-07 20:27,2026-10-01,1,loss,-100
2026-10-07,2026020055,EDM @ ANA,8483445,Cutter Gauthier,ANA,EDM,L,shots,3.5,-105,-125,0.4797,3.785,0.5234,Over,-105,0.0112,2.2,0.5234,Over,1,1,,2026-10-07T14:58:46.896706-04:00,2026-10-07 14:58,2026-10-07 20:27,2026-10-01,7,win,95.2
2026-10-07,2026020055,EDM @ ANA,8480803,Evan Bouchard,EDM,ANA,D,shots,2.5,-155,-115,0.5319,2.88,0.5495,Over,-155,-0.0584,-9.6,0.5494,Over,1,1,,2026-10-07T14:58:46.896706-04:00,2026-10-07 14:58,2026-10-07 20:27,2026-10-01,4,win,64.5
2026-10-07,2026020055,EDM @ ANA,8481605,Jackson LaCombe,ANA,EDM,D,shots,1.5,-145,110,0.5541,1.908,0.5685,Over,-145,-0.0234,-3.9,0.5685,Over,1,1,,2026-10-07T14:58:46.896706-04:00,2026-10-07 14:58,2026-10-07 20:27,2026-10-01,0,loss,-100
2026-10-07,2026020055,EDM @ ANA,8477953,Kasperi Kapanen,EDM,ANA,R,shots,1.5,-175,120,0.5833,1.932,0.5753,Under,120,-0.0298,-6.6,0.5529,Under,2,1,,2026-10-07T14:58:46.896706-04:00,2026-10-07 14:58,2026-10-07 20:27,2026-10-01,3,loss,-100
2026-10-07,2026020055,EDM @ ANA,8484153,Leo Carlsson,ANA,EDM,C,shots,2.5,105,-140,0.4554,2.474,0.4496,Under,-140,-0.0329,-5.6,0.4496,Under,1,1,,2026-10-07T14:58:46.896706-04:00,2026-10-07 14:58,2026-10-07 20:27,2026-10-01,0,win,71.4
2026-10-07,2026020055,EDM @ ANA,8477934,Leon Draisaitl,EDM,ANA,C,shots,3.5,115,-155,0.4335,3.159,0.3882,Under,-155,0.0039,0.6,0.3883,Under,1,1,,2026-10-07T14:58:46.896706-04:00,2026-10-07 14:58,2026-10-07 20:27,2026-10-01,2,win,64.5
2026-10-07,2026020055,EDM @ ANA,8475798,Mikael Granlund,ANA,EDM,C,shots,1.5,-135,100,0.5347,2.117,0.6247,Over,-135,0.0502,8.7,0.6247,Over,2,1,,2026-10-07T14:58:46.896706-04:00,2026-10-07 14:58,2026-10-07 20:27,2026-10-01,2,win,74.1
2026-10-07,2026020055,EDM @ ANA,8481617,Vasily Podkolzin,EDM,ANA,R,shots,2.5,105,-135,0.4592,2.881,0.5497,Over,105,0.0618,12.7,0.5497,Over,1,1,,2026-10-07T14:58:46.896706-04:00,2026-10-07 14:58,2026-10-07 20:27,2026-10-01,3,win,105.0
2026-10-08,2026020056,UTA @ BOS,8475314,Anders Lee,UTA,BOS,L,points,0.5,140,-185,0.3909,0.484,0.3839,Under,-185,-0.033,-5.1,0.3839,Under,2,2,,2026-10-08T14:59:01.266685-04:00,2026-10-08 14:59,2026-10-08 17:21,2026-10-01,,,
2026-10-08,2026020056,UTA @ BOS,8479343,Clayton Keller,UTA,BOS,R,points,0.5,-200,150,0.625,0.989,0.628,Over,-200,-0.0387,-5.8,0.628,Over,1,1,,2026-10-08T14:59:01.266685-04:00,2026-10-08 14:59,2026-10-08 17:21,2026-10-01,,,
2026-10-08,2026020056,UTA @ BOS,8477956,David Pastrnak,BOS,UTA,R,points,1.5,160,-220,0.3587,1.094,0.2988,Under,-220,0.0137,2.0,0.2988,Under,1,1,,2026-10-08T14:59:01.266685-04:00,2026-10-08 14:59,2026-10-08 17:21,2026-10-01,,,
2026-10-08,2026020056,UTA @ BOS,8482699,Dylan Guenther,UTA,BOS,R,points,0.5,-170,125,0.5862,0.828,0.5631,Under,125,-0.0075,-1.7,0.5631,Under,2,1,,2026-10-08T14:59:01.266685-04:00,2026-10-08 14:59,2026-10-08 17:21,2026-10-01,,,
2026-10-08,2026020056,UTA @ BOS,8477496,Elias Lindholm,BOS,UTA,C,points,0.5,130,-170,0.4085,0.521,0.4059,Under,-170,-0.0355,-5.6,0.4059,Under,3,2,,2026-10-08T14:59:01.266685-04:00,2026-10-08 14:59,2026-10-08 17:21,2026-10-01,,,
2026-10-08,2026020056,UTA @ BOS,8476854,Hampus Lindholm,BOS,UTA,D,points,0.5,120,-165,0.422,0.477,0.3795,Under,-165,-0.0022,-0.4,0.3795,Under,1,1,,2026-10-08T14:59:01.266685-04:00,2026-10-08 14:59,2026-10-08 17:21,2026-10-01,,,
2026-10-08,2026020056,UTA @ BOS,8482175,JJ Peterka,BOS,UTA,R,points,0.5,105,-140,0.4554,0.692,0.4993,Over,105,0.0115,2.4,0.4993,Over,2,1,,2026-10-08T14:59:01.266685-04:00,2026-10-08 14:59,2026-10-08 17:21,2026-10-01,,,
2026-10-08,2026020056,UTA @ BOS,8478507,John Marino,UTA,BOS,D,points,0.5,195,-275,0.3161,0.432,0.3507,Over,195,0.0117,3.5,0.3507,Over,2,2,,2026-10-08T14:59:01.266685-04:00,2026-10-08 14:59,2026-10-08 17:21,2026-10-01,,,
2026-10-08,2026020056,UTA @ BOS,8483431,Logan Cooley,UTA,BOS,C,points,0.5,-125,-105,0.5203,0.797,0.5493,Over,-125,-0.0063,-1.1,0.5493,Over,2,1,,2026-10-08T14:59:01.266685-04:00,2026-10-08 14:59,2026-10-08 17:21,2026-10-01,,,
2026-10-08,2026020056,UTA @ BOS,8477346,MacKenzie Weegar,UTA,BOS,D,points,0.5,200,-275,0.3125,0.331,0.2816,Under,-275,-0.0149,-2.0,0.2816,Under,1,,,2026-10-08T14:59:01.266685-04:00,2026-10-08 14:59,2026-10-08 17:21,2026-10-01,,,
2026-10-08,2026020056,UTA @ BOS,8482511,Mason Lohrei,BOS,UTA,D,points,0.5,195,-260,0.3194,0.376,0.3133,Under,-260,-0.0356,-4.9,0.3133,Under,3,2,,2026-10-08T14:59:01.266685-04:00,2026-10-08 14:59,2026-10-08 17:21,2026-10-01,,,
2026-10-08,2026020056,UTA @ BOS,8479410,Mikhail Sergachev,UTA,BOS,D,points,0.5,-135,100,0.5347,0.65,0.4779,Under,100,0.0221,4.4,0.4779,Under,1,1,dtd,2026-10-08T14:59:01.266685-04:00,2026-10-08 14:59,2026-10-08 17:21,2026-10-01,,,
2026-10-08,2026020056,UTA @ BOS,8479987,Morgan Geekie,BOS,UTA,C,points,0.5,-120,-110,0.5101,0.835,0.5661,Over,-120,0.0206,3.8,0.5661,Over,1,1,,2026-10-08T14:59:01.266685-04:00,2026-10-08 14:59,2026-10-08 17:21,2026-10-01,,,
2026-10-08,2026020056,UTA @ BOS,8477951,Nick Schmaltz,UTA,BOS,C,points,0.5,-165,125,0.5835,0.875,0.5833,Under,125,-0.0278,-6.3,0.5833,Under,1,1,,2026-10-08T14:59:01.266685-04:00,2026-10-08 14:59,2026-10-08 17:21,2026-10-01,,,
2026-10-08,2026020056,UTA @ BOS,8478401,Pavel Zacha,BOS,UTA,C,points,0.5,-125,-105,0.5203,0.771,0.5376,Over,-125,-0.0179,-3.2,0.5376,Over,1,1,,2026-10-08T14:59:01.266685-04:00,2026-10-08 14:59,2026-10-08 17:21,2026-10-01,,,
2026-10-08,2026020056,UTA @ BOS,8476389,Vincent Trocheck,UTA,BOS,C,points,0.5,-105,-125,0.4797,0.647,0.4765,Under,-125,-0.032,-5.8,0.4765,Under,1,2,,2026-10-08T14:59:01.266685-04:00,2026-10-08 14:59,2026-10-08 17:21,2026-10-01,,,
2026-10-08,2026020056,UTA @ BOS,8475314,Anders Lee,UTA,BOS,L,shots,1.5,-175,130,0.5941,2.04,0.6046,Over,-175,-0.0318,-5.0,0.6046,Over,2,2,,2026-10-08T14:59:01.266685-04:00,2026-10-08 14:59,2026-10-08 17:21,2026-10-01,,,
2026-10-08,2026020056,UTA @ BOS,8479343,Clayton Keller,UTA,BOS,R,shots,2.5,100,-135,0.4653,2.8,0.5306,Over,100,0.0306,6.1,0.5306,Over,1,1,,2026-10-08T14:59:01.266685-04:00,2026-10-08 14:59,2026-10-08 17:21,2026-10-01,,,
2026-10-08,2026020056,UTA @ BOS,8477956,David Pastrnak,BOS,UTA,R,shots,3.5,130,-175,0.4059,3.372,0.4354,Over,130,0.0006,0.1,0.4354,Over,1,1,,2026-10-08T14:59:01.266685-04:00,2026-10-08 14:59,2026-10-08 17:21,2026-10-01,,,
2026-10-08,2026020056,UTA @ BOS,8482699,Dylan Guenther,UTA,BOS,R,shots,2.5,-160,120,0.5752,3.225,0.6253,Over,-160,0.0099,1.6,0.6253,Over,2,1,,2026-10-08T14:59:01.266685-04:00,2026-10-08 14:59,2026-10-08 17:21,2026-10-01,,,
2026-10-08,2026020056,UTA @ BOS,8477496,Elias Lindholm,BOS,UTA,C,shots,1.5,-165,110,0.5666,1.492,0.4394,Under,110,0.0844,17.7,0.4394,Under,3,2,,2026-10-08T14:59:01.266685-04:00,2026-10-08 14:59,2026-10-08 17:21,2026-10-01,,,
2026-10-08,2026020056,UTA @ BOS,8483489,Fraser Minten,BOS,UTA,C,shots,1.5,100,-135,0.4653,1.556,0.4608,Under,-135,-0.0353,-6.1,0.4608,Under,2,2,,2026-10-08T14:59:01.266685-04:00,2026-10-08 14:59,2026-10-08 17:21,2026-10-01,,,
2026-10-08,2026020056,UTA @ BOS,8476854,Hampus Lindholm,BOS,UTA,D,shots,1.5,-105,-125,0.4797,1.668,0.4967,Over,-105,-0.0155,-3.0,0.4967,Over,1,1,,2026-10-08T14:59:01.266685-04:00,2026-10-08 14:59,2026-10-08 17:21,2026-10-01,,,
2026-10-08,2026020056,UTA @ BOS,8482175,JJ Peterka,BOS,UTA,R,shots,1.5,-175,130,0.5941,2.191,0.6432,Over,-175,0.0069,1.1,0.6432,Over,2,1,,2026-10-08T14:59:01.266685-04:00,2026-10-08 14:59,2026-10-08 17:21,2026-10-01,,,
2026-10-08,2026020056,UTA @ BOS,8485395,James Hagens,BOS,UTA,C,shots,1.5,110,-145,0.4459,1.371,0.3983,Under,-145,0.0099,1.7,0.3983,Under,3,2,,2026-10-08T14:59:01.266685-04:00,2026-10-08 14:59,2026-10-08 17:21,2026-10-01,,,
2026-10-08,2026020056,UTA @ BOS,8483431,Logan Cooley,UTA,BOS,C,shots,1.5,-150,110,0.5575,2.092,0.6185,Over,-150,0.0185,3.1,0.6185,Over,2,1,,2026-10-08T14:59:01.266685-04:00,2026-10-08 14:59,2026-10-08 17:21,2026-10-01,,,
2026-10-08,2026020056,UTA @ BOS,8477346,MacKenzie Weegar,UTA,BOS,D,shots,1.5,110,-145,0.4459,1.681,0.5008,Over,110,0.0246,5.2,0.5008,Over,1,,,2026-10-08T14:59:01.266685-04:00,2026-10-08 14:59,2026-10-08 17:21,2026-10-01,,,
2026-10-08,2026020056,UTA @ BOS,8479410,Mikhail Sergachev,UTA,BOS,D,shots,1.5,-185,115,0.5826,1.903,0.567,Under,115,-0.0321,-6.9,0.567,Under,1,1,dtd,2026-10-08T14:59:01.266685-04:00,2026-10-08 14:59,2026-10-08 17:21,2026-10-01,,,
2026-10-08,2026020056,UTA @ BOS,8479987,Morgan Geekie,BOS,UTA,C,shots,2.5,120,-160,0.4248,2.389,0.4275,Over,120,-0.027,-5.9,0.4275,Over,1,1,,2026-10-08T14:59:01.266685-04:00,2026-10-08 14:59,2026-10-08 17:21,2026-10-01,,,
2026-10-08,2026020056,UTA @ BOS,8477951,Nick Schmaltz,UTA,BOS,C,shots,2.5,-110,-120,0.4899,2.655,0.4953,Over,-110,-0.0285,-5.4,0.4953,Over,1,1,,2026-10-08T14:59:01.266685-04:00,2026-10-08 14:59,2026-10-08 17:21,2026-10-01,,,
2026-10-08,2026020056,UTA @ BOS,8477507,Nikita Zadorov,BOS,UTA,D,shots,1.5,100,-135,0.4653,1.163,0.324,Under,-135,0.1015,17.7,0.324,Under,2,,,2026-10-08T14:59:01.266685-04:00,2026-10-08 14:59,2026-10-08 17:21,2026-10-01,,,
2026-10-08,2026020056,UTA @ BOS,8478401,Pavel Zacha,BOS,UTA,C,shots,1.5,-155,120,0.5721,1.873,0.5587,Under,120,-0.0132,-2.9,0.5587,Under,1,1,,2026-10-08T14:59:01.266685-04:00,2026-10-08 14:59,2026-10-08 17:21,2026-10-01,,,
2026-10-08,2026020056,UTA @ BOS,8476389,Vincent Trocheck,UTA,BOS,C,shots,1.5,-135,100,0.5347,1.714,0.5109,Under,100,-0.0109,-2.2,0.5109,Under,1,2,,2026-10-08T14:59:01.266685-04:00,2026-10-08 14:59,2026-10-08 17:21,2026-10-01,,,
2026-10-08,2026020057,DAL @ BUF,8476902,Esa Lindell,DAL,BUF,D,points,0.5,210,-300,0.3008,0.371,0.3097,Over,210,-0.0129,-4.0,0.3097,Over,1,2,,2026-10-08T14:59:01.266685-04:00,2026-10-08 14:59,2026-10-08 17:21,2026-10-01,,,
2026-10-08,2026020057,DAL @ BUF,8482097,Jack Quinn,BUF,DAL,R,points,0.5,-105,-125,0.4797,0.727,0.5168,Over,-105,0.0046,0.9,0.5168,Over,2,1,,2026-10-08T14:59:01.266685-04:00,2026-10-08 14:59,2026-10-08 17:21,2026-10-01,,,
2026-10-08,2026020057,DAL @ BUF,8473994,Jamie Benn,DAL,BUF,L,points,0.5,155,-210,0.3666,0.532,0.4125,Over,155,0.0203,5.2,0.4125,Over,2,2,,2026-10-08T14:59:01.266685-04:00,2026-10-08 14:59,2026-10-08 17:21,2026-10-01,,,
2026-10-08,2026020057,DAL @ BUF,8480027,Jason Robertson,DAL,BUF,L,points,0.5,-240,175,0.66,0.944,0.6108,Under,175,0.0256,7.0,0.6108,Under,2,1,,2026-10-08T14:59:01.266685-04:00,2026-10-08 14:59,2026-10-08 17:21,2026-10-01,,,
2026-10-08,2026020057,DAL @ BUF,8482659,Josh Doan,BUF,DAL,R,points,0.5,120,-160,0.4248,0.541,0.4178,Under,-160,-0.0332,-5.4,0.4178,Under,1,2,dtd,2026-10-08T14:59:01.266685-04:00,2026-10-08 14:59,2026-10-08 17:21,2026-10-01,,,
2026-10-08,2026020057,DAL @ BUF,8480064,Josh Norris,BUF,DAL,C,points,0.5,110,-145,0.4459,0.613,0.4584,Over,110,-0.0178,-3.7,0.4584,Over,1,2,,2026-10-08T14:59:01.266685-04:00,2026-10-08 14:59,2026-10-08 17:21,2026-10-01,,,
2026-10-08,2026020057,DAL @ BUF,8478420,Mikko Rantanen,DAL,BUF,R,points,0.5,-195,145,0.6182,0.988,0.6277,Over,-195,-0.0333,-5.0,0.6277,Over,1,1,,2026-10-08T14:59:01.266685-04:00,2026-10-08 14:59,2026-10-08 17:21,2026-10-01,,,
2026-10-08,2026020057,DAL @ BUF,8480036,Miro Heiskanen,DAL,BUF,D,points,0.5,-135,100,0.5347,0.635,0.4702,Under,100,0.0298,6.0,0.4702,Under,1,1,,2026-10-08T14:59:01.266685-04:00,2026-10-08 14:59,2026-10-08 17:21,2026-10-01,,,
2026-10-08,2026020057,DAL @ BUF,8483500,Noah Ostlund,BUF,DAL,C,points,0.5,140,-185,0.3909,0.64,0.4727,Over,140,0.056,13.4,0.4727,Over,2,1,,2026-10-08T14:59:01.266685-04:00,2026-10-08 14:59,2026-10-08 17:21,2026-10-01,,,
2026-10-08,2026020057,DAL @ BUF,8480839,Rasmus Dahlin,BUF,DAL,D,points,0.5,-160,120,0.5752,0.807,0.5536,Under,120,-0.0082,-1.8,0.5536,Under,1,1,,2026-10-08T14:59:01.266685-04:00,2026-10-08 14:59,2026-10-08 17:21,2026-10-01,,,
2026-10-08,2026020057,DAL @ BUF,8478449,Roope Hintz,DAL,BUF,C,points,0.5,-135,100,0.5347,0.743,0.5242,Under,100,-0.0242,-4.8,0.5242,Under,2,1,,2026-10-08T14:59:01.266685-04:00,2026-10-08 14:59,2026-10-08 17:21,2026-10-01,,,
2026-10-08,2026020057,DAL @ BUF,8480802,Ryan McLeod,BUF,DAL,C,points,0.5,175,-240,0.34,0.467,0.3728,Over,175,0.0092,2.5,0.3728,Over,4,2,,2026-10-08T14:59:01.266685-04:00,2026-10-08 14:59,2026-10-08 17:21,2026-10-01,,,
2026-10-08,2026020057,DAL @ BUF,8479420,Tage Thompson,BUF,DAL,C,points,0.5,-210,155,0.6334,0.903,0.5946,Under,155,0.0133,3.4,0.5946,Under,1,1,,2026-10-08T14:59:01.266685-04:00,2026-10-08 14:59,2026-10-08 17:21,2026-10-01,,,
2026-10-08,2026020057,DAL @ BUF,8481581,Thomas Harley,DAL,BUF,D,points,0.5,160,-210,0.3621,0.49,0.3874,Over,160,0.0028,0.7,0.3874,Over,2,2,,2026-10-08T14:59:01.266685-04:00,2026-10-08 14:59,2026-10-08 17:21,2026-10-01,,,
2026-10-08,2026020057,DAL @ BUF,8475794,Tyler Seguin,DAL,BUF,C,points,0.5,150,-200,0.375,0.485,0.3841,Over,150,-0.0159,-4.0,0.3841,Over,3,2,,2026-10-08T14:59:01.266685-04:00,2026-10-08 14:59,2026-10-08 17:21,2026-10-01,,,
2026-10-08,2026020057,DAL @ BUF,8482740,Wyatt Johnston,DAL,BUF,C,points,0.5,-155,120,0.5721,0.908,0.5967,Over,-155,-0.0112,-1.8,0.5967,Over,1,1,,2026-10-08T14:59:01.266685-04:00,2026-10-08 14:59,2026-10-08 17:21,2026-10-01,,,
2026-10-08,2026020057,DAL @ BUF,8484145,Zach Benson,BUF,DAL,L,points,0.5,110,-145,0.4459,0.698,0.5022,Over,110,0.026,5.5,0.5022,Over,2,1,,2026-10-08T14:59:01.266685-04:00,2026-10-08 14:59,2026-10-08 17:21,2026-10-01,,,
2026-10-08,2026020057,DAL @ BUF,8482097,Jack Quinn,BUF,DAL,R,shots,2.5,100,-135,0.4653,2.835,0.5388,Over,100,0.0388,7.8,0.5388,Over,2,1,,2026-10-08T14:59:01.266685-04:00,2026-10-08 14:59,2026-10-08 17:21,2026-10-01,,,
2026-10-08,2026020057,DAL @ BUF,8480027,Jason Robertson,DAL,BUF,L,shots,3.5,125,-165,0.4165,2.991,0.3507,Under,-165,0.0267,4.3,0.3507,Under,2,1,,2026-10-08T14:59:01.266685-04:00,2026-10-08 14:59,2026-10-08 17:21,2026-10-01,,,
2026-10-08,2026020057,DAL @ BUF,8483468,Jiri Kulich,BUF,DAL,C,shots,1.5,110,-145,0.4459,1.452,0.4261,Under,-145,-0.018,-3.0,0.4261,Under,3,,,2026-10-08T14:59:01.266685-04:00,2026-10-08 14:59,2026-10-08 17:21,2026-10-01,,,
2026-10-08,2026020057,DAL @ BUF,8482659,Josh Doan,BUF,DAL,R,shots,1.5,-135,105,0.5408,1.929,0.5745,Over,-135,0.0001,0.0,0.5745,Over,1,2,dtd,2026-10-08T14:59:01.266685-04:00,2026-10-08 14:59,2026-10-08 17:21,2026-10-01,,,
2026-10-08,2026020057,DAL @ BUF,8480064,Josh Norris,BUF,DAL,C,shots,1.5,-120,-110,0.5101,1.554,0.46,Under,-110,0.0162,3.1,0.46,Under,1,2,,2026-10-08T14:59:01.266685-04:00,2026-10-08 14:59,2026-10-08 17:21,2026-10-01,,,
2026-10-08,2026020057,DAL @ BUF,8478420,Mikko Rantanen,DAL,BUF,R,shots,2.5,140,-190,0.3887,2.329,0.4115,Over,140,-0.0052,-1.2,0.4115,Over,1,1,,2026-10-08T14:59:01.266685-04:00,2026-10-08 14:59,2026-10-08 17:21,2026-10-01,,,
2026-10-08,2026020057,DAL @ BUF,8480036,Miro Heiskanen,DAL,BUF,D,shots,1.5,-170,125,0.5862,1.784,0.5323,Under,125,0.0232,5.2,0.5323,Under,1,1,,2026-10-08T14:59:01.266685-04:00,2026-10-08 14:59,2026-10-08 17:21,2026-10-01,,,
2026-10-08,2026020057,DAL @ BUF,8480839,Rasmus Dahlin,BUF,DAL,D,shots,2.5,125,-165,0.4165,2.452,0.4437,Over,125,-0.0007,-0.2,0.4437,Over,1,1,,2026-10-08T14:59:01.266685-04:00,2026-10-08 14:59,2026-10-08 17:21,2026-10-01,,,
2026-10-08,2026020057,DAL @ BUF,8478449,Roope Hintz,DAL,BUF,C,shots,1.5,-180,135,0.6017,2.108,0.6225,Over,-180,-0.0204,-3.2,0.6225,Over,2,1,,2026-10-08T14:59:01.266685-04:00,2026-10-08 14:59,2026-10-08 17:21,2026-10-01,,,
2026-10-08,2026020057,DAL @ BUF,8479420,Tage Thompson,BUF,DAL,C,shots,3.5,125,-165,0.4165,3.335,0.4274,Over,125,-0.017,-3.8,0.4274,Over,1,1,,2026-10-08T14:59:01.266685-04:00,2026-10-08 14:59,2026-10-08 17:21,2026-10-01,,,
2026-10-08,2026020057,DAL @ BUF,8481581,Thomas Harley,DAL,BUF,D,shots,1.5,-110,-120,0.4899,1.662,0.4949,Over,-110,-0.0289,-5.5,0.4949,Over,2,2,,2026-10-08T14:59:01.266685-04:00,2026-10-08 14:59,2026-10-08 17:21,2026-10-01,,,
2026-10-08,2026020057,DAL @ BUF,8475794,Tyler Seguin,DAL,BUF,C,shots,1.5,100,-135,0.4653,1.44,0.422,Under,-135,0.0035,0.6,0.422,Under,3,2,,2026-10-08T14:59:01.266685-04:00,2026-10-08 14:59,2026-10-08 17:21,2026-10-01,,,
2026-10-08,2026020057,DAL @ BUF,8482740,Wyatt Johnston,DAL,BUF,C,shots,2.5,100,-130,0.4694,2.497,0.4554,Under,-130,-0.0206,-3.6,0.4554,Under,1,1,,2026-10-08T14:59:01.266685-04:00,2026-10-08 14:59,2026-10-08 17:21,2026-10-01,,,
2026-10-08,2026020057,DAL @ BUF,8484145,Zach Benson,BUF,DAL,L,shots,1.5,-125,-105,0.5203,2.148,0.6327,Over,-125,0.0771,13.9,0.6327,Over,2,1,,2026-10-08T14:59:01.266685-04:00,2026-10-08 14:59,2026-10-08 17:21,2026-10-01,,,
2026-10-08,2026020058,NSH @ MTL,8481618,Alex Newhook,MTL,NSH,C,points,0.5,140,-190,0.3887,0.574,0.4365,Over,140,0.0198,4.8,0.4365,Over,2,2,,2026-10-08T14:59:01.266685-04:00,2026-10-08 14:59,2026-10-08 17:21,2026-10-01,,,
2026-10-08,2026020058,NSH @ MTL,8477021,Alexander Kerfoot,NSH,MTL,C,points,0.5,170,-230,0.347,0.574,0.4368,Over,170,0.0665,17.9,0.4368,Over,1,2,,2026-10-08T14:59:01.266685-04:00,2026-10-08 14:59,2026-10-08 17:21,2026-10-01,,,
2026-10-08,2026020058,NSH @ MTL,8478851,Alexandre Carrier,MTL,NSH,D,points,0.5,195,-275,0.3161,0.311,0.2674,Under,-275,-0.0008,-0.1,0.2674,Under,2,,,2026-10-08T14:59:01.266685-04:00,2026-10-08 14:59,2026-10-08 17:21,2026-10-01,,,
2026-10-08,2026020058,NSH @ MTL,8475184,Chris Kreider,MTL,NSH,L,points,0.5,-120,-110,0.5101,0.73,0.5178,Over,-120,-0.0276,-5.1,0.5178,Over,1,1,,2026-10-08T14:59:01.266685-04:00,2026-10-08 14:59,2026-10-08 17:21,2026-10-01,,,
2026-10-08,2026020058,NSH @ MTL,8481540,Cole Caufield,MTL,NSH,R,points,0.5,-220,160,0.6413,1.099,0.6668,Over,-220,-0.0207,-3.0,0.6668,Over,1,1,,2026-10-08T14:59:01.266685-04:00,2026-10-08 14:59,2026-10-08 17:21,2026-10-01,,,
2026-10-08,2026020058,NSH @ MTL,8476887,Filip Forsberg,NSH,MTL,L,points,0.5,-170,125,0.5862,0.905,0.5955,Over,-170,-0.0341,-5.4,0.5955,Over,2,1,,2026-10-08T14:59:01.266685-04:00,2026-10-08 14:59,2026-10-08 17:21,2026-10-01,,,
2026-10-08,2026020058,NSH @ MTL,8476539,Jonathan Marchessault,NSH,MTL,C,points,0.5,135,-180,0.3983,0.501,0.3942,Under,-180,-0.0371,-5.8,0.3942,Under,3,2,,2026-10-08T14:59:01.266685-04:00,2026-10-08 14:59,2026-10-08 17:21,2026-10-01,,,
2026-10-08,2026020058,NSH @ MTL,8483515,Juraj Slafkovský,MTL,NSH,L,points,0.5,-165,125,0.5835,0.873,0.5821,Under,125,-0.0266,-6.0,0.5821,Under,2,1,,2026-10-08T14:59:01.266685-04:00,2026-10-08 14:59,2026-10-08 17:21,2026-10-01,,,
2026-10-08,2026020058,NSH @ MTL,8483457,Lane Hutson,MTL,NSH,D,points,0.5,-190,140,0.6113,0.952,0.6138,Over,-190,-0.0413,-6.3,0.6138,Over,2,1,,2026-10-08T14:59:01.266685-04:00,2026-10-08 14:59,2026-10-08 17:21,2026-10-01,,,
2026-10-08,2026020058,NSH @ MTL,8484241,Matthew Wood,NSH,MTL,R,points,0.5,125,-165,0.4165,0.602,0.4521,Over,125,0.0076,1.7,0.4521,Over,2,1,,2026-10-08T14:59:01.266685-04:00,2026-10-08 14:59,2026-10-08 17:21,2026-10-01,,,
2026-10-08,2026020058,NSH @ MTL,8482145,Mavrik Bourque,NSH,MTL,C,points,0.5,155,-210,0.3666,0.574,0.4368,Over,155,0.0447,11.4,0.4368,Over,3,2,,2026-10-08T14:59:01.266685-04:00,2026-10-08 14:59,2026-10-08 17:21,2026-10-01,,,
2026-10-08,2026020058,NSH @ MTL,8476875,Mike Matheson,MTL,NSH,D,points,0.5,165,-225,0.3528,0.452,0.3638,Over,165,-0.0135,-3.6,0.3638,Over,1,,,2026-10-08T14:59:01.266685-04:00,2026-10-08 14:59,2026-10-08 17:21,2026-10-01,,,
2026-10-08,2026020058,NSH @ MTL,8480018,Nick Suzuki,MTL,NSH,C,points,1.5,150,-200,0.375,1.228,0.3474,Under,-200,-0.014,-2.1,0.3474,Under,1,1,,2026-10-08T14:59:01.266685-04:00,2026-10-08 14:59,2026-10-08 17:21,2026-10-01,,,
2026-10-08,2026020058,NSH @ MTL,8481535,Nils Hoglander,NSH,MTL,L,points,0.5,170,-230,0.347,0.385,0.3192,Under,-230,-0.0162,-2.3,0.3192,Under,2,2,,2026-10-08T14:59:01.266685-04:00,2026-10-08 14:59,2026-10-08 17:21,2026-10-01,,,
2026-10-08,2026020058,NSH @ MTL,8480865,Noah Dobson,MTL,NSH,D,points,0.5,125,-170,0.4138,0.575,0.4374,Over,125,-0.0071,-1.6,0.4374,Over,1,2,,2026-10-08T14:59:01.266685-04:00,2026-10-08 14:59,2026-10-08 17:21,2026-10-01,,,
2026-10-08,2026020058,NSH @ MTL,8474600,Roman Josi,NSH,MTL,D,points,0.5,-150,110,0.5575,0.724,0.5149,Under,110,0.0089,1.9,0.5149,Under,1,1,,2026-10-08T14:59:01.266685-04:00,2026-10-08 14:59,2026-10-08 17:21,2026-10-01,,,
2026-10-08,2026020058,NSH @ MTL,8475158,Ryan O'Reilly,NSH,MTL,C,points,0.5,-140,105,0.5446,0.936,0.6078,Over,-140,0.0245,4.2,0.6078,Over,1,1,,2026-10-08T14:59:01.266685-04:00,2026-10-08 14:59,2026-10-08 17:21,2026-10-01,,,
2026-10-08,2026020058,NSH @ MTL,8474564,Steven Stamkos,NSH,MTL,C,points,0.5,-145,110,0.5541,0.866,0.5795,Over,-145,-0.0123,-2.1,0.5795,Over,1,1,,2026-10-08T14:59:01.266685-04:00,2026-10-08 14:59,2026-10-08 17:21,2026-10-01,,,
2026-10-08,2026020058,NSH @ MTL,8481618,Alex Newhook,MTL,NSH,C,shots,1.5,-120,-110,0.5101,1.701,0.507,Under,-110,-0.0308,-5.9,0.507,Under,2,2,,2026-10-08T14:59:01.266685-04:00,2026-10-08 14:59,2026-10-08 17:21,2026-10-01,,,
2026-10-08,2026020058,NSH @ MTL,8480074,Alexandre Texier,MTL,NSH,L,shots,1.5,115,-150,0.4367,1.483,0.4366,Under,-150,-0.0366,-6.1,0.4366,Under,3,2,,2026-10-08T14:59:01.266685-04:00,2026-10-08 14:59,2026-10-08 17:21,2026-10-01,,,
2026-10-08,2026020058,NSH @ MTL,8475184,Chris Kreider,MTL,NSH,L,shots,1.5,-195,145,0.6182,2.212,0.6482,Over,-195,-0.0128,-1.9,0.6482,Over,1,1,,2026-10-08T14:59:01.266685-04:00,2026-10-08 14:59,2026-10-08 17:21,2026-10-01,,,
2026-10-08,2026020058,NSH @ MTL,8481540,Cole Caufield,MTL,NSH,R,shots,3.5,105,-140,0.4554,3.44,0.4504,Under,-140,-0.0337,-5.8,0.4504,Under,1,1,,2026-10-08T14:59:01.266685-04:00,2026-10-08 14:59,2026-10-08 17:21,2026-10-01,,,
2026-10-08,2026020058,NSH @ MTL,8476887,Filip Forsberg,NSH,MTL,L,shots,3.5,120,-160,0.4248,3.102,0.3757,Under,-160,0.0089,1.4,0.3757,Under,2,1,,2026-10-08T14:59:01.266685-04:00,2026-10-08 14:59,2026-10-08 17:21,2026-10-01,,,
2026-10-08,2026020058,NSH @ MTL,8476539,Jonathan Marchessault,NSH,MTL,C,shots,1.5,-130,100,0.5306,1.838,0.5483,Over,-130,-0.0169,-3.0,0.5483,Over,3,2,,2026-10-08T14:59:01.266685-04:00,2026-10-08 14:59,2026-10-08 17:21,2026-10-01,,,
2026-10-08,2026020058,NSH @ MTL,8483515,Juraj Slafkovský,MTL,NSH,L,shots,2.5,100,-135,0.4653,2.336,0.4135,Under,-135,0.012,2.1,0.4135,Under,2,1,,2026-10-08T14:59:01.266685-04:00,2026-10-08 14:59,2026-10-08 17:21,2026-10-01,,,
2026-10-08,2026020058,NSH @ MTL,8483457,Lane Hutson,MTL,NSH,D,shots,1.5,-175,130,0.5941,1.709,0.5095,Under,130,0.0557,12.8,0.5095,Under,2,1,,2026-10-08T14:59:01.266685-04:00,2026-10-08 14:59,2026-10-08 17:21,2026-10-01,,,
2026-10-08,2026020058,NSH @ MTL,8484241,Matthew Wood,NSH,MTL,R,shots,1.5,-135,105,0.5408,2.066,0.6117,Over,-135,0.0372,6.5,0.6117,Over,2,1,,2026-10-08T14:59:01.266685-04:00,2026-10-08 14:59,2026-10-08 17:21,2026-10-01,,,
2026-10-08,2026020058,NSH @ MTL,8482145,Mavrik Bourque,NSH,MTL,C,shots,1.5,-125,-105,0.5203,1.667,0.4965,Under,-105,-0.0087,-1.7,0.4965,Under,3,2,,2026-10-08T14:59:01.266685-04:00,2026-10-08 14:59,2026-10-08 17:21,2026-10-01,,,
2026-10-08,2026020058,NSH @ MTL,8476875,Mike Matheson,MTL,NSH,D,shots,1.5,-115,-115,0.5,1.564,0.4633,Under,-115,0.0018,0.3,0.4633,Under,1,,,2026-10-08T14:59:01.266685-04:00,2026-10-08 14:59,2026-10-08 17:21,2026-10-01,,,
2026-10-08,2026020058,NSH @ MTL,8480018,Nick Suzuki,MTL,NSH,C,shots,2.5,110,-145,0.4459,2.584,0.4774,Over,110,0.0013,0.3,0.4774,Over,1,1,,2026-10-08T14:59:01.266685-04:00,2026-10-08 14:59,2026-10-08 17:21,2026-10-01,,,
2026-10-08,2026020058,NSH @ MTL,8481535,Nils Hoglander,NSH,MTL,L,shots,1.5,115,-155,0.4335,1.386,0.4034,Under,-155,-0.0112,-1.8,0.4034,Under,2,2,,2026-10-08T14:59:01.266685-04:00,2026-10-08 14:59,2026-10-08 17:21,2026-10-01,,,
2026-10-08,2026020058,NSH @ MTL,8480865,Noah Dobson,MTL,NSH,D,shots,1.5,-190,140,0.6113,2.101,0.6205,Over,-190,-0.0346,-5.3,0.6205,Over,1,2,,2026-10-08T14:59:01.266685-04:00,2026-10-08 14:59,2026-10-08 17:21,2026-10-01,,,
2026-10-08,2026020058,NSH @ MTL,8474600,Roman Josi,NSH,MTL,D,shots,2.5,105,-140,0.4554,2.409,0.4326,Under,-140,-0.0159,-2.7,0.4326,Under,1,1,,2026-10-08T14:59:01.266685-04:00,2026-10-08 14:59,2026-10-08 17:21,2026-10-01,,,
2026-10-08,2026020058,NSH @ MTL,8479525,Ross Colton,NSH,MTL,C,shots,1.5,-125,-105,0.5203,1.717,0.5119,Under,-105,-0.0241,-4.7,0.5119,Under,3,,,2026-10-08T14:59:01.266685-04:00,2026-10-08 14:59,2026-10-08 17:21,2026-10-01,,,
2026-10-08,2026020058,NSH @ MTL,8475158,Ryan O'Reilly,NSH,MTL,C,shots,1.5,-165,125,0.5835,2.018,0.5989,Over,-165,-0.0237,-3.8,0.5989,Over,1,1,,2026-10-08T14:59:01.266685-04:00,2026-10-08 14:59,2026-10-08 17:21,2026-10-01,,,
2026-10-08,2026020058,NSH @ MTL,8474564,Steven Stamkos,NSH,MTL,C,shots,2.5,-135,100,0.5347,2.691,0.5041,Under,100,-0.0041,-0.8,0.5041,Under,1,1,,2026-10-08T14:59:01.266685-04:00,2026-10-08 14:59,2026-10-08 17:21,2026-10-01,,,
2026-10-08,2026020059,PHI @ OTT,8484759,Carter Yakemchuk,OTT,PHI,D,points,0.5,-105,-130,0.4754,0.473,0.3766,Under,-130,0.0582,10.3,0.3766,Under,2,1,,2026-10-08T14:59:01.266685-04:00,2026-10-08 14:59,2026-10-08 17:21,2026-10-01,,,
2026-10-08,2026020059,PHI @ OTT,8477989,Christian Dvorak,PHI,OTT,C,points,0.5,150,-200,0.375,0.496,0.3913,Over,150,-0.0087,-2.2,0.3913,Over,2,,,2026-10-08T14:59:01.266685-04:00,2026-10-08 14:59,2026-10-08 17:21,2026-10-01,,,
2026-10-08,2026020059,PHI @ OTT,8473512,Claude Giroux,OTT,PHI,R,points,0.5,125,-165,0.4165,0.55,0.4232,Over,125,-0.0213,-4.8,0.4232,Over,3,2,,2026-10-08T14:59:01.266685-04:00,2026-10-08 14:59,2026-10-08 17:21,2026-10-01,,,
2026-10-08,2026020059,PHI @ OTT,8483460,David Jiricek,PHI,OTT,D,points,0.5,155,-210,0.3666,0.282,0.2457,Under,-210,0.0769,11.3,0.2457,Under,2,1,,2026-10-08T14:59:01.266685-04:00,2026-10-08 14:59,2026-10-08 17:21,2026-10-01,,,
2026-10-08,2026020059,PHI @ OTT,8480208,Drake Batherson,OTT,PHI,R,points,0.5,-170,125,0.5862,0.841,0.5688,Under,125,-0.0132,-3.0,0.5688,Under,1,1,,2026-10-08T14:59:01.266685-04:00,2026-10-08 14:59,2026-10-08 17:21,2026-10-01,,,
2026-10-08,2026020059,PHI @ OTT,8481528,Dylan Cozens,OTT,PHI,C,points,0.5,-160,120,0.5752,0.729,0.5177,Under,120,0.0277,6.1,0.5177,Under,2,1,,2026-10-08T14:59:01.266685-04:00,2026-10-08 14:59,2026-10-08 17:21,2026-10-01,,,
2026-10-08,2026020059,PHI @ OTT,8482142,Jamie Drysdale,PHI,OTT,D,points,0.5,190,-260,0.3232,0.374,0.3122,Under,-260,-0.0345,-4.8,0.3122,Under,1,2,,2026-10-08T14:59:01.266685-04:00,2026-10-08 14:59,2026-10-08 17:21,2026-10-01,,,
2026-10-08,2026020059,PHI @ OTT,8481606,Jordan Spence,OTT,PHI,D,points,0.5,170,-230,0.347,0.476,0.3787,Over,170,0.0083,2.2,0.3787,Over,1,,,2026-10-08T14:59:01.266685-04:00,2026-10-08 14:59,2026-10-08 17:21,2026-10-01,,,
2026-10-08,2026020059,PHI @ OTT,8484387,Matvei Michkov,PHI,OTT,R,points,0.5,150,-200,0.375,0.597,0.4495,Over,150,0.0495,12.4,0.4495,Over,3,1,,2026-10-08T14:59:01.266685-04:00,2026-10-08 14:59,2026-10-08 17:21,2026-10-01,,,
2026-10-08,2026020059,PHI @ OTT,8480015,Owen Tippett,PHI,OTT,R,points,0.5,115,-155,0.4335,0.537,0.4154,Under,-155,-0.0232,-3.8,0.4154,Under,2,2,,2026-10-08T14:59:01.266685-04:00,2026-10-08 14:59,2026-10-08 17:21,2026-10-01,,,
2026-10-08,2026020059,PHI @ OTT,8485406,Porter Martone,PHI,OTT,R,points,0.5,120,-160,0.4248,0.54,0.4174,Under,-160,-0.0328,-5.3,0.4174,Under,1,2,,2026-10-08T14:59:01.266685-04:00,2026-10-08 14:59,2026-10-08 17:21,2026-10-01,,,
2026-10-08,2026020059,PHI @ OTT,8481596,Shane Pinto,OTT,PHI,C,points,0.5,120,-160,0.4248,0.637,0.4712,Over,120,0.0167,3.7,0.4712,Over,3,2,,2026-10-08T14:59:01.266685-04:00,2026-10-08 14:59,2026-10-08 17:21,2026-10-01,,,
2026-10-08,2026020059,PHI @ OTT,8478469,Thomas Chabot,OTT,PHI,D,points,0.5,-110,-120,0.4899,0.606,0.4546,Under,-120,-0.0001,-0.0,0.4546,Under,1,2,,2026-10-08T14:59:01.266685-04:00,2026-10-08 14:59,2026-10-08 17:21,2026-10-01,,,
2026-10-08,2026020059,PHI @ OTT,8482116,Tim Stützle,OTT,PHI,C,points,0.5,-250,180,0.6667,1.025,0.6412,Under,180,0.0017,0.5,0.6412,Under,1,1,,2026-10-08T14:59:01.266685-04:00,2026-10-08 14:59,2026-10-08 17:21,2026-10-01,,,
2026-10-08,2026020059,PHI @ OTT,8478439,Travis Konecny,PHI,OTT,R,points,0.5,-120,-110,0.5101,0.727,0.5166,Over,-120,-0.0288,-5.3,0.5166,Over,1,1,,2026-10-08T14:59:01.266685-04:00,2026-10-08 14:59,2026-10-08 17:21,2026-10-01,,,
2026-10-08,2026020059,PHI @ OTT,8481533,Trevor Zegras,PHI,OTT,C,points,0.5,-110,-120,0.4899,0.699,0.5027,Over,-110,-0.0211,-4.0,0.5027,Over,2,1,,2026-10-08T14:59:01.266685-04:00,2026-10-08 14:59,2026-10-08 17:21,2026-10-01,,,
2026-10-08,2026020059,PHI @ OTT,8482159,Tyson Foerster,PHI,OTT,R,points,0.5,150,-210,0.3713,0.591,0.4461,Over,150,0.0461,11.5,0.4461,Over,3,1,,2026-10-08T14:59:01.266685-04:00,2026-10-08 14:59,2026-10-08 17:21,2026-10-01,,,
2026-10-08,2026020059,PHI @ OTT,8482667,William Eklund,OTT,PHI,L,points,0.5,-145,110,0.5541,0.749,0.5272,Under,110,-0.0034,-0.7,0.5272,Under,1,1,,2026-10-08T14:59:01.266685-04:00,2026-10-08 14:59,2026-10-08 17:21,2026-10-01,,,
2026-10-08,2026020059,PHI @ OTT,8484759,Carter Yakemchuk,OTT,PHI,D,shots,1.5,105,-140,0.4554,1.549,0.4584,Over,105,-0.0294,-6.0,0.4584,Over,2,1,,2026-10-08T14:59:01.266685-04:00,2026-10-08 14:59,2026-10-08 17:21,2026-10-01,,,
2026-10-08,2026020059,PHI @ OTT,8477989,Christian Dvorak,PHI,OTT,C,shots,1.5,-110,-125,0.4853,1.313,0.3778,Under,-125,0.0666,12.0,0.3778,Under,2,,,2026-10-08T14:59:01.266685-04:00,2026-10-08 14:59,2026-10-08 17:21,2026-10-01,,,
2026-10-08,2026020059,PHI @ OTT,8480208,Drake Batherson,OTT,PHI,R,shots,1.5,-185,140,0.6091,2.328,0.6755,Over,-185,0.0264,4.1,0.6755,Over,1,1,,2026-10-08T14:59:01.266685-04:00,2026-10-08 14:59,2026-10-08 17:21,2026-10-01,,,
2026-10-08,2026020059,PHI @ OTT,8481528,Dylan Cozens,OTT,PHI,C,shots,2.5,105,-135,0.4592,2.51,0.4588,Under,-135,-0.0333,-5.8,0.4588,Under,2,1,,2026-10-08T14:59:01.266685-04:00,2026-10-08 14:59,2026-10-08 17:21,2026-10-01,,,
2026-10-08,2026020059,PHI @ OTT,8480188,Fabian Zetterlund,OTT,PHI,L,shots,1.5,-115,-115,0.5,1.883,0.5613,Over,-115,0.0264,4.9,0.5613,Over,2,2,,2026-10-08T14:59:01.266685-04:00,2026-10-08 14:59,2026-10-08 17:21,2026-10-01,,,
2026-10-08,2026020059,PHI @ OTT,8481606,Jordan Spence,OTT,PHI,D,shots,1.5,-140,-105,0.5325,1.678,0.5,Under,-105,-0.0122,-2.4,0.5,Under,1,,,2026-10-08T14:59:01.266685-04:00,2026-10-08 14:59,2026-10-08 17:21,2026-10-01,,,
2026-10-08,2026020059,PHI @ OTT,8484387,Matvei Michkov,PHI,OTT,R,shots,1.5,105,-165,0.4393,1.964,0.584,Over,105,0.0962,19.7,0.584,Over,3,1,,2026-10-08T14:59:01.266685-04:00,2026-10-08 14:59,2026-10-08 17:21,2026-10-01,,,
2026-10-08,2026020059,PHI @ OTT,8480015,Owen Tippett,PHI,OTT,R,shots,2.5,100,-130,0.4694,2.156,0.3655,Under,-130,0.0692,12.2,0.3655,Under,2,2,,2026-10-08T14:59:01.266685-04:00,2026-10-08 14:59,2026-10-08 17:21,2026-10-01,,,
2026-10-08,2026020059,PHI @ OTT,8485406,Porter Martone,PHI,OTT,R,shots,1.5,-135,100,0.5347,1.716,0.5116,Under,100,-0.0116,-2.3,0.5116,Under,1,2,,2026-10-08T14:59:01.266685-04:00,2026-10-08 14:59,2026-10-08 17:21,2026-10-01,,,
2026-10-08,2026020059,PHI @ OTT,8476461,Sean Couturier,PHI,OTT,C,shots,1.5,-120,-110,0.5101,1.293,0.3706,Under,-110,0.1056,20.2,0.3706,Under,1,,,2026-10-08T14:59:01.266685-04:00,2026-10-08 14:59,2026-10-08 17:21,2026-10-01,,,
2026-10-08,2026020059,PHI @ OTT,8481596,Shane Pinto,OTT,PHI,C,shots,1.5,-195,125,0.598,2.027,0.6011,Over,-195,-0.0599,-9.1,0.6011,Over,3,2,,2026-10-08T14:59:01.266685-04:00,2026-10-08 14:59,2026-10-08 17:21,2026-10-01,,,
2026-10-08,2026020059,PHI @ OTT,8478469,Thomas Chabot,OTT,PHI,D,shots,1.5,-160,120,0.5752,2.054,0.6084,Over,-160,-0.007,-1.1,0.6084,Over,1,2,,2026-10-08T14:59:01.266685-04:00,2026-10-08 14:59,2026-10-08 17:21,2026-10-01,,,
2026-10-08,2026020059,PHI @ OTT,8482116,Tim Stützle,OTT,PHI,C,shots,2.5,130,-175,0.4059,2.357,0.419,Over,130,-0.0158,-3.6,0.419,Over,1,1,,2026-10-08T14:59:01.266685-04:00,2026-10-08 14:59,2026-10-08 17:21,2026-10-01,,,
2026-10-08,2026020059,PHI @ OTT,8478439,Travis Konecny,PHI,OTT,R,shots,1.5,-155,120,0.5721,1.927,0.5739,Over,-155,-0.034,-5.6,0.5739,Over,1,1,,2026-10-08T14:59:01.266685-04:00,2026-10-08 14:59,2026-10-08 17:21,2026-10-01,,,
2026-10-08,2026020059,PHI @ OTT,8481533,Trevor Zegras,PHI,OTT,C,shots,1.5,-135,100,0.5347,1.882,0.5612,Over,-135,-0.0133,-2.3,0.5612,Over,2,1,,2026-10-08T14:59:01.266685-04:00,2026-10-08 14:59,2026-10-08 17:21,2026-10-01,,,
2026-10-08,2026020059,PHI @ OTT,8482159,Tyson Foerster,PHI,OTT,R,shots,1.5,-125,-105,0.5203,1.916,0.5709,Over,-125,0.0153,2.8,0.5709,Over,3,1,,2026-10-08T14:59:01.266685-04:00,2026-10-08 14:59,2026-10-08 17:21,2026-10-01,,,
2026-10-08,2026020059,PHI @ OTT,8482667,William Eklund,OTT,PHI,L,shots,2.5,100,-145,0.4579,2.258,0.3929,Under,-145,0.0153,2.6,0.3929,Under,1,1,,2026-10-08T14:59:01.266685-04:00,2026-10-08 14:59,2026-10-08 17:21,2026-10-01,,,
2026-10-08,2026020060,MIN @ TBL,8478519,Anthony Cirelli,TBL,MIN,C,points,0.5,125,-165,0.4165,0.727,0.5168,Over,125,0.0724,16.3,0.5168,Over,2,2,,2026-10-08T14:59:01.266685-04:00,2026-10-08 14:59,2026-10-08 17:21,2026-10-01,,,
2026-10-08,2026020060,MIN @ TBL,8476399,Blake Coleman,MIN,TBL,L,points,0.5,140,-190,0.3887,0.564,0.4311,Over,140,0.0144,3.5,0.4311,Over,1,2,,2026-10-08T14:59:01.266685-04:00,2026-10-08 14:59,2026-10-08 17:21,2026-10-01,,,
2026-10-08,2026020060,MIN @ TBL,8479542,Brandon Hagel,TBL,MIN,L,points,0.5,-165,120,0.578,0.978,0.6238,Over,-165,0.0012,0.2,0.6238,Over,2,2,,2026-10-08T14:59:01.266685-04:00,2026-10-08 14:59,2026-10-08 17:21,2026-10-01,,,
2026-10-08,2026020060,MIN @ TBL,8478010,Brayden Point,TBL,MIN,C,points,0.5,-160,120,0.5752,0.912,0.5984,Over,-160,-0.017,-2.8,0.5984,Over,1,1,,2026-10-08T14:59:01.266685-04:00,2026-10-08 14:59,2026-10-08 17:21,2026-10-01,,,
2026-10-08,2026020060,MIN @ TBL,8480426,Charle-Edouard D'Astous,TBL,MIN,D,points,0.5,110,-145,0.4459,0.396,0.3267,Under,-145,0.0815,13.8,0.3267,Under,3,1,,2026-10-08T14:59:01.266685-04:00,2026-10-08 14:59,2026-10-08 17:21,2026-10-01,,,
2026-10-08,2026020060,MIN @ TBL,8483525,Danila Yurov,MIN,TBL,R,points,0.5,200,-275,0.3125,0.451,0.3632,Over,200,0.0299,9.0,0.3632,Over,2,2,,2026-10-08T14:59:01.266685-04:00,2026-10-08 14:59,2026-10-08 17:21,2026-10-01,,,
2026-10-08,2026020060,MIN @ TBL,8482201,Gage Goncalves,TBL,MIN,C,points,0.5,140,-190,0.3887,0.587,0.4438,Over,140,0.0271,6.5,0.4438,Over,1,2,,2026-10-08T14:59:01.266685-04:00,2026-10-08 14:59,2026-10-08 17:21,2026-10-01,,,
2026-10-08,2026020060,MIN @ TBL,8482655,J.J. Moser,TBL,MIN,D,points,0.5,180,-250,0.3333,0.358,0.3012,Under,-250,-0.0155,-2.2,0.3012,Under,1,2,,2026-10-08T14:59:01.266685-04:00,2026-10-08 14:59,2026-10-08 17:21,2026-10-01,,,
2026-10-08,2026020060,MIN @ TBL,8477404,Jake Guentzel,TBL,MIN,C,points,0.5,-195,145,0.6182,1.025,0.6413,Over,-195,-0.0197,-3.0,0.6413,Over,2,1,,2026-10-08T14:59:01.266685-04:00,2026-10-08 14:59,2026-10-08 17:21,2026-10-01,,,
2026-10-08,2026020060,MIN @ TBL,8474716,Jared Spurgeon,MIN,TBL,D,points,0.5,210,-300,0.3008,0.374,0.3119,Over,210,-0.0107,-3.3,0.3119,Over,1,2,,2026-10-08T14:59:01.266685-04:00,2026-10-08 14:59,2026-10-08 17:21,2026-10-01,,,
2026-10-08,2026020060,MIN @ TBL,8478493,Joel Eriksson Ek,MIN,TBL,C,points,0.5,-120,-110,0.5101,0.72,0.5133,Over,-120,-0.0321,-5.9,0.5133,Over,1,1,,2026-10-08T14:59:01.266685-04:00,2026-10-08 14:59,2026-10-08 17:21,2026-10-01,,,
2026-10-08,2026020060,MIN @ TBL,8474590,John Carlson,TBL,MIN,D,points,0.5,-120,-110,0.5101,0.743,0.5242,Over,-120,-0.0213,-3.9,0.5242,Over,1,1,,2026-10-08T14:59:01.266685-04:00,2026-10-08 14:59,2026-10-08 17:21,2026-10-01,,,
2026-10-08,2026020060,MIN @ TBL,8478864,Kirill Kaprizov,MIN,TBL,L,points,0.5,-210,155,0.6334,0.942,0.6101,Under,155,-0.0023,-0.6,0.6101,Under,2,1,,2026-10-08T14:59:01.266685-04:00,2026-10-08 14:59,2026-10-08 17:21,2026-10-01,,,
2026-10-08,2026020060,MIN @ TBL,8481557,Matt Boldy,MIN,TBL,L,points,0.5,-190,140,0.6113,0.899,0.5929,Under,140,-0.0096,-2.3,0.5929,Under,1,1,,2026-10-08T14:59:01.266685-04:00,2026-10-08 14:59,2026-10-08 17:21,2026-10-01,,,
2026-10-08,2026020060,MIN @ TBL,8485702,Maxim Shabanov,MIN,TBL,R,points,0.5,140,-185,0.3909,0.558,0.4279,Over,140,0.0113,2.7,0.4279,Over,2,1,,2026-10-08T14:59:01.266685-04:00,2026-10-08 14:59,2026-10-08 17:21,2026-10-01,,,
2026-10-08,2026020060,MIN @ TBL,8476453,Nikita Kucherov,TBL,MIN,R,points,1.5,100,-140,0.4615,1.412,0.4122,Under,-140,0.0045,0.8,0.4122,Under,1,1,,2026-10-08T14:59:01.266685-04:00,2026-10-08 14:59,2026-10-08 17:21,2026-10-01,,,
2026-10-08,2026020060,MIN @ TBL,8480800,Quinn Hughes,MIN,TBL,D,points,0.5,-155,115,0.5665,0.851,0.573,Over,-155,-0.0349,-5.7,0.573,Over,1,1,,2026-10-08T14:59:01.266685-04:00,2026-10-08 14:59,2026-10-08 17:21,2026-10-01,,,
2026-10-08,2026020060,MIN @ TBL,8478519,Anthony Cirelli,TBL,MIN,C,shots,1.5,-105,-125,0.4797,1.95,0.5804,Over,-105,0.0682,13.3,0.5804,Over,2,2,,2026-10-08T14:59:01.266685-04:00,2026-10-08 14:59,2026-10-08 17:21,2026-10-01,,,
2026-10-08,2026020060,MIN @ TBL,8476399,Blake Coleman,MIN,TBL,L,shots,1.5,-155,120,0.5721,2.243,0.6558,Over,-155,0.048,7.9,0.6558,Over,1,2,,2026-10-08T14:59:01.266685-04:00,2026-10-08 14:59,2026-10-08 17:21,2026-10-01,,,
2026-10-08,2026020060,MIN @ TBL,8479542,Brandon Hagel,TBL,MIN,L,shots,2.5,-145,110,0.5541,3.352,0.6509,Over,-145,0.0591,10.0,0.6509,Over,2,2,,2026-10-08T14:59:01.266685-04:00,2026-10-08 14:59,2026-10-08 17:21,2026-10-01,,,
2026-10-08,2026020060,MIN @ TBL,8478010,Brayden Point,TBL,MIN,C,shots,2.5,115,-150,0.4367,2.595,0.4803,Over,115,0.0152,3.3,0.4803,Over,1,1,,2026-10-08T14:59:01.266685-04:00,2026-10-08 14:59,2026-10-08 17:21,2026-10-01,,,
2026-10-08,2026020060,MIN @ TBL,8480426,Charle-Edouard D'Astous,TBL,MIN,D,shots,1.5,-120,-120,0.5,1.249,0.3549,Under,-120,0.0997,18.3,0.3549,Under,3,1,,2026-10-08T14:59:01.266685-04:00,2026-10-08 14:59,2026-10-08 17:21,2026-10-01,,,
2026-10-08,2026020060,MIN @ TBL,8482201,Gage Goncalves,TBL,MIN,C,shots,1.5,115,-150,0.4367,1.573,0.4662,Over,115,0.0011,0.2,0.4662,Over,1,2,,2026-10-08T14:59:01.266685-04:00,2026-10-08 14:59,2026-10-08 17:21,2026-10-01,,,
2026-10-08,2026020060,MIN @ TBL,8481624,Ilya Mikheyev,TBL,MIN,R,shots,1.5,115,-155,0.4335,1.329,0.3832,Under,-155,0.0089,1.5,0.3832,Under,3,,,2026-10-08T14:59:01.266685-04:00,2026-10-08 14:59,2026-10-08 17:21,2026-10-01,,,
2026-10-08,2026020060,MIN @ TBL,8477404,Jake Guentzel,TBL,MIN,C,shots,2.5,-115,-115,0.5,2.845,0.5413,Over,-115,0.0064,1.2,0.5413,Over,2,1,,2026-10-08T14:59:01.266685-04:00,2026-10-08 14:59,2026-10-08 17:21,2026-10-01,,,
2026-10-08,2026020060,MIN @ TBL,8478493,Joel Eriksson Ek,MIN,TBL,C,shots,2.5,110,-145,0.4459,2.506,0.4577,Over,110,-0.0185,-3.9,0.4577,Over,1,1,,2026-10-08T14:59:01.266685-04:00,2026-10-08 14:59,2026-10-08 17:21,2026-10-01,,,
2026-10-08,2026020060,MIN @ TBL,8474590,John Carlson,TBL,MIN,D,shots,2.5,145,-195,0.3818,2.309,0.4064,Over,145,-0.0018,-0.4,0.4064,Over,1,1,,2026-10-08T14:59:01.266685-04:00,2026-10-08 14:59,2026-10-08 17:21,2026-10-01,,,
2026-10-08,2026020060,MIN @ TBL,8478864,Kirill Kaprizov,MIN,TBL,L,shots,2.5,-165,125,0.5835,2.9,0.5539,Under,125,0.0016,0.4,0.5539,Under,2,1,,2026-10-08T14:59:01.266685-04:00,2026-10-08 14:59,2026-10-08 17:21,2026-10-01,,,
2026-10-08,2026020060,MIN @ TBL,8481557,Matt Boldy,MIN,TBL,L,shots,2.5,-165,115,0.5724,3.098,0.5984,Over,-165,-0.0242,-3.9,0.5984,Over,1,1,,2026-10-08T14:59:01.266685-04:00,2026-10-08 14:59,2026-10-08 17:21,2026-10-01,,,
2026-10-08,2026020060,MIN @ TBL,8476453,Nikita Kucherov,TBL,MIN,R,shots,2.5,-150,120,0.569,3.462,0.672,Over,-150,0.072,12.0,0.672,Over,1,1,,2026-10-08T14:59:01.266685-04:00,2026-10-08 14:59,2026-10-08 17:21,2026-10-01,,,
2026-10-08,2026020060,MIN @ TBL,8480800,Quinn Hughes,MIN,TBL,D,shots,2.5,110,-145,0.4459,2.367,0.4217,Under,-145,-0.0135,-2.3,0.4217,Under,1,1,,2026-10-08T14:59:01.266685-04:00,2026-10-08 14:59,2026-10-08 17:21,2026-10-01,,,
2026-10-08,2026020060,MIN @ TBL,8477451,Ryan Hartman,MIN,TBL,R,shots,1.5,-120,-110,0.5101,1.641,0.4883,Under,-110,-0.0121,-2.3,0.4883,Under,3,2,,2026-10-08T14:59:01.266685-04:00,2026-10-08 14:59,2026-10-08 17:21,2026-10-01,,,
2026-10-08,2026020061,VAN @ CAR,8480830,Andrei Svechnikov,CAR,VAN,R,points,0.5,-210,155,0.6334,1.02,0.6395,Over,-210,-0.0379,-5.6,0.6395,Over,1,1,,2026-10-08T14:59:01.266685-04:00,2026-10-08 14:59,2026-10-08 17:21,2026-10-01,,,
2026-10-08,2026020061,VAN @ CAR,8478444,Brock Boeser,VAN,CAR,R,points,0.5,100,-135,0.4653,0.63,0.4676,Over,100,-0.0324,-6.5,0.4676,Over,2,1,,2026-10-08T14:59:01.266685-04:00,2026-10-08 14:59,2026-10-08 17:21,2026-10-01,,,
2026-10-08,2026020061,VAN @ CAR,8480012,Elias Pettersson,VAN,CAR,C,points,0.5,-125,-105,0.5203,0.731,0.5183,Under,-105,-0.0305,-6.0,0.5183,Under,1,1,,2026-10-08T14:59:01.266685-04:00,2026-10-08 14:59,2026-10-08 17:21,2026-10-01,,,
2026-10-08,2026020061,VAN @ CAR,8483678,Elias Pettersson,VAN,CAR,D,points,0.5,-125,-105,0.5203,0.284,0.247,Under,-105,0.2408,47.0,0.247,Under,1,1,,2026-10-08T14:59:01.266685-04:00,2026-10-08 14:59,2026-10-08 17:21,2026-10-01,,,
2026-10-08,2026020061,VAN @ CAR,8479425,Filip Hronek,VAN,CAR,D,points,0.5,100,-130,0.4694,0.617,0.4607,Under,-130,-0.0259,-4.6,0.4607,Under,1,1,,2026-10-08T14:59:01.266685-04:00,2026-10-08 14:59,2026-10-08 17:21,2026-10-01,,,
2026-10-08,2026020061,VAN @ CAR,8476958,Jaccob Slavin,CAR,VAN,D,points,0.5,160,-220,0.3587,0.407,0.3345,Under,-220,-0.022,-3.2,0.3345,Under,1,,,2026-10-08T14:59:01.266685-04:00,2026-10-08 14:59,2026-10-08 17:21,2026-10-01,,,
2026-10-08,2026020061,VAN @ CAR,8482809,Jackson Blake,CAR,VAN,R,points,0.5,-145,110,0.5541,0.881,0.5855,Over,-145,-0.0064,-1.1,0.5855,Over,2,1,,2026-10-08T14:59:01.266685-04:00,2026-10-08 14:59,2026-10-08 17:21,2026-10-01,,,
2026-10-08,2026020061,VAN @ CAR,8478498,Jake DeBrusk,VAN,CAR,L,points,0.5,120,-160,0.4248,0.551,0.4237,Under,-160,-0.0391,-6.3,0.4237,Under,1,1,,2026-10-08T14:59:01.266685-04:00,2026-10-08 14:59,2026-10-08 17:21,2026-10-01,,,
2026-10-08,2026020061,VAN @ CAR,8478970,Jalen Chatfield,CAR,VAN,D,points,0.5,180,-250,0.3333,0.348,0.294,Under,-250,-0.0083,-1.2,0.294,Under,1,,,2026-10-08T14:59:01.266685-04:00,2026-10-08 14:59,2026-10-08 17:21,2026-10-01,,,
2026-10-08,2026020061,VAN @ CAR,8483476,Jonathan Lekkerimaki,VAN,CAR,R,points,0.5,240,-350,0.2744,0.405,0.333,Over,240,0.0388,13.2,0.333,Over,1,2,,2026-10-08T14:59:01.266685-04:00,2026-10-08 14:59,2026-10-08 17:21,2026-10-01,,,
2026-10-08,2026020061,VAN @ CAR,8476921,Jordan Martinook,CAR,VAN,L,points,0.5,150,-200,0.375,0.492,0.3888,Over,150,-0.0112,-2.8,0.3888,Over,3,,,2026-10-08T14:59:01.266685-04:00,2026-10-08 14:59,2026-10-08 17:21,2026-10-01,,,
2026-10-08,2026020061,VAN @ CAR,8473533,Jordan Staal,CAR,VAN,C,points,0.5,-105,-130,0.4754,0.626,0.4651,Under,-130,-0.0303,-5.4,0.4651,Under,3,2,,2026-10-08T14:59:01.266685-04:00,2026-10-08 14:59,2026-10-08 17:21,2026-10-01,,,
2026-10-08,2026020061,VAN @ CAR,8480817,K'Andre Miller,CAR,VAN,D,points,0.5,140,-185,0.3909,0.576,0.4377,Over,140,0.021,5.0,0.4377,Over,2,2,,2026-10-08T14:59:01.266685-04:00,2026-10-08 14:59,2026-10-08 17:21,2026-10-01,,,
2026-10-08,2026020061,VAN @ CAR,8482702,Logan Stankoven,CAR,VAN,C,points,0.5,-130,100,0.5306,0.747,0.5264,Under,100,-0.0264,-5.3,0.5264,Under,2,2,,2026-10-08T14:59:01.266685-04:00,2026-10-08 14:59,2026-10-08 17:21,2026-10-01,,,
2026-10-08,2026020061,VAN @ CAR,8482079,Marco Rossi,VAN,CAR,C,points,0.5,115,-155,0.4335,0.664,0.4851,Over,115,0.0199,4.3,0.4851,Over,2,1,,2026-10-08T14:59:01.266685-04:00,2026-10-08 14:59,2026-10-08 17:21,2026-10-01,,,
2026-10-08,2026020061,VAN @ CAR,8477940,Nikolaj Ehlers,CAR,VAN,L,points,0.5,-175,130,0.5941,0.927,0.6041,Over,-175,-0.0323,-5.1,0.6041,Over,3,1,,2026-10-08T14:59:01.266685-04:00,2026-10-08 14:59,2026-10-08 17:21,2026-10-01,,,
2026-10-08,2026020061,VAN @ CAR,8480336,Sean Walker,CAR,VAN,D,points,0.5,145,-200,0.3797,0.459,0.3681,Under,-200,-0.0348,-5.2,0.3681,Under,2,2,,2026-10-08T14:59:01.266685-04:00,2026-10-08 14:59,2026-10-08 17:21,2026-10-01,,,
2026-10-08,2026020061,VAN @ CAR,8478427,Sebastian Aho,CAR,VAN,C,points,1.5,170,-230,0.347,1.169,0.326,Under,-230,-0.023,-3.3,0.326,Under,1,1,,2026-10-08T14:59:01.266685-04:00,2026-10-08 14:59,2026-10-08 17:21,2026-10-01,,,
2026-10-08,2026020061,VAN @ CAR,8476906,Shayne Gostisbehere,CAR,VAN,D,points,0.5,-130,-105,0.5246,0.779,0.5411,Over,-130,-0.0241,-4.3,0.5411,Over,3,1,,2026-10-08T14:59:01.266685-04:00,2026-10-08 14:59,2026-10-08 17:21,2026-10-01,,,
2026-10-08,2026020061,VAN @ CAR,8475791,Taylor Hall,CAR,VAN,L,points,0.5,-110,-120,0.4899,0.693,0.4998,Over,-110,-0.024,-4.6,0.4998,Over,2,2,,2026-10-08T14:59:01.266685-04:00,2026-10-08 14:59,2026-10-08 17:21,2026-10-01,,,
2026-10-08,2026020061,VAN @ CAR,8484240,Tom Willander,VAN,CAR,D,points,0.5,250,-375,0.2657,0.377,0.3143,Over,250,0.0286,10.0,0.3143,Over,2,2,,2026-10-08T14:59:01.266685-04:00,2026-10-08 14:59,2026-10-08 17:21,2026-10-01,,,
2026-10-08,2026020061,VAN @ CAR,8484798,Zeev Buium,VAN,CAR,D,points,0.5,210,-300,0.3008,0.321,0.2747,Under,-300,-0.0247,-3.3,0.2747,Under,1,2,,2026-10-08T14:59:01.266685-04:00,2026-10-08 14:59,2026-10-08 17:21,2026-10-01,,,
2026-10-08,2026020061,VAN @ CAR,8480830,Andrei Svechnikov,CAR,VAN,R,shots,2.5,-140,105,0.5446,3.072,0.5927,Over,-140,0.0094,1.6,0.5927,Over,1,1,,2026-10-08T14:59:01.266685-04:00,2026-10-08 14:59,2026-10-08 17:21,2026-10-01,,,
2026-10-08,2026020061,VAN @ CAR,8478444,Brock Boeser,VAN,CAR,R,shots,1.5,-125,-110,0.5147,1.875,0.5591,Over,-125,0.0035,0.6,0.5591,Over,2,1,,2026-10-08T14:59:01.266685-04:00,2026-10-08 14:59,2026-10-08 17:21,2026-10-01,,,
2026-10-08,2026020061,VAN @ CAR,8480012,Elias Pettersson,VAN,CAR,C,shots,1.5,-135,100,0.5347,1.732,0.5166,Under,100,-0.0166,-3.3,0.5166,Under,1,1,,2026-10-08T14:59:01.266685-04:00,2026-10-08 14:59,2026-10-08 17:21,2026-10-01,,,
2026-10-08,2026020061,VAN @ CAR,8483678,Elias Pettersson,VAN,CAR,D,shots,1.5,-135,100,0.5347,1.0,0.2641,Under,100,0.2359,47.2,0.2641,Under,1,1,,2026-10-08T14:59:01.266685-04:00,2026-10-08 14:59,2026-10-08 17:21,2026-10-01,,,
2026-10-08,2026020061,VAN @ CAR,8479425,Filip Hronek,VAN,CAR,D,shots,1.5,-110,-120,0.4899,1.486,0.4376,Under,-120,0.017,3.1,0.4376,Under,1,1,,2026-10-08T14:59:01.266685-04:00,2026-10-08 14:59,2026-10-08 17:21,2026-10-01,,,
2026-10-08,2026020061,VAN @ CAR,8476958,Jaccob Slavin,CAR,VAN,D,shots,1.5,-105,-130,0.4754,1.581,0.4688,Under,-130,-0.0341,-6.0,0.4688,Under,1,,,2026-10-08T14:59:01.266685-04:00,2026-10-08 14:59,2026-10-08 17:21,2026-10-01,,,
2026-10-08,2026020061,VAN @ CAR,8482809,Jackson Blake,CAR,VAN,R,shots,2.5,120,-180,0.4142,2.748,0.5182,Over,120,0.0636,14.0,0.5182,Over,2,1,,2026-10-08T14:59:01.266685-04:00,2026-10-08 14:59,2026-10-08 17:21,2026-10-01,,,
2026-10-08,2026020061,VAN @ CAR,8478498,Jake DeBrusk,VAN,CAR,L,shots,1.5,-190,140,0.6113,2.017,0.5986,Under,140,-0.0153,-3.7,0.5986,Under,1,1,,2026-10-08T14:59:01.266685-04:00,2026-10-08 14:59,2026-10-08 17:21,2026-10-01,,,
2026-10-08,2026020061,VAN @ CAR,8476921,Jordan Martinook,CAR,VAN,L,shots,1.5,-140,105,0.5446,1.611,0.4786,Under,105,0.0336,6.9,0.4786,Under,3,,,2026-10-08T14:59:01.266685-04:00,2026-10-08 14:59,2026-10-08 17:21,2026-10-01,,,
2026-10-08,2026020061,VAN @ CAR,8473533,Jordan Staal,CAR,VAN,C,shots,1.5,-155,115,0.5665,1.708,0.5094,Under,115,0.0255,5.5,0.5094,Under,3,2,,2026-10-08T14:59:01.266685-04:00,2026-10-08 14:59,2026-10-08 17:21,2026-10-01,,,
2026-10-08,2026020061,VAN @ CAR,8482702,Logan Stankoven,CAR,VAN,C,shots,2.5,125,-165,0.4165,2.442,0.4412,Over,125,-0.0032,-0.7,0.4412,Over,2,2,,2026-10-08T14:59:01.266685-04:00,2026-10-08 14:59,2026-10-08 17:21,2026-10-01,,,
2026-10-08,2026020061,VAN @ CAR,8477940,Nikolaj Ehlers,CAR,VAN,L,shots,2.5,-120,-110,0.5101,2.752,0.519,Over,-120,-0.0265,-4.9,0.519,Over,3,1,,2026-10-08T14:59:01.266685-04:00,2026-10-08 14:59,2026-10-08 17:21,2026-10-01,,,
2026-10-08,2026020061,VAN @ CAR,8480336,Sean Walker,CAR,VAN,D,shots,2.5,145,-195,0.3818,2.238,0.3875,Over,145,-0.0207,-5.1,0.3875,Over,2,2,,2026-10-08T14:59:01.266685-04:00,2026-10-08 14:59,2026-10-08 17:21,2026-10-01,,,
2026-10-08,2026020061,VAN @ CAR,8478427,Sebastian Aho,CAR,VAN,C,shots,2.5,-125,-105,0.5203,2.893,0.5523,Over,-125,-0.0032,-0.6,0.5523,Over,1,1,,2026-10-08T14:59:01.266685-04:00,2026-10-08 14:59,2026-10-08 17:21,2026-10-01,,,
2026-10-08,2026020061,VAN @ CAR,8476906,Shayne Gostisbehere,CAR,VAN,D,shots,1.5,-160,120,0.5752,2.064,0.6111,Over,-160,-0.0043,-0.7,0.6111,Over,3,1,,2026-10-08T14:59:01.266685-04:00,2026-10-08 14:59,2026-10-08 17:21,2026-10-01,,,
2026-10-08,2026020061,VAN @ CAR,8475791,Taylor Hall,CAR,VAN,L,shots,1.5,-155,120,0.5721,1.966,0.5846,Over,-155,-0.0232,-3.8,0.5846,Over,2,2,,2026-10-08T14:59:01.266685-04:00,2026-10-08 14:59,2026-10-08 17:21,2026-10-01,,,
2026-10-08,2026020061,VAN @ CAR,8477478,William Carrier,CAR,VAN,L,shots,1.5,100,-135,0.4653,1.505,0.4439,Under,-135,-0.0183,-3.2,0.4439,Under,1,,,2026-10-08T14:59:01.266685-04:00,2026-10-08 14:59,2026-10-08 17:21,2026-10-01,,,
2026-10-08,2026020062,CHI @ NYI,8485391,Anton Frondell,CHI,NYI,C,points,0.5,-110,-120,0.4899,0.739,0.5223,Over,-110,-0.0015,-0.3,0.5223,Over,2,1,,2026-10-08T14:59:01.266685-04:00,2026-10-08 14:59,2026-10-08 17:21,2026-10-01,,,
2026-10-08,2026020062,CHI @ NYI,8477500,Bo Horvat,NYI,CHI,C,points,0.5,-210,155,0.6334,0.916,0.6,Under,155,0.0079,2.0,0.6,Under,1,1,,2026-10-08T14:59:01.266685-04:00,2026-10-08 14:59,2026-10-08 17:21,2026-10-01,,,
2026-10-08,2026020062,CHI @ NYI,8481524,Bowen Byram,CHI,NYI,D,points,0.5,120,-160,0.4248,0.531,0.4122,Under,-160,-0.0276,-4.5,0.4122,Under,1,1,,2026-10-08T14:59:01.266685-04:00,2026-10-08 14:59,2026-10-08 17:21,2026-10-01,,,
2026-10-08,2026020062,CHI @ NYI,8475170,Brayden Schenn,NYI,CHI,C,points,0.5,-125,-105,0.5203,0.715,0.5106,Under,-105,-0.0228,-4.4,0.5106,Under,2,1,,2026-10-08T14:59:01.266685-04:00,2026-10-08 14:59,2026-10-08 17:21,2026-10-01,,,
2026-10-08,2026020062,CHI @ NYI,8484221,Calum Ritchie,NYI,CHI,C,points,0.5,130,-175,0.4059,0.61,0.4568,Over,130,0.022,5.1,0.4568,Over,2,2,,2026-10-08T14:59:01.266685-04:00,2026-10-08 14:59,2026-10-08 17:21,2026-10-01,,,
2026-10-08,2026020062,CHI @ NYI,8482476,Emil Heineman,NYI,CHI,L,points,0.5,155,-210,0.3666,0.496,0.3909,Over,155,-0.0012,-0.3,0.3909,Over,1,,,2026-10-08T14:59:01.266685-04:00,2026-10-08 14:59,2026-10-08 17:21,2026-10-01,,,
2026-10-08,2026020062,CHI @ NYI,8483493,Frank Nazar,CHI,NYI,C,points,0.5,115,-155,0.4335,0.62,0.4621,Over,115,-0.0031,-0.7,0.4621,Over,1,2,,2026-10-08T14:59:01.266685-04:00,2026-10-08 14:59,2026-10-08 17:21,2026-10-01,,,
2026-10-08,2026020062,CHI @ NYI,8475151,Kyle Palmieri,NYI,CHI,C,points,0.5,-135,100,0.5347,0.74,0.5231,Under,100,-0.0231,-4.6,0.5231,Under,1,1,,2026-10-08T14:59:01.266685-04:00,2026-10-08 14:59,2026-10-08 17:21,2026-10-01,,,
2026-10-08,2026020062,CHI @ NYI,8481711,Matias Maccelli,NYI,CHI,L,points,0.5,105,-145,0.4518,0.584,0.4422,Under,-145,-0.034,-5.7,0.4422,Under,4,1,,2026-10-08T14:59:01.266685-04:00,2026-10-08 14:59,2026-10-08 17:21,2026-10-01,,,
2026-10-08,2026020062,CHI @ NYI,8485366,Matthew Schaefer,NYI,CHI,D,points,0.5,-190,140,0.6113,0.787,0.545,Under,140,0.0384,9.2,0.545,Under,1,1,,2026-10-08T14:59:01.266685-04:00,2026-10-08 14:59,2026-10-08 17:21,2026-10-01,,,
2026-10-08,2026020062,CHI @ NYI,8474141,Patrick Kane,CHI,NYI,R,points,0.5,-145,110,0.5541,0.821,0.5598,Over,-145,-0.032,-5.4,0.5598,Over,1,1,,2026-10-08T14:59:01.266685-04:00,2026-10-08 14:59,2026-10-08 17:21,2026-10-01,,,
2026-10-08,2026020062,CHI @ NYI,8484390,Roman Kantserov,CHI,NYI,R,points,0.5,115,-155,0.4335,0.672,0.4892,Over,115,0.024,5.2,0.4892,Over,2,1,,2026-10-08T14:59:01.266685-04:00,2026-10-08 14:59,2026-10-08 17:21,2026-10-01,,,
2026-10-08,2026020062,CHI @ NYI,8481601,Simon Holmstrom,NYI,CHI,R,points,0.5,145,-195,0.3818,0.633,0.4692,Over,145,0.061,14.9,0.4692,Over,3,2,,2026-10-08T14:59:01.266685-04:00,2026-10-08 14:59,2026-10-08 17:21,2026-10-01,,,
2026-10-08,2026020062,CHI @ NYI,8477950,Tony DeAngelo,NYI,CHI,D,points,0.5,140,-190,0.3887,0.424,0.3454,Under,-190,-0.0006,-0.1,0.3454,Under,3,2,,2026-10-08T14:59:01.266685-04:00,2026-10-08 14:59,2026-10-08 17:21,2026-10-01,,,
2026-10-08,2026020062,CHI @ NYI,8477479,Tyler Bertuzzi,CHI,NYI,L,points,0.5,100,-135,0.4653,0.679,0.4928,Over,100,-0.0072,-1.4,0.4928,Over,2,1,,2026-10-08T14:59:01.266685-04:00,2026-10-08 14:59,2026-10-08 17:21,2026-10-01,,,
2026-10-08,2026020062,CHI @ NYI,8485388,Victor Eklund,NYI,CHI,R,points,0.5,105,-140,0.4554,0.628,0.4666,Over,105,-0.0212,-4.4,0.4666,Over,2,2,,2026-10-08T14:59:01.266685-04:00,2026-10-08 14:59,2026-10-08 17:21,2026-10-01,,,
2026-10-08,2026020062,CHI @ NYI,8485391,Anton Frondell,CHI,NYI,C,shots,2.5,110,-160,0.4362,2.366,0.4215,Under,-160,-0.0369,-6.0,0.4215,Under,2,1,,2026-10-08T14:59:01.266685-04:00,2026-10-08 14:59,2026-10-08 17:21,2026-10-01,,,
2026-10-08,2026020062,CHI @ NYI,8477500,Bo Horvat,NYI,CHI,C,shots,2.5,-155,120,0.5721,3.235,0.6274,Over,-155,0.0196,3.2,0.6274,Over,1,1,,2026-10-08T14:59:01.266685-04:00,2026-10-08 14:59,2026-10-08 17:21,2026-10-01,,,
2026-10-08,2026020062,CHI @ NYI,8481524,Bowen Byram,CHI,NYI,D,shots,1.5,110,-145,0.4459,1.328,0.383,Under,-145,0.0252,4.3,0.383,Under,1,1,,2026-10-08T14:59:01.266685-04:00,2026-10-08 14:59,2026-10-08 17:21,2026-10-01,,,
2026-10-08,2026020062,CHI @ NYI,8475170,Brayden Schenn,NYI,CHI,C,shots,1.5,-150,115,0.5633,2.011,0.5971,Over,-150,-0.0029,-0.5,0.5971,Over,2,1,,2026-10-08T14:59:01.266685-04:00,2026-10-08 14:59,2026-10-08 17:21,2026-10-01,,,
2026-10-08,2026020062,CHI @ NYI,8484221,Calum Ritchie,NYI,CHI,C,shots,1.5,105,-135,0.4592,1.589,0.4713,Over,105,-0.0165,-3.4,0.4713,Over,2,2,,2026-10-08T14:59:01.266685-04:00,2026-10-08 14:59,2026-10-08 17:21,2026-10-01,,,
2026-10-08,2026020062,CHI @ NYI,8482476,Emil Heineman,NYI,CHI,L,shots,1.5,-120,-110,0.5101,1.788,0.5337,Over,-120,-0.0118,-2.2,0.5337,Over,1,,,2026-10-08T14:59:01.266685-04:00,2026-10-08 14:59,2026-10-08 17:21,2026-10-01,,,
2026-10-08,2026020062,CHI @ NYI,8483493,Frank Nazar,CHI,NYI,C,shots,1.5,-145,110,0.5541,1.83,0.5459,Under,110,-0.0221,-4.6,0.5459,Under,1,2,,2026-10-08T14:59:01.266685-04:00,2026-10-08 14:59,2026-10-08 17:21,2026-10-01,,,
2026-10-08,2026020062,CHI @ NYI,8475151,Kyle Palmieri,NYI,CHI,C,shots,2.5,-120,-110,0.5101,2.647,0.4932,Under,-110,-0.017,-3.3,0.4932,Under,1,1,,2026-10-08T14:59:01.266685-04:00,2026-10-08 14:59,2026-10-08 17:21,2026-10-01,,,
2026-10-08,2026020062,CHI @ NYI,8485366,Matthew Schaefer,NYI,CHI,D,shots,2.5,-170,115,0.5751,2.862,0.5452,Under,115,-0.0104,-2.2,0.5452,Under,1,1,,2026-10-08T14:59:01.266685-04:00,2026-10-08 14:59,2026-10-08 17:21,2026-10-01,,,
2026-10-08,2026020062,CHI @ NYI,8474141,Patrick Kane,CHI,NYI,R,shots,2.5,125,-165,0.4165,2.403,0.4312,Over,125,-0.0133,-3.0,0.4312,Over,1,1,,2026-10-08T14:59:01.266685-04:00,2026-10-08 14:59,2026-10-08 17:21,2026-10-01,,,
2026-10-08,2026020062,CHI @ NYI,8484390,Roman Kantserov,CHI,NYI,R,shots,1.5,-175,130,0.5941,2.011,0.5969,Over,-175,-0.0394,-6.2,0.5969,Over,2,1,,2026-10-08T14:59:01.266685-04:00,2026-10-08 14:59,2026-10-08 17:21,2026-10-01,,,
2026-10-08,2026020062,CHI @ NYI,8481601,Simon Holmstrom,NYI,CHI,R,shots,1.5,110,-145,0.4459,1.498,0.4415,Under,-145,-0.0333,-5.6,0.4415,Under,3,2,,2026-10-08T14:59:01.266685-04:00,2026-10-08 14:59,2026-10-08 17:21,2026-10-01,,,
2026-10-08,2026020062,CHI @ NYI,8477950,Tony DeAngelo,NYI,CHI,D,shots,1.5,-105,-125,0.4797,1.623,0.4826,Over,-105,-0.0296,-5.8,0.4826,Over,3,2,,2026-10-08T14:59:01.266685-04:00,2026-10-08 14:59,2026-10-08 17:21,2026-10-01,,,
2026-10-08,2026020062,CHI @ NYI,8477479,Tyler Bertuzzi,CHI,NYI,L,shots,1.5,-140,105,0.5446,1.852,0.5525,Over,-140,-0.0308,-5.3,0.5525,Over,2,1,,2026-10-08T14:59:01.266685-04:00,2026-10-08 14:59,2026-10-08 17:21,2026-10-01,,,
2026-10-08,2026020062,CHI @ NYI,8485388,Victor Eklund,NYI,CHI,R,shots,1.5,-125,-105,0.5203,1.868,0.5572,Over,-125,0.0016,0.3,0.5572,Over,2,2,,2026-10-08T14:59:01.266685-04:00,2026-10-08 14:59,2026-10-08 17:21,2026-10-01,,,
2026-10-08,2026020063,SJS @ STL,8484790,Adam Jiricek,STL,SJS,D,points,0.5,120,-160,0.4248,0.599,0.4504,Over,120,-0.0041,-0.9,0.4504,Over,1,1,,2026-10-08T14:59:01.266685-04:00,2026-10-08 14:59,2026-10-08 17:21,2026-10-01,,,
2026-10-08,2026020063,SJS @ STL,8477505,Alexander Wennberg,SJS,STL,C,points,0.5,105,-140,0.4554,0.621,0.4623,Over,105,-0.0255,-5.2,0.4623,Over,2,1,,2026-10-08T14:59:01.266685-04:00,2026-10-08 14:59,2026-10-08 17:21,2026-10-01,,,
2026-10-08,2026020063,SJS @ STL,8475764,Cam Fowler,STL,SJS,D,points,0.5,155,-210,0.3666,0.423,0.3452,Under,-210,-0.0226,-3.3,0.3452,Under,3,2,,2026-10-08T14:59:01.266685-04:00,2026-10-08 14:59,2026-10-08 17:21,2026-10-01,,,
2026-10-08,2026020063,SJS @ STL,8481580,Connor McMichael,STL,SJS,L,points,0.5,135,-180,0.3983,0.667,0.4865,Over,135,0.061,14.3,0.4865,Over,2,2,,2026-10-08T14:59:01.266685-04:00,2026-10-08 14:59,2026-10-08 17:21,2026-10-01,,,
2026-10-08,2026020063,SJS @ STL,8484164,Dalibor Dvorsky,STL,SJS,R,points,0.5,150,-200,0.375,0.397,0.3273,Under,-200,0.006,0.9,0.3273,Under,3,2,,2026-10-08T14:59:01.266685-04:00,2026-10-08 14:59,2026-10-08 17:21,2026-10-01,,,
2026-10-08,2026020063,SJS @ STL,8475200,Dmitry Orlov,SJS,STL,D,points,0.5,175,-240,0.34,0.306,0.264,Under,-240,0.0301,4.3,0.264,Under,3,2,,2026-10-08T14:59:01.266685-04:00,2026-10-08 14:59,2026-10-08 17:21,2026-10-01,,,
2026-10-08,2026020063,SJS @ STL,8482077,Dylan Holloway,STL,SJS,L,points,0.5,-170,130,0.5915,0.93,0.6053,Over,-170,-0.0243,-3.9,0.6053,Over,1,1,,2026-10-08T14:59:01.266685-04:00,2026-10-08 14:59,2026-10-08 17:21,2026-10-01,,,
2026-10-08,2026020063,SJS @ STL,8484994,Igor Chernyshov,SJS,STL,L,points,0.5,120,-160,0.4248,0.69,0.4985,Over,120,0.0439,9.7,0.4985,Over,1,1,,2026-10-08T14:59:01.266685-04:00,2026-10-08 14:59,2026-10-08 17:21,2026-10-01,,,
2026-10-08,2026020063,SJS @ STL,8486103,Ivar Stenberg,SJS,STL,L,points,0.5,145,-195,0.3818,0.62,0.4622,Over,145,0.0541,13.2,0.4622,Over,2,1,,2026-10-08T14:59:01.266685-04:00,2026-10-08 14:59,2026-10-08 17:21,2026-10-01,,,
2026-10-08,2026020063,SJS @ STL,8482089,Jake Neighbours,STL,SJS,L,points,0.5,145,-195,0.3818,0.578,0.4391,Over,145,0.0309,7.6,0.4391,Over,3,1,,2026-10-08T14:59:01.266685-04:00,2026-10-08 14:59,2026-10-08 17:21,2026-10-01,,,
2026-10-08,2026020063,SJS @ STL,8483516,Jimmy Snuggerud,STL,SJS,R,points,0.5,-160,120,0.5752,0.903,0.5945,Over,-160,-0.0209,-3.4,0.5945,Over,1,1,,2026-10-08T14:59:01.266685-04:00,2026-10-08 14:59,2026-10-08 17:21,2026-10-01,,,
2026-10-08,2026020063,SJS @ STL,8480748,Kiefer Sherwood,SJS,STL,L,points,0.5,155,-210,0.3666,0.446,0.3596,Under,-210,-0.037,-5.5,0.3596,Under,2,2,,2026-10-08T14:59:01.266685-04:00,2026-10-08 14:59,2026-10-08 17:21,2026-10-01,,,
2026-10-08,2026020063,SJS @ STL,8484152,Luca Cagnoni,SJS,STL,D,points,0.5,135,-185,0.396,0.423,0.3452,Under,-185,0.0056,0.9,0.3452,Under,3,1,,2026-10-08T14:59:01.266685-04:00,2026-10-08 14:59,2026-10-08 17:21,2026-10-01,,,
2026-10-08,2026020063,SJS @ STL,8478975,Mason Marchment,SJS,STL,L,points,0.5,-105,-130,0.4754,0.632,0.4683,Under,-130,-0.0335,-5.9,0.4683,Under,1,2,,2026-10-08T14:59:01.266685-04:00,2026-10-08 14:59,2026-10-08 17:21,2026-10-01,,,
2026-10-08,2026020063,SJS @ STL,8482745,Mason McTavish,STL,SJS,C,points,0.5,110,-145,0.4459,0.627,0.4658,Over,110,-0.0104,-2.2,0.4658,Over,2,2,,2026-10-08T14:59:01.266685-04:00,2026-10-08 14:59,2026-10-08 17:21,2026-10-01,,,
2026-10-08,2026020063,SJS @ STL,8485402,Michael Misa,SJS,STL,C,points,0.5,175,-240,0.34,0.428,0.3479,Over,175,-0.0157,-4.3,0.3479,Over,3,2,,2026-10-08T14:59:01.266685-04:00,2026-10-08 14:59,2026-10-08 17:21,2026-10-01,,,
2026-10-08,2026020063,SJS @ STL,8477402,Pavel Buchnevich,STL,SJS,L,points,0.5,115,-155,0.4335,0.585,0.443,Over,115,-0.0221,-4.8,0.443,Over,3,2,,2026-10-08T14:59:01.266685-04:00,2026-10-08 14:59,2026-10-08 17:21,2026-10-01,,,
2026-10-08,2026020063,SJS @ STL,8481598,Philip Broberg,STL,SJS,D,points,0.5,180,-250,0.3333,0.47,0.3752,Over,180,0.018,5.1,0.3752,Over,1,,,2026-10-08T14:59:01.266685-04:00,2026-10-08 14:59,2026-10-08 17:21,2026-10-01,,,
2026-10-08,2026020063,SJS @ STL,8480023,Robert Thomas,STL,SJS,C,points,0.5,-225,165,0.6472,1.086,0.6624,Over,-225,-0.0299,-4.3,0.6624,Over,1,1,,2026-10-08T14:59:01.266685-04:00,2026-10-08 14:59,2026-10-08 17:21,2026-10-01,,,
2026-10-08,2026020063,SJS @ STL,8484227,Will Smith,SJS,STL,C,points,0.5,-140,105,0.5446,0.786,0.5443,Under,105,-0.0321,-6.6,0.5443,Under,1,1,,2026-10-08T14:59:01.266685-04:00,2026-10-08 14:59,2026-10-08 17:21,2026-10-01,,,
2026-10-08,2026020063,SJS @ STL,8484790,Adam Jiricek,STL,SJS,D,shots,1.5,-195,145,0.6182,2.351,0.6808,Over,-195,0.0198,3.0,0.6808,Over,1,1,,2026-10-08T14:59:01.266685-04:00,2026-10-08 14:59,2026-10-08 17:21,2026-10-01,,,
2026-10-08,2026020063,SJS @ STL,8476892,Colton Parayko,STL,SJS,D,shots,1.5,-115,-115,0.5,1.329,0.3833,Under,-115,0.0818,15.3,0.3833,Under,2,,,2026-10-08T14:59:01.266685-04:00,2026-10-08 14:59,2026-10-08 17:21,2026-10-01,,,
2026-10-08,2026020063,SJS @ STL,8481580,Connor McMichael,STL,SJS,L,shots,1.5,-105,-140,0.4675,1.838,0.5483,Over,-105,0.0361,7.0,0.5483,Over,2,2,,2026-10-08T14:59:01.266685-04:00,2026-10-08 14:59,2026-10-08 17:21,2026-10-01,,,
2026-10-08,2026020063,SJS @ STL,8484164,Dalibor Dvorsky,STL,SJS,R,shots,1.5,105,-140,0.4554,1.317,0.3793,Under,-140,0.0374,6.4,0.3793,Under,3,2,,2026-10-08T14:59:01.266685-04:00,2026-10-08 14:59,2026-10-08 17:21,2026-10-01,,,
2026-10-08,2026020063,SJS @ STL,8477498,Darnell Nurse,SJS,STL,D,shots,1.5,-125,-105,0.5203,1.685,0.5022,Under,-105,-0.0144,-2.8,0.5022,Under,1,,,2026-10-08T14:59:01.266685-04:00,2026-10-08 14:59,2026-10-08 17:21,2026-10-01,,,
2026-10-08,2026020063,SJS @ STL,8482077,Dylan Holloway,STL,SJS,L,shots,2.5,-165,125,0.5835,2.906,0.5554,Under,125,0.0001,0.0,0.5554,Under,1,1,,2026-10-08T14:59:01.266685-04:00,2026-10-08 14:59,2026-10-08 17:21,2026-10-01,,,
2026-10-08,2026020063,SJS @ STL,8484994,Igor Chernyshov,SJS,STL,L,shots,1.5,-110,-120,0.4899,1.911,0.5693,Over,-110,0.0455,8.7,0.5693,Over,1,1,,2026-10-08T14:59:01.266685-04:00,2026-10-08 14:59,2026-10-08 17:21,2026-10-01,,,
2026-10-08,2026020063,SJS @ STL,8476885,Jacob Trouba,SJS,STL,D,shots,1.5,110,-145,0.4459,1.378,0.4004,Under,-145,0.0078,1.3,0.4004,Under,2,,,2026-10-08T14:59:01.266685-04:00,2026-10-08 14:59,2026-10-08 17:21,2026-10-01,,,
2026-10-08,2026020063,SJS @ STL,8483516,Jimmy Snuggerud,STL,SJS,R,shots,2.5,-160,120,0.5752,2.967,0.5694,Under,120,-0.0239,-5.3,0.5694,Under,1,1,,2026-10-08T14:59:01.266685-04:00,2026-10-08 14:59,2026-10-08 17:21,2026-10-01,,,
2026-10-08,2026020063,SJS @ STL,8480748,Kiefer Sherwood,SJS,STL,L,shots,1.5,-165,125,0.5835,1.819,0.5429,Under,125,0.0126,2.8,0.5429,Under,2,2,,2026-10-08T14:59:01.266685-04:00,2026-10-08 14:59,2026-10-08 17:21,2026-10-01,,,
2026-10-08,2026020063,SJS @ STL,8478975,Mason Marchment,SJS,STL,L,shots,1.5,-140,105,0.5446,1.854,0.5531,Over,-140,-0.0302,-5.2,0.5531,Over,1,2,,2026-10-08T14:59:01.266685-04:00,2026-10-08 14:59,2026-10-08 17:21,2026-10-01,,,
2026-10-08,2026020063,SJS @ STL,8482745,Mason McTavish,STL,SJS,C,shots,2.5,130,-185,0.4011,2.221,0.3828,Under,-185,-0.0319,-4.9,0.3828,Under,2,2,,2026-10-08T14:59:01.266685-04:00,2026-10-08 14:59,2026-10-08 17:21,2026-10-01,,,
2026-10-08,2026020063,SJS @ STL,8477402,Pavel Buchnevich,STL,SJS,L,shots,1.5,-125,-105,0.5203,1.569,0.4648,Under,-105,0.023,4.5,0.4648,Under,3,2,,2026-10-08T14:59:01.266685-04:00,2026-10-08 14:59,2026-10-08 17:21,2026-10-01,,,
2026-10-08,2026020063,SJS @ STL,8480023,Robert Thomas,STL,SJS,C,shots,1.5,-145,110,0.5541,2.12,0.6256,Over,-145,0.0337,5.7,0.6256,Over,1,1,,2026-10-08T14:59:01.266685-04:00,2026-10-08 14:59,2026-10-08 17:21,2026-10-01,,,
2026-10-08,2026020063,SJS @ STL,8475726,Tyler Toffoli,SJS,STL,C,shots,1.5,-110,-125,0.4853,1.745,0.5206,Over,-110,-0.0032,-0.6,0.5206,Over,3,2,,2026-10-08T14:59:01.266685-04:00,2026-10-08 14:59,2026-10-08 17:21,2026-10-01,,,
2026-10-08,2026020063,SJS @ STL,8484227,Will Smith,SJS,STL,C,shots,2.5,135,-180,0.3983,2.276,0.3975,Under,-180,-0.0404,-6.3,0.3975,Under,1,1,,2026-10-08T14:59:01.266685-04:00,2026-10-08 14:59,2026-10-08 17:21,2026-10-01,,,
2026-10-08,2026020064,COL @ CGY,8477476,Artturi Lehkonen,COL,CGY,L,points,0.5,105,-135,0.4592,0.791,0.5467,Over,105,0.0588,12.1,0.5467,Over,1,2,,2026-10-08T14:59:01.266685-04:00,2026-10-08 14:59,2026-10-08 20:31,2026-10-01,,,
2026-10-08,2026020064,COL @ CGY,8475754,Brock Nelson,COL,CGY,C,points,0.5,-115,-115,0.5,0.711,0.5087,Over,-115,-0.0261,-4.9,0.5087,Over,2,2,,2026-10-08T14:59:01.266685-04:00,2026-10-08 14:59,2026-10-08 20:31,2026-10-01,,,
2026-10-08,2026020064,COL @ CGY,8480069,Cale Makar,COL,CGY,D,points,0.5,-240,175,0.66,0.899,0.5932,Under,175,0.0432,11.9,0.5932,Under,1,1,,2026-10-08T14:59:01.266685-04:00,2026-10-08 14:59,2026-10-08 20:31,2026-10-01,,,
2026-10-08,2026020064,COL @ CGY,8478038,Devon Toews,COL,CGY,D,points,0.5,120,-160,0.4248,0.515,0.4023,Under,-160,-0.0177,-2.9,0.4023,Under,1,2,,2026-10-08T14:59:01.266685-04:00,2026-10-08 14:59,2026-10-08 20:31,2026-10-01,,,
2026-10-08,2026020064,COL @ CGY,8476455,Gabriel Landeskog,COL,CGY,L,points,0.5,100,-130,0.4694,0.629,0.4669,Under,-130,-0.0321,-5.7,0.4669,Under,2,2,,2026-10-08T14:59:01.266685-04:00,2026-10-08 14:59,2026-10-08 20:31,2026-10-01,,,
2026-10-08,2026020064,COL @ CGY,8475768,Jaden Schwartz,COL,CGY,L,points,0.5,165,-220,0.3544,0.516,0.4033,Over,165,0.0259,6.9,0.4033,Over,3,2,,2026-10-08T14:59:01.266685-04:00,2026-10-08 14:59,2026-10-08 20:31,2026-10-01,,,
2026-10-08,2026020064,COL @ CGY,8480797,Joel Farabee,CGY,COL,L,points,0.5,115,-150,0.4367,0.569,0.434,Under,-150,-0.034,-5.7,0.434,Under,2,1,,2026-10-08T14:59:01.266685-04:00,2026-10-08 14:59,2026-10-08 20:31,2026-10-01,,,
2026-10-08,2026020064,COL @ CGY,8480039,Martin Necas,COL,CGY,C,points,1.5,130,-175,0.4059,1.18,0.3303,Under,-175,0.0334,5.2,0.3303,Under,1,1,,2026-10-08T14:59:01.266685-04:00,2026-10-08 14:59,2026-10-08 20:31,2026-10-01,,,
2026-10-08,2026020064,COL @ CGY,8482679,Matt Coronato,CGY,COL,R,points,0.5,-125,-105,0.5203,0.66,0.4833,Under,-105,0.0046,0.9,0.4833,Under,1,1,,2026-10-08T14:59:01.266685-04:00,2026-10-08 14:59,2026-10-08 20:31,2026-10-01,,,
2026-10-08,2026020064,COL @ CGY,8484860,Matvei Gridin,CGY,COL,R,points,0.5,100,-130,0.4694,0.638,0.4715,Over,100,-0.0285,-5.7,0.4715,Over,1,1,,2026-10-08T14:59:01.266685-04:00,2026-10-08 14:59,2026-10-08 20:31,2026-10-01,,,
2026-10-08,2026020064,COL @ CGY,8474150,Mikael Backlund,CGY,COL,C,points,0.5,170,-230,0.347,0.477,0.3796,Over,170,0.0092,2.5,0.3796,Over,2,,,2026-10-08T14:59:01.266685-04:00,2026-10-08 14:59,2026-10-08 20:31,2026-10-01,,,
2026-10-08,2026020064,COL @ CGY,8480028,Morgan Frost,CGY,COL,C,points,0.5,-105,-130,0.4754,0.596,0.4491,Under,-130,-0.0143,-2.5,0.4491,Under,1,1,,2026-10-08T14:59:01.266685-04:00,2026-10-08 14:59,2026-10-08 20:31,2026-10-01,,,
2026-10-08,2026020064,COL @ CGY,8477492,Nathan MacKinnon,COL,CGY,C,points,1.5,-130,-115,0.5138,1.307,0.3758,Under,-115,0.0893,16.7,0.3758,Under,1,1,,2026-10-08T14:59:01.266685-04:00,2026-10-08 14:59,2026-10-08 20:31,2026-10-01,,,
2026-10-08,2026020064,COL @ CGY,8475172,Nazem Kadri,COL,CGY,C,points,0.5,-145,110,0.5541,0.706,0.5066,Under,110,0.0172,3.6,0.5066,Under,2,1,,2026-10-08T14:59:01.266685-04:00,2026-10-08 14:59,2026-10-08 20:31,2026-10-01,,,
2026-10-08,2026020064,COL @ CGY,8484258,Sam Malinski,COL,CGY,D,points,0.5,170,-230,0.347,0.39,0.3227,Under,-230,-0.0196,-2.8,0.3227,Under,2,,,2026-10-08T14:59:01.266685-04:00,2026-10-08 14:59,2026-10-08 20:31,2026-10-01,,,
2026-10-08,2026020064,COL @ CGY,8486171,T.J. Hughes,COL,CGY,R,points,0.5,120,-160,0.4248,0.594,0.448,Over,120,-0.0065,-1.4,0.448,Over,3,1,,2026-10-08T14:59:01.266685-04:00,2026-10-08 14:59,2026-10-08 20:31,2026-10-01,,,
2026-10-08,2026020064,COL @ CGY,8484768,Zayne Parekh,CGY,COL,D,points,0.5,130,-175,0.4059,0.374,0.3123,Under,-175,0.0513,8.1,0.3123,Under,3,1,,2026-10-08T14:59:01.266685-04:00,2026-10-08 14:59,2026-10-08 20:31,2026-10-01,,,
2026-10-08,2026020064,COL @ CGY,8477476,Artturi Lehkonen,COL,CGY,L,shots,1.5,-160,120,0.5752,2.11,0.6228,Over,-160,0.0074,1.2,0.6228,Over,1,2,,2026-10-08T14:59:01.266685-04:00,2026-10-08 14:59,2026-10-08 20:31,2026-10-01,,,
2026-10-08,2026020064,COL @ CGY,8470613,Brent Burns,COL,CGY,D,shots,1.5,-145,110,0.5541,1.491,0.439,Under,110,0.0848,17.8,0.439,Under,3,,,2026-10-08T14:59:01.266685-04:00,2026-10-08 14:59,2026-10-08 20:31,2026-10-01,,,
2026-10-08,2026020064,COL @ CGY,8475754,Brock Nelson,COL,CGY,C,shots,1.5,-160,120,0.5752,1.825,0.5445,Under,120,0.001,0.2,0.5445,Under,2,2,,2026-10-08T14:59:01.266685-04:00,2026-10-08 14:59,2026-10-08 20:31,2026-10-01,,,
2026-10-08,2026020064,COL @ CGY,8480069,Cale Makar,COL,CGY,D,shots,2.5,-125,-105,0.5203,2.629,0.4889,Under,-105,-0.0011,-0.2,0.4889,Under,1,1,,2026-10-08T14:59:01.266685-04:00,2026-10-08 14:59,2026-10-08 20:31,2026-10-01,,,
2026-10-08,2026020064,COL @ CGY,8478038,Devon Toews,COL,CGY,D,shots,1.5,-120,-110,0.5101,1.692,0.5044,Under,-110,-0.0282,-5.4,0.5044,Under,1,2,,2026-10-08T14:59:01.266685-04:00,2026-10-08 14:59,2026-10-08 20:31,2026-10-01,,,
2026-10-08,2026020064,COL @ CGY,8476455,Gabriel Landeskog,COL,CGY,L,shots,1.5,-165,125,0.5835,1.951,0.5807,Under,125,-0.0251,-5.7,0.5807,Under,2,2,,2026-10-08T14:59:01.266685-04:00,2026-10-08 14:59,2026-10-08 20:31,2026-10-01,,,
2026-10-08,2026020064,COL @ CGY,8480797,Joel Farabee,CGY,COL,L,shots,1.5,-115,-115,0.5,1.962,0.5837,Over,-115,0.0488,9.1,0.5837,Over,2,1,,2026-10-08T14:59:01.266685-04:00,2026-10-08 14:59,2026-10-08 20:31,2026-10-01,,,
2026-10-08,2026020064,COL @ CGY,8480039,Martin Necas,COL,CGY,C,shots,2.5,-160,100,0.5517,2.758,0.5205,Under,100,-0.0205,-4.1,0.5205,Under,1,1,,2026-10-08T14:59:01.266685-04:00,2026-10-08 14:59,2026-10-08 20:31,2026-10-01,,,
2026-10-08,2026020064,COL @ CGY,8482679,Matt Coronato,CGY,COL,R,shots,2.5,-105,-125,0.4797,2.61,0.4841,Over,-105,-0.0281,-5.5,0.4841,Over,1,1,,2026-10-08T14:59:01.266685-04:00,2026-10-08 14:59,2026-10-08 20:31,2026-10-01,,,
2026-10-08,2026020064,COL @ CGY,8484860,Matvei Gridin,CGY,COL,R,shots,1.5,-170,130,0.5915,2.227,0.6519,Over,-170,0.0223,3.5,0.6519,Over,1,1,,2026-10-08T14:59:01.266685-04:00,2026-10-08 14:59,2026-10-08 20:31,2026-10-01,,,
2026-10-08,2026020064,COL @ CGY,8474150,Mikael Backlund,CGY,COL,C,shots,1.5,-160,120,0.5752,1.803,0.5381,Under,120,0.0073,1.6,0.5381,Under,2,,,2026-10-08T14:59:01.266685-04:00,2026-10-08 14:59,2026-10-08 20:31,2026-10-01,,,
2026-10-08,2026020064,COL @ CGY,8480028,Morgan Frost,CGY,COL,C,shots,1.5,-135,100,0.5347,1.951,0.5805,Over,-135,0.006,1.1,0.5805,Over,1,1,,2026-10-08T14:59:01.266685-04:00,2026-10-08 14:59,2026-10-08 20:31,2026-10-01,,,
2026-10-08,2026020064,COL @ CGY,8477492,Nathan MacKinnon,COL,CGY,C,shots,3.5,-140,105,0.5446,3.676,0.5009,Under,105,0.0113,2.3,0.5009,Under,1,1,,2026-10-08T14:59:01.266685-04:00,2026-10-08 14:59,2026-10-08 20:31,2026-10-01,,,
2026-10-08,2026020064,COL @ CGY,8475172,Nazem Kadri,COL,CGY,C,shots,2.5,115,-160,0.4305,2.758,0.5205,Over,115,0.0553,11.9,0.5205,Over,2,1,,2026-10-08T14:59:01.266685-04:00,2026-10-08 14:59,2026-10-08 20:31,2026-10-01,,,
2026-10-08,2026020064,COL @ CGY,8484258,Sam Malinski,COL,CGY,D,shots,1.5,-165,125,0.5835,1.791,0.5344,Under,125,0.0212,4.8,0.5344,Under,2,,,2026-10-08T14:59:01.266685-04:00,2026-10-08 14:59,2026-10-08 20:31,2026-10-01,,,
2026-10-08,2026020064,COL @ CGY,8486171,T.J. Hughes,COL,CGY,R,shots,1.5,-160,100,0.5517,2.059,0.6099,Over,-160,-0.0055,-0.9,0.6099,Over,3,1,,2026-10-08T14:59:01.266685-04:00,2026-10-08 14:59,2026-10-08 20:31,2026-10-01,,,
2026-10-08,2026020064,COL @ CGY,8481068,Yegor Sharangovich,CGY,COL,C,shots,1.5,100,-130,0.4694,1.684,0.5019,Over,100,0.0019,0.4,0.5019,Over,2,2,,2026-10-08T14:59:01.266685-04:00,2026-10-08 14:59,2026-10-08 20:31,2026-10-01,,,
2026-10-08,2026020064,COL @ CGY,8484768,Zayne Parekh,CGY,COL,D,shots,1.5,-115,-115,0.5,1.695,0.5053,Over,-115,-0.0296,-5.5,0.5053,Over,3,1,,2026-10-08T14:59:01.266685-04:00,2026-10-08 14:59,2026-10-08 20:31,2026-10-01,,,
2026-10-08,2026020065,TOR @ VGK,8479318,Auston Matthews,TOR,VGK,C,points,0.5,-195,145,0.6182,0.994,0.63,Over,-195,-0.031,-4.7,0.63,Over,1,1,,2026-10-08T14:59:01.266685-04:00,2026-10-08 14:59,2026-10-08 20:31,2026-10-01,,,
2026-10-08,2026020065,TOR @ VGK,8479353,Brett Howden,VGK,TOR,C,points,0.5,125,-165,0.4165,0.556,0.4264,Over,125,-0.018,-4.1,0.4264,Over,2,,,2026-10-08T14:59:01.266685-04:00,2026-10-08 14:59,2026-10-08 20:31,2026-10-01,,,
2026-10-08,2026020065,TOR @ VGK,8478178,Darren Raddysh,TOR,VGK,D,points,0.5,-105,-125,0.4797,0.729,0.5177,Over,-105,0.0055,1.1,0.5173,Over,2,1,,2026-10-08T14:59:01.266685-04:00,2026-10-08 14:59,2026-10-08 20:31,2026-10-01,,,
2026-10-08,2026020065,TOR @ VGK,8484158,Easton Cowan,TOR,VGK,R,points,0.5,130,-175,0.4059,0.541,0.4179,Over,130,-0.0169,-3.9,0.3779,Under,2,2,,2026-10-08T14:59:01.266685-04:00,2026-10-08 14:59,2026-10-08 20:31,2026-10-01,,,
2026-10-08,2026020065,TOR @ VGK,8486067,Gavin McKenna,TOR,VGK,L,points,0.5,165,-225,0.3528,0.411,0.3373,Under,-225,-0.0296,-4.3,0.4322,Over,3,2,,2026-10-08T14:59:01.266685-04:00,2026-10-08 14:59,2026-10-08 20:31,2026-10-01,,,
2026-10-08,2026020065,TOR @ VGK,8477964,Ivan Barbashev,VGK,TOR,L,points,0.5,-110,-120,0.4899,0.76,0.5325,Over,-110,0.0087,1.7,0.5093,Over,1,2,,2026-10-08T14:59:01.266685-04:00,2026-10-08 14:59,2026-10-08 20:31,2026-10-01,,,
2026-10-08,2026020065,TOR @ VGK,8478403,Jack Eichel,VGK,TOR,C,points,1.5,110,-145,0.4459,1.239,0.3515,Under,-145,0.0566,9.6,0.3515,Under,1,1,,2026-10-08T14:59:01.266685-04:00,2026-10-08 14:59,2026-10-08 20:31,2026-10-01,,,
2026-10-08,2026020065,TOR @ VGK,8478458,Jack Roslovic,TOR,VGK,C,points,0.5,145,-195,0.3818,0.621,0.4628,Over,145,0.0546,13.4,0.4628,Over,1,2,,2026-10-08T14:59:01.266685-04:00,2026-10-08 14:59,2026-10-08 20:31,2026-10-01,,,
2026-10-08,2026020065,TOR @ VGK,8475166,John Tavares,TOR,VGK,C,points,0.5,-115,-115,0.5,0.832,0.5647,Over,-115,0.0298,5.6,0.5639,Over,2,1,,2026-10-08T14:59:01.266685-04:00,2026-10-08 14:59,2026-10-08 20:31,2026-10-01,,,
2026-10-08,2026020065,TOR @ VGK,8480893,Kirill Marchenko,TOR,VGK,R,points,0.5,-140,105,0.5446,0.906,0.596,Over,-140,0.0127,2.2,0.596,Over,1,1,,2026-10-08T14:59:01.266685-04:00,2026-10-08 14:59,2026-10-08 20:31,2026-10-01,,,
2026-10-08,2026020065,TOR @ VGK,8475913,Mark Stone,VGK,TOR,R,points,0.5,-240,175,0.66,1.097,0.6662,Over,-240,-0.0397,-5.6,0.6662,Over,1,1,,2026-10-08T14:59:01.266685-04:00,2026-10-08 14:59,2026-10-08 20:31,2026-10-01,,,
2026-10-08,2026020065,TOR @ VGK,8478483,Mitch Marner,VGK,TOR,R,points,1.5,130,-170,0.4085,1.026,0.274,Under,-170,0.0964,15.3,0.274,Under,2,1,,2026-10-08T14:59:01.266685-04:00,2026-10-08 14:59,2026-10-08 20:31,2026-10-01,,,
2026-10-08,2026020065,TOR @ VGK,8476853,Morgan Rielly,TOR,VGK,D,points,0.5,165,-220,0.3544,0.424,0.3458,Under,-220,-0.0333,-4.8,0.3454,Under,2,2,,2026-10-08T14:59:01.266685-04:00,2026-10-08 14:59,2026-10-08 20:31,2026-10-01,,,
2026-10-08,2026020065,TOR @ VGK,8477426,Nick Paul,TOR,VGK,L,points,0.5,200,-275,0.3125,0.426,0.3466,Over,200,0.0133,4.0,0.3476,Over,3,2,,2026-10-08T14:59:01.266685-04:00,2026-10-08 14:59,2026-10-08 20:31,2026-10-01,,,
2026-10-08,2026020065,TOR @ VGK,8478396,Noah Hanifin,VGK,TOR,D,points,0.5,200,-275,0.3125,0.325,0.2773,Under,-275,-0.0106,-1.4,0.2811,Under,3,,,2026-10-08T14:59:01.266685-04:00,2026-10-08 14:59,2026-10-08 20:31,2026-10-01,,,
2026-10-08,2026020065,TOR @ VGK,8477447,Shea Theodore,VGK,TOR,D,points,0.5,140,-190,0.3887,0.654,0.4799,Over,140,0.0632,15.2,0.4799,Over,1,2,,2026-10-08T14:59:01.266685-04:00,2026-10-08 14:59,2026-10-08 20:31,2026-10-01,,,
2026-10-08,2026020065,TOR @ VGK,8476881,Tomas Hertl,VGK,TOR,C,points,0.5,-175,130,0.5941,0.762,0.5332,Under,130,0.032,7.4,0.5393,Under,3,1,,2026-10-08T14:59:01.266685-04:00,2026-10-08 14:59,2026-10-08 20:31,2026-10-01,,,
2026-10-08,2026020065,TOR @ VGK,8484803,Trevor Connelly,VGK,TOR,L,points,0.5,115,-155,0.4335,0.598,0.4501,Over,115,-0.015,-3.2,0.3594,Under,3,1,,2026-10-08T14:59:01.266685-04:00,2026-10-08 14:59,2026-10-08 20:31,2026-10-01,,,
2026-10-08,2026020065,TOR @ VGK,8478109,Victor Olofsson,VGK,TOR,L,points,0.5,135,-185,0.396,0.487,0.3857,Under,-185,-0.0348,-5.4,0.4257,Over,,,out,2026-10-08T14:59:01.266685-04:00,2026-10-08 14:59,2026-10-08 20:31,2026-10-01,,,
2026-10-08,2026020065,TOR @ VGK,8476448,William Karlsson,VGK,TOR,C,points,0.5,120,-160,0.4248,0.649,0.4776,Over,120,0.0231,5.1,0.4776,Over,2,2,,2026-10-08T14:59:01.266685-04:00,2026-10-08 14:59,2026-10-08 20:31,2026-10-01,,,
2026-10-08,2026020065,TOR @ VGK,8477939,William Nylander,TOR,VGK,R,points,0.5,-165,125,0.5835,1.038,0.6458,Over,-165,0.0232,3.7,0.6449,Over,2,1,,2026-10-08T14:59:01.266685-04:00,2026-10-08 14:59,2026-10-08 20:31,2026-10-01,,,
2026-10-08,2026020065,TOR @ VGK,8479318,Auston Matthews,TOR,VGK,C,shots,2.5,-175,130,0.5941,3.237,0.6277,Over,-175,-0.0087,-1.4,0.6277,Over,1,1,,2026-10-08T14:59:01.266685-04:00,2026-10-08 14:59,2026-10-08 20:31,2026-10-01,,,
2026-10-08,2026020065,TOR @ VGK,8475188,Brayden McNabb,VGK,TOR,D,shots,1.5,100,-135,0.4653,1.471,0.4325,Under,-135,-0.007,-1.2,0.4325,Under,1,,,2026-10-08T14:59:01.266685-04:00,2026-10-08 14:59,2026-10-08 20:31,2026-10-01,,,
2026-10-08,2026020065,TOR @ VGK,8478178,Darren Raddysh,TOR,VGK,D,shots,2.5,105,-140,0.4554,2.233,0.3862,Under,-140,0.0305,5.2,0.3847,Under,2,1,,2026-10-08T14:59:01.266685-04:00,2026-10-08 14:59,2026-10-08 20:31,2026-10-01,,,
2026-10-08,2026020065,TOR @ VGK,8484158,Easton Cowan,TOR,VGK,R,shots,1.5,-140,105,0.5446,1.433,0.4195,Under,105,0.0927,19.0,0.3457,Under,2,2,,2026-10-08T14:59:01.266685-04:00,2026-10-08 14:59,2026-10-08 20:31,2026-10-01,,,
2026-10-08,2026020065,TOR @ VGK,8478403,Jack Eichel,VGK,TOR,C,shots,3.5,110,-150,0.4425,3.47,0.4568,Over,110,-0.0194,-4.1,0.4568,Over,1,1,,2026-10-08T14:59:01.266685-04:00,2026-10-08 14:59,2026-10-08 20:31,2026-10-01,,,
2026-10-08,2026020065,TOR @ VGK,8478458,Jack Roslovic,TOR,VGK,C,shots,1.5,-105,-130,0.4754,2.04,0.6046,Over,-105,0.0924,18.0,0.6046,Over,1,2,,2026-10-08T14:59:01.266685-04:00,2026-10-08 14:59,2026-10-08 20:31,2026-10-01,,,
2026-10-08,2026020065,TOR @ VGK,8478468,Jeremy Lauzon,VGK,TOR,D,shots,1.5,115,-155,0.4335,1.047,0.2815,Under,-155,0.1106,18.2,0.2905,Under,3,,,2026-10-08T14:59:01.266685-04:00,2026-10-08 14:59,2026-10-08 20:31,2026-10-01,,,
2026-10-08,2026020065,TOR @ VGK,8475166,John Tavares,TOR,VGK,C,shots,1.5,-150,115,0.5633,2.257,0.6591,Over,-150,0.0591,9.9,0.6568,Over,2,1,,2026-10-08T14:59:01.266685-04:00,2026-10-08 14:59,2026-10-08 20:31,2026-10-01,,,
2026-10-08,2026020065,TOR @ VGK,8480893,Kirill Marchenko,TOR,VGK,R,shots,2.5,115,-150,0.4367,2.733,0.5145,Over,115,0.0494,10.6,0.5145,Over,1,1,,2026-10-08T14:59:01.266685-04:00,2026-10-08 14:59,2026-10-08 20:31,2026-10-01,,,
2026-10-08,2026020065,TOR @ VGK,8475913,Mark Stone,VGK,TOR,R,shots,2.5,130,-175,0.4059,2.421,0.4357,Over,130,0.0009,0.2,0.4357,Over,1,1,,2026-10-08T14:59:01.266685-04:00,2026-10-08 14:59,2026-10-08 20:31,2026-10-01,,,
2026-10-08,2026020065,TOR @ VGK,8478483,Mitch Marner,VGK,TOR,R,shots,2.5,-125,-105,0.5203,2.502,0.4568,Under,-105,0.0311,6.1,0.4568,Under,2,1,,2026-10-08T14:59:01.266685-04:00,2026-10-08 14:59,2026-10-08 20:31,2026-10-01,,,
2026-10-08,2026020065,TOR @ VGK,8478396,Noah Hanifin,VGK,TOR,D,shots,1.5,100,-130,0.4694,1.398,0.4076,Under,-130,0.0272,4.8,0.4194,Under,3,,,2026-10-08T14:59:01.266685-04:00,2026-10-08 14:59,2026-10-08 20:31,2026-10-01,,,
2026-10-08,2026020065,TOR @ VGK,8476881,Tomas Hertl,VGK,TOR,C,shots,1.5,-175,130,0.5941,2.527,0.7182,Over,-175,0.0819,12.9,0.7418,Over,3,1,,2026-10-08T14:59:01.266685-04:00,2026-10-08 14:59,2026-10-08 20:31,2026-10-01,,,
2026-10-08,2026020065,TOR @ VGK,8478109,Victor Olofsson,VGK,TOR,L,shots,1.5,-110,-125,0.4853,1.901,0.5667,Over,-110,0.0429,8.2,0.6282,Over,,,out,2026-10-08T14:59:01.266685-04:00,2026-10-08 14:59,2026-10-08 20:31,2026-10-01,,,
2026-10-08,2026020065,TOR @ VGK,8476448,William Karlsson,VGK,TOR,C,shots,1.5,-170,130,0.5915,2.406,0.6928,Over,-170,0.0632,10.0,0.6928,Over,2,2,,2026-10-08T14:59:01.266685-04:00,2026-10-08 14:59,2026-10-08 20:31,2026-10-01,,,
2026-10-08,2026020065,TOR @ VGK,8477939,William Nylander,TOR,VGK,R,shots,2.5,130,-195,0.3968,2.394,0.4286,Over,130,-0.0061,-1.4,0.4256,Over,2,1,,2026-10-08T14:59:01.266685-04:00,2026-10-08 14:59,2026-10-08 20:31,2026-10-01,,,
